:020000040800F2
:1000000018050020E1020008598D00083986000813
:10001000518D000871070008E9AA000800000000DF
:100020000000000000000000000000002190000817
:10003000D90B000800000000C18D0008B193000832
:10004000FF020008FF020008FF020008FF0200088C
:10005000FF02000819900008FF020008FF020008D4
:10006000FF020008FF020008FF02000879070008ED
:1000700089070008FF020008FF020008FF020008CD
:10008000FF020008FF02000851070008FF020008F5
:10009000FF020008FF020008FF020008FF0200083C
:1000A000FF020008FF020008FF020008FF0200082C
:1000B00059950008FF02000869950008FF02000832
:1000C000FF020008FF020008FF020008FF0200080C
:1000D000FF020008B9AA0008FF020008FF0200089A
:1000E000FF020008FF0200080000000089950008D8
:1000F000FF020008FF020008FF020008FF020008DC
:10010000FF020008FF02000879950008FF020008BE
:10011000FF020008FF020008FF020008FF020008BB
:10012000FF020008FF020008FF020008FF020008AB
:10013000FF020008FF020008FF020008FF0200089B
:1001400000000000000000000000000000000000AF
:10015000FF020008FF020008FF020008FF0200087B
:10016000FF020008FF020008FF020008FF0200086B
:10017000FF020008FF020008FF0200080000000064
:10018000FF020008FF020008FF020008FF0200084B
:10019000FF020008FF020008FF020008FF0200083B
:1001A000FF020008FF020008FF0200080000000034
:1001B000FF020008FF020008FF020008FF0200081B
:1001C000FF020008FF02000800000000000000001D
:1001D0000000000000000000FF0200080000000016
:1001E000000000000000000000000000000000000F
:1001F0000000000000000000FF020008FF020008ED
:10020000FF020008FF02000800000000FF020008D3
:10021000FF020008FF020008FF020008FF020008BA
:10022000FF02000800000000FF02000800000000BC
:10023000FF020008FF02000800000000FF020008A3
:10024000FF020008FF020008FF020008FF0200088A
:10025000FF020008FF020008FF020008FF0200087A
:10026000FF020008FF020008FF020008FF0200086A
:10027000FF020008FF020008FF0200080000000063
:10028000FF020008FF020008FF020008FF0200084A
:1002900000000000FF020008FF020008000000004C
:1002A00000000000FF020008FF020008FF02000833
:1002B000FF020008FF020008FF020008FF0200081A
:1002C000FF020008FF020008FF020008DFF80CD060
:1002D00000F0A8F80048004771AF0008180500209A
:1002E000074880470748804707480047FEE7FEE782
:1002F000FEE7FEE7FEE7FEE7FEE7FEE7FEE7FEE7D6
:10030000D10F000881940008CD0200082DE9F05FAC
:100310000546002092469B46884606468146402474
:100320001BE0284641464746224600F041F8534626
:100330005A46C01A914110D311461846224600F081
:1003400028F82D1A67EB01084F46224601200021AC
:1003500000F01FF817EB00094E41201EA4F1010424
:10036000DFDC484631462A464346BDE8F09FD2B21C
:1003700001E000F8012B491EFBD270470022F6E78E
:1003800010B513460A4604461946FFF7F0FF20460B
:1003900010BD202A04DB203A00FA02F10020704749
:1003A0009140C2F1200320FA03F3194390407047B3
:1003B000202A04DB203A21FA02F00021704721FABA
:1003C00002F3D040C2F12002914008431946704721
:1003D000F0B400F0004221F0004120F00040CE0DCA
:1003E000C30DC1F3160141F40001C0F316004C42E5
:1003F000154640F40000761E09E010EB440002D5DB
:1004000082F0004240428842F7D840005B1EB3426F
:10041000F9DA18B1F0BC002100F01FB82846F0BC92
:1004200070470000064C074D06E0E06840F001030D
:1004300094E8070098471034AC42F6D3FFF74AFF20
:100440001CC000085CC000080029A8BF7047401C01
:10045000490008BF20F00100704710B4B0FA80FCDA
:1004600000FA0CF050EA010404BF10BC704749B117
:10047000CCF1200421FA04F411FA0CF118BF012187
:1004800021430843A3EB0C01CB1D4FEA00614FEA67
:10049000102042BF002010BC704700EBC350104436
:1004A0000029A4BF10BC7047401C490008BF20F0C1
:1004B000010010BC7047000010B50446006842F20D
:1004C000001140F48070C4F20201884218D142F257
:1004D0000830C4F20200006810F4403F18D005F064
:1004E0007BF86168B1F5803F05D0B1F5403F2BD076
:1004F000B1F5003F29D1090CB0FBF1F025E000BFB8
:1005000046F20830C5F60200006810F4403FE6D11C
:100510004FF40020002103F0D3FF6168A1F5802291
:100520004FEAB2420A2A10D8DFE802F006060606B1
:1005300006063C3E404244006FF0010202EA51418F
:10054000B0FBF1F001E000BF80084BF62141C0F2A2
:10055000BE01884206D82068816821F4407181601C
:1005600010BD00BF47F64101C0F27D11884207D897
:1005700020680122816862F30921816010BD00BFFB
:1005800021684FF28102C0F2FA229042886805D8B1
:10059000022262F30920886010BD00BF40F4407061
:1005A000886010BD0009D0E74009CEE78009CCE79C
:1005B000C009CAE7000AC8E740F260009FED0E1AC2
:1005C000C2F200409FED0E2A90ED000AB8EE400AFC
:1005D00020EE010A9FED091A20EE010AB0EE001A82
:1005E000A0EE012A9FED070A82EE000A80ED020AC2
:1005F00090ED020A704700BF33335340000080374C
:10060000EC5138C0EC51B8BE40F260009FED0E1ABC
:10061000C2F200409FED0E2A90ED010AB8EE400AAA
:1006200020EE010A9FED091A20EE010AB0EE001A31
:10063000A0EE012A9FED070A82EE000A80ED030A70
:1006400090ED030A704700BF3333534000008037FA
:10065000EC5138C0EC51B8BE40F26000C2F200402C
:1006600090ED020A90ED031A30EE010AB1EE400A55
:1006700080ED040A90ED040A7047000000000000BD
:1006800080B540F2E800C2F2004001F075F940F296
:100690007800C2F20040BDE8804001F06DB9000072
:1006A000F0B581B0044600688168C9074CD14FF6A7
:1006B000C0778168C7F6FF7707F17F0211420BD040
:1006C000206E40F010002066606E40F00100606611
:1006D000012001B0F0BD00BF8168394041F0010147
:1006E000816003F0B1FB42F2000346F20836C4F227
:1006F0000203216803F5807203F54275C5F6020610
:10070000914208BF2E46994208BF2E46994205469F
:10071000306816D0914214D110F01F0014D110E0AF
:100720008868C00704D18868384040F001008860BC
:1007300003F08AFB401B2168032802D30868C00726
:10074000BED00868C007EBD0002001B0F0BD0000AB
:1007500080B540F27800C2F2004001F009FA40F2A0
:10076000E800C2F20040BDE8804001F001BA00009C
:10077000FEE700000000000040F25810C2F2004006
:1007800002F04AB90000000040F2D010C2F200406E
:1007900002F042B90000000040F20F42D0F800C061
:1007A000C4F20202944511DC6F22C4F202029445A5
:1007B00022DC3F22C4F20202944539DC1022C4F24A
:1007C000020294455AD0282254E000BF40F26F4202
:1007D000C4F2020294451BDC40F23F42C4F2020222
:1007E00094452DDC40F21042C4F20202944545D0FB
:1007F00040F228423EE000BF9F22C4F2020294452C
:1008000028DC7022C4F20202944537D0882231E0FD
:1008100040F29F42C4F20202944523DC40F270424F
:10082000C4F20202944529D040F2884222E000BF7F
:100830004022C4F20202944520D058221AE000BFA0
:1008400040F24042C4F20202944517D040F25842AE
:1008500010E000BFA022C4F2020294450ED0B822DC
:1008600008E000BF40F2B842C4F20202944505D04D
:1008700040F2A042C4F20202944517D10CF0F802F3
:100880004AF6AB23103ACAF6AA23A2FB03310AA305
:100890005F2AC1F302115B5C40F2FF312CEA0101D7
:1008A000C36588BF04318165084670472CF0FF019D
:1008B00081650846704700BF000610160006101636
:1008C00070B540F26F44D0F800C0C4F20204D0F812
:1008D00058E0A4451ADC9F25C4F20205AC4533DC80
:1008E0005725C4F20205AC455ADC1025C4F20205B6
:1008F000AC4500F098802825C4F20205AC4500F014
:1009000092804025C4F202058AE000BF45F22F45DF
:10091000C5F60205AC452DDC40F2B745C4F2020530
:10092000AC454BDC40F27045C4F20205AC457AD0D0
:1009300040F28845C4F20205AC4574D040F2A045AF
:10094000C4F202056CE000BF40F22745C4F2020584
:10095000AC4543DCA025C4F20205AC4563D0B82504
:10096000C4F20205AC455ED040F21045C4F2020567
:1009700056E000BF45F26B45C5F60205AC453FDCCD
:1009800045F23045C5F60205AC454CD045F244452C
:10099000C5F60205AC4546D045F258453EE000BFDD
:1009A0005825C4F20205AC453DD07025C4F20205BD
:1009B000AC4538D08825C4F2020531E040F2B84594
:1009C000C4F20205AC452ED045F20845C5F6020535
:1009D000AC4528D045F21C4520E000BF40F2284538
:1009E000C4F20205AC451ED040F24045C4F20205F7
:1009F000AC4518D040F25845C4F2020510E000BFE3
:100A000045F26C45C5F60205AC450CD045F294455F
:100A1000C5F60205AC4506D045F28045C5F602058F
:100A2000AC4540F0D580456EC66E002E866E6E6079
:100A30001CBFD0E91C566E60A44515DC9F24C4F28F
:100A40000204A4452CDC5724C4F20204A44551DC62
:100A50001024C4F20204A4457AD02824C4F202046B
:100A6000A44575D040246FE045F22F44C5F602043A
:100A7000A44529DC40F2B744C4F20204A44545DC95
:100A800040F27044C4F20204A44561D040F28844AC
:100A9000C4F20204A4455BD040F2A04454E000BF7D
:100AA00040F22744C4F20204A4453FDCA024C4F26F
:100AB0000204A4454CD0B824C4F20204A44547D093
:100AC00040F2104440E000BF45F26B44C5F602041A
:100AD000A44555DC45F23044C5F60204A44561D076
:100AE00045F24444C5F60204A4455BD045F258449F
:100AF00054E000BF5824C4F20204A44528D0702456
:100B0000C4F20204A44523D088241DE040F2B84476
:100B1000C4F20204A4451BD045F20844C5F6020401
:100B2000A4453FD045F21C4438E000BF40F22844C1
:100B3000C4F20204A4450BD040F24044C4F20204C3
:100B4000A44505D040F25844C4F20204A4453FD164
:100B50008468C06D00F01F003F2505FA00F0CEF854
:100B60000800DCF80000402C20F48020CCF80000C5
:100B7000CCF8043023D0CCF80810CCF80C2070BD91
:100B800045F26C44C5F60204A4450BD045F28044FE
:100B9000C5F60204A44505D045F29444C5F6020406
:100BA000A44515D1C46D806804F01F0401254028B8
:100BB00005FA04F4CEF80440CCF8043004D1CCF8A3
:100BC0000820CCF80C1070BDCCF80810CCF80C2024
:100BD00070BD000000000000704700000000000031
:100BE000B0B52DED028B40F2E02540F23C04C2F29C
:100BF0000045C2F200449FED358A00212868F0EEDE
:100C0000480A416248F63750C3F6A770E06194ED98
:100C1000070A0AF0CBFB84ED070A94ED070AB5EE4C
:100C2000400AF1EE10FA05DA94ED070A30EE080AF0
:100C300084ED070A0120207684F820009FED241A15
:100C40002868F0EE480A406AA06000EE100AB8EE8C
:100C5000C00A80EE010A94ED071A00EE081A84ED2E
:100C6000031A94ED030A0AF0A1FB84ED030A94ED44
:100C7000030AB5EE400AF1EE10FA05DA94ED030A24
:100C800030EE080A84ED030AB1EE000A94ED031A6F
:100C90009FED0E8AF0EE480A21EE000A84ED040A68
:100CA00094ED040A0AF082FB84ED040A94ED040A30
:100CB000B5EE400AF1EE10FA05DA94ED040A30EED2
:100CC000080A84ED040ABDEC028BB0BDDB0FC940FD
:100CD00000401C460000000080B52DED028B40F264
:100CE0003C00C2F20040017E81B3B5EE001A90EDE7
:100CF000012A90ED030A9FED1A8AF0EE480A12EEDF
:100D0000010A0AF053FB9FED171A30EE011A9FED0E
:100D1000162AB4EE420A9FED152AF1EE10FA31FEC2
:100D2000000A30EE081AB4EE402AF1EE10FA31FE55
:100D3000000AB1EE001A20EE010A9FED0D1AB0EE86
:100D4000C00AB4EE410AF1EE10FA05DDBDEC028BEB
:100D5000BDE8804000F038B8BDEC028B80BD00BF1C
:100D6000DB0FC940DB0FC9C0DB0F4940DB0F49C0B7
:100D7000920A063F0000000010B540F2E0203C213E
:100D8000C2F2004005F0BCFD40F244000021C2F276
:100D90000000002405F01CFF40F23C00C2F20040BD
:100DA0008460C460046144610476C46180F82040BA
:100DB00010BD00000000000040F23C00C2F2004004
:100DC000007E704700000000B0B52DED028B40F2B0
:100DD0003C04C2F20044207E10B1BDEC028BB0BDD9
:100DE00040F2E02594ED010AC2F200459FED412A50
:100DF0009FED418A2868F0EE480A90ED091AB8EE96
:100E0000C11A81EE021AB5EE002A21EE081A00EE90
:100E1000021A84ED071A94ED070A0AF0C7FA84ED66
:100E2000070A9FED361A94ED070AB4EE410AF1EE77
:100E300010FA07DD94ED070A9FED311A30EE010A32
:100E400084ED070A94ED070A9FED2E1AB4EE410ACD
:100E5000F1EE10FA05DA94ED070A30EE080A84ED97
:100E6000070A28689FED281AF0EE480A406AA06039
:100E700000EE100AB8EEC00A80EE010A94ED071ADF
:100E800000EE081A84ED031A94ED030A0AF08EFAB4
:100E900084ED030A94ED030AB5EE400AF1EE10FA70
:100EA00005DA94ED030A30EE080A84ED030AB1EE88
:100EB000000A94ED031A9FED108AF0EE480A21EE25
:100EC000000A84ED040A94ED040A0AF06FFA84ED36
:100ED000040A94ED040AB5EE400AF1EE10FABFF6EA
:100EE0007CAF94ED040A30EE080A84ED040ABDECF0
:100EF000028BB0BD00401CC6DB0FC940DB0F494070
:100F0000DB0FC9C0DB0F49C000401C4600000000D9
:100F100010B52DED028B40F2E02040F23C04C2F20D
:100F200000409FED261AC2F200449FED258A00681A
:100F3000F0EE480A406AA06000EE100AB8EEC00A5F
:100F400080EE010A94ED071A00EE081A84ED031AE8
:100F500094ED030A0AF02AFA84ED030A94ED030AD9
:100F6000B5EE400AF1EE10FA05DA94ED030A30EE20
:100F7000080A84ED030AB1EE000A94ED031A9FED0E
:100F8000108AF0EE480A21EE000A84ED040A94ED7E
:100F9000040A0AF00BFA84ED040A94ED040AB5EE93
:100FA000400AF1EE10FA05DA94ED040A30EE080A70
:100FB00084ED040ABDEC028B10BD00BF00401C464E
:100FC000DB0FC9400000000072B600BFFEE7000062
:100FD00044F60400C5F60200816841F00201816018
:100FE0000168890409D4016889045CBF01685FEA6B
:100FF000814102D401688904F2D5704700000000E5
:10100000B0B52DED088BB0EE40AAB0EE410A0C460B
:101010000546B0EE418AB0EE609A09F01DFFB0EED1
:1010200040BAB0EE480A09F05FFF20EE491A2BEEF5
:10103000092AABEE0A1AA0EE0A2A85ED001A84ED01
:10104000002ABDEC088BB0BD40F23C00C2F200406B
:1010500090ED040A7047000040F23C00C2F20040EC
:1010600090ED030A7047000000688168826801F013
:10107000040102F0080289180AD14FF6FF72C16814
:10108000C7F6DF72114001F10041C16000207047D6
:1010900001207047000000007047000000000000C1
:1010A0002DE9F04F81B00022009290F85C20012AD7
:1010B00006D14FF00208404601B0BDE8F08F00BFF6
:1010C0000269002A4FF0010280F85C2002D04F6ACA
:1010D000012F19D14A68092A3DD10A68CB6A4FF419
:1010E000785707EA524223B103F07C030F6B3B436E
:1010F0001A43036844F20006C0F21046DF6C374022
:101100001743DF64826626E0C66E1EB1836E00223E
:101110000AE000BFCB6A7A1E23B103F07C030E6B9A
:1011200033431A4300233E46D1E9007505F01F05FD
:10113000C7F38467AF403A43771E42EA0302C0E92F
:101140001A2708D1036844F20006C0F21046DF6C8B
:1011500037403A43DA64036846F2083C4FF6FF7EB4
:10116000C5F6020C9A68C0F20F0E12072AD40A685C
:10117000002A13D4ACF54274A3420FD092FAA2F421
:1011800012EA0E0FB4FA84F408BF940E04F01F02A2
:10119000012404FA02F2DC692243DA61DA6891F888
:1011A000294091F82A50002C22F440144FEA45526D
:1011B00002D0224305E000BF91F8285044EA0554CC
:1011C0002243DA609A689C6802F0040204F0080482
:1011D000121915D1CA6ABAB10A6BAAB191F82920BD
:1011E000012A19D1026E4FF0010842F02002026676
:1011F00091F83440012C19D01C6924F0020429E034
:101200004FF0000894E100BF91F82920012ADA6824
:1012100003D142F0007202E0DA6822F000724FF06F
:101220000008DA6091F83440012CE5D1ACF5427445
:10123000A34200F0CB804FF61D651C69CFF6004538
:1012400002272C40CFF6FF77D1E90E56344307EB47
:1012500005452C431C610C6807278E68C4F3406564
:10126000C4F3045403EB8505A7406A6906FA04F445
:10127000BA43ACF54277BB4242EA04026A6131D01C
:1012800041F20002C5F60042126802F07042B2F16B
:10129000805F40F091804A69DC680E2505EA5404BD
:1012A00002FA04F40D69042D00F0D98003F1600204
:1012B0000E6806F0F84652F8257007F000473C43E8
:1012C000344342F825400C6991F8215052F82460CB
:1012D000012D26F0004608BF06F1004642F82460C2
:1012E00026E100BF4FF604520C69CFF6FF72042CC2
:1012F0004D695CF802607BD14FF65852CFF6FF7211
:101300005CF802201A6E0E68C2F3846216EA0E04BC
:10131000C6F3846596FAA6F6B6FA86F6374608BF8F
:101320002F46BA420CD11A6E22F000421A660A68A1
:1013300002EA0E04C2F3846592FAA2F2B2FA82F6CD
:101340005A6E37465A6E002C08BF2F46C2F384628D
:10135000BA420CD15A6E22F000425A660A6802EA7A
:101360000E04C2F3846592FAA2F2B2FA82F69A6E81
:1013700037469A6E002C08BF2F46C2F38462BA42E9
:101380000CD19A6E22F000429A660A6802EA0E04B4
:10139000C2F3846592FAA2F2B2FA82F6DA6E002CF7
:1013A000DA6E08BF2E46C2F38462B24240F0C080BB
:1013B000DA6E22F00042BAE0DA684C69DD68D206E3
:1013C0004FEA550544D405F00E0243E04FF60854A9
:1013D000CFF6FF745CF8045025F4FF75D1E90E6771
:1013E00035433D4345F002054CF8045033E700BF58
:1013F000ACF52A724FF2000BD1F800A0062752F884
:101400002490C0F2FF3B07EA96060AF0F84A09EA80
:101410000B07B5400AEB0706354345F0004542F897
:1014200024500C69CD6952F8246026F0807635434B
:1014300042F824500C6991F8205052F82460012D94
:1014400026F0007608BF06F1007642F824606FE0CF
:1014500005F0080294400D69042D7FF427AF1A6E41
:101460001A6E0C6814EA0E0994FAA4F7B7FA87F515
:10147000C4F384662F4608BF3746C2F38462BA427B
:101480000FD11A6E04F0F84402F0004222441A66AA
:101490000C6804EA0E09C4F3846694FAA4F2B2FA62
:1014A00082F55A6E2F465A6EB9F1000F08BF3746C3
:1014B000C2F38462BA420FD15A6E04F0F84402F0CB
:1014C000004222445A660C6804EA0E09C4F384669A
:1014D00094FAA4F2B2FA82F59A6E2F469A6EB9F196
:1014E000000F08BF3746C2F38462BA420FD1DA6EEA
:1014F00004F0F84402F000422244DA660C6804EA80
:101500000E09C4F3846694FAA4F2B2FA82F5DA6E94
:10151000B9F1000FDA6E08BF3546C2F38462AA4201
:1015200006D1DA6E04F0F84402F000422244DA6692
:101530009A68D20740F09681ACF542790D684B4528
:10154000CE680DD006F01802D3F8C0102EFA02F2C1
:1015500005EA0E07B9432A401143C3F8C01010E052
:101560004FF6A85106F01807CFF6FF712EFA07F7CD
:1015700005EA0E042F405CF80120A2433A434CF8E0
:1015800001200021C4F2527101F52D02964240F073
:10159000138146F20002C5F6020293423CD042F2A9
:1015A0000012C4F20202934226D042F20002C4F2B8
:1015B0000202934246D11F22C1F2F04295426BDDF6
:1015C00040F2FF72C2F63062954243DD40F60002FF
:1015D000C2F63062954200F0BF8041F20002C3F2D1
:1015E0006022954200F08C800022C4F221329542A4
:1015F00000F0CD80B6E000BF1F21C1F2F0418D4266
:1016000022DC0721C0F690418D4259DC0221C0F254
:1016100030418D424AD165E01F21C1F2F0418D4237
:1016200024DC0721C0F690418D426FDC0221C0F21C
:1016300030418D4256D00421C0F660018D423AD02F
:101640009AE000BF0021A2E040F2FF71C2F63061D3
:101650008D4249DC2021C1F2F0418D423CD040F264
:101660000041C2F600218D4211D07BE040F2FF71B3
:10167000C2F630618D425DDC2021C1F2F0418D4225
:101680002AD040F20041C2F600218D4274D140F6CA
:101690000001C2F630617AE00721C0F690418D4228
:1016A0000EDC0221C0F230418D421BD00421C0F675
:1016B00060018D4256D14021C1F6201167E000BF84
:1016C0000821C0F690418D4230D01021C1F2C001F6
:1016D0008D4225D046E000BF40F20021C2F2B05159
:1016E00055E000BF012152E040F60001C2F6306132
:1016F0008D4231D041F20001C3F260218D4231D1DF
:1017000042F20001C3F2906141E000BF0821C0F63F
:1017100090418D420AD01021C1F2C0018D422BD1DF
:1017200040F20011C2F2801131E000BF8021C1F609
:1017300050512CE040F60001C2F630618D420BD0D2
:1017400042F20001C3F290618D4215D144F20001D2
:10175000C3F6C0211BE000BF41F20001C3F26021CB
:1017600015E000BF00220021C4F68432954204BF78
:101770000021C4F6B8710AE044F200020021C3F669
:10178000C022954204BF48F20001C3F6F0614B4508
:1017900012D091FAA1F24FF6C137B2FA82F2C0F23A
:1017A0000A07394208BF8A0E02F01F01012202FA1D
:1017B00001F1DA691143D961B5F1FF3F52DC42F220
:1017C000001243F48071C4F20202914242F200011D
:1017D000C4F2020138D18A68D1F808711743FA07B8
:1017E0003AD101F5807201F542779342624608BF13
:1017F0003A468B4240F2000108BF3A46CCF25271A1
:1018000017688D4207F0E07108BF17F4000231D06D
:101810000022CCF22132954208BF17F0807245D0E9
:101820000022CCF6843295421CD117F4800208BF06
:101830004B4517D1DCF8002022F0E072114341F44F
:101840008001CCF800100DE04FF60052CFF6FF7289
:101850005CF80270FA07C4D0016E4FF0010841F045
:1018600020010166002180F85C10404601B0BDE80F
:10187000F08F00BF4B45F5D1DCF8002022F0E0727C
:10188000114342F6635241F40001CCF8001040F2DB
:101890000401C0F23E52C2F2004109688909A1FB6D
:1018A00002129109022202EB41010DE04B45D9D110
:1018B000DCF8002022F0E072114341F08071CCF896
:1018C0000010CFE700990139009100990029C9D093
:1018D00000990139009100990029C3D0009901397C
:1018E0000091009900291FBF0099013900910099CA
:1018F00018BF0029B6D0E5E710B542F20001006834
:10190000C4F20201884218BF10BD40F278000921DC
:10191000C2F2004000F010F840F260040921C2F267
:101920000044206040F2E800C2F2004000F004F8F9
:10193000606010BD0000000040F20F1291420DD017
:1019400040F2152291420DD040F21B3200689142C4
:1019500014BF80308C300068704700BF006884304E
:101960000068704700688830006870470000000019
:10197000704700000000000070B542F2001546F20A
:101980000833C4F202050446006805F50272C5F684
:101990000203A5F58071A84208BF1346884208BF1C
:1019A00013461E688168090710D4C168C06C10F422
:1019B000C07F07D1002905D4206E40F020002066AA
:1019C000012070BD94F85C00012801D1022070BD97
:1019D000012084F85C002046FEF762FE20B1002161
:1019E00084F85C1070BD00BF206EC00502D40020DA
:1019F00003E000BF606E20F00800606643F2010162
:101A0000206E884306F01F0100F580502066206894
:101A1000A84200D119B9226E22F4801222666022F7
:101A20000260002284F85C20C268920203D54268FA
:101A300042F48062426062696FF04003082A4FF00E
:101A4000200208BF6FF02003466808BF40223340E1
:101A500043604368A84242EA0302426007D1072973
:101A600012D8012202FA01F111F0C10F0CD0C168A5
:101A7000890107D44FF6C0728168C7F6FF72114022
:101A800008318160002070BD206E40F48010206617
:101A9000002070BD00000000704700000000000042
:101AA0007047000000000000B0B582B090F85C20E4
:101AB000012A03D10221084602B0B0BD42F2083229
:101AC00000230193C4F202020093A2F5427403685A
:101AD000A34227D14FF6006E4FF60055CFF6FF7E9A
:101AE000CFF6FF7552F80E40535923435B0719D4C4
:101AF000D1F800C01368BCF1000F23F440441DD09E
:101B00004B6823431360535952F80E502B43DB07A5
:101B100022D1136840F61F75AB438968194341EA27
:101B20000C0116E0016E41F0200101660121002246
:101B300080F85C20084602B0B0BD00BF1460515967
:101B400052F80E301943C90708D1116840F61F73C7
:101B5000994311600021EAE70021E8E70021E6E768
:101B60007047000000000000704700000000000007
:101B70002DE9F04F81B046F2083942F20002C5F675
:101B80000209C4F202020446006802F5807A02F5F6
:101B9000427B4946504508BF5946904208BF5946C6
:101BA00006684568B2070F680FD515F002010CD022
:101BB000206EC00603D4206E40F4006020662046EC
:101BC000FFF76AFA206802210160710707F01F0819
:101BD00002D515F0040104D131074DD515F00801E7
:101BE0004AD0214651F8602FD20603D40A6842F445
:101BF00000720A60C26812F4406F37D142F20003EB
:101C00000246C4F20203504508BF1A46B8F1090F54
:101C1000134608BF0346B8F1050F08BF0346B8F1E5
:101C2000000F08BF0346824208BF1346DA689204D9
:101C30001CD40268120719D5826852070CD4426876
:101C400022F00C024260086820F480700860086886
:101C5000C00407D50AE000BF206E04F1640140F023
:101C600010002066086840F0010008602046FFF779
:101C700077FF20680C210160B10602D515F0200124
:101C800004D171062FD515F040012CD0214651F812
:101C9000602FD20603D40A6842F400520A6042F26E
:101CA00000020346C4F20202504508BF1346B8F1D1
:101CB000070F1A4608BF0246B8F1060F08BF0246D2
:101CC000B8F1000F08BF0246834208BF1A46C36C32
:101CD00013F4C07FC368D26876D02046FFF70CFEAD
:101CE00020686021016031060CD515F0800109D013
:101CF000206E40F480302066204600F021FA2068F3
:101D000080210160F1050DD515F480710AD0206E97
:101D100040F4003020662046FFF7BEFE20684FF4F6
:101D200080710160B1050DD515F400710AD0206EE7
:101D300040F4802020662046FFF7B2FE20684FF472
:101D400000710160F10624D515F0100121D0E16B7E
:101D500089B1B8F1000F59D042F20001504508BFD7
:101D6000D946C4F20201884208BFD946D9F800100A
:101D700011F4404F0BD0206E40F480602066606EFE
:101D800040F0020060662046FFF7EEFE206810215A
:101D90000160710514D515F4806111D0216E41F4F4
:101DA00080412166616E41F0080161664FF48061F7
:101DB0000160204601B0BDE8F04FFFF7D9BD00BF7C
:101DC00001B0BDE8F08F00BF970106D503F4406372
:101DD00002F40057DB197FF480AF03685B067FF5E0
:101DE0007CAF12F400127FF478AF8268120711D42E
:101DF000426822F060024260086820F48050086067
:101E00000868C0053FF569AF0AE000BFC1688907EF
:101E1000B1D1BCE7206E04F1640140F010002066EF
:101E2000086840F00100086057E70000000000006B
:101E3000F0B581B0044600284FF0000000902DD08E
:101E4000206E30B9204600F07FF90020606684F8EB
:101E50005C002068816889004FF6C071C5F6FF718B
:101E600002D582680A4082608268D20031D48268DA
:101E700001F18051114042F6635241F0805181607E
:101E800040F20401C0F23E52C2F2004109688909E1
:101E9000A1FB0212012101EB921105E00125284668
:101EA00001B0F0BD009901390091009989B1009904
:101EB00001390091009961B10099013900910099AF
:101EC00000291FBF009901390091009918BF00290E
:101ED000E8D18168C90009D4216E012541F01001C3
:101EE0002166616E41F00101616600E000258168B4
:101EF000226E02F0100201F004018918216E59D1FE
:101F000021F4817146F2100C023121668168C5F618
:101F1000020CC90724D142F2001240F48071C4F2CD
:101F20000202914242F20001C4F2020140F0F0804C
:101F30008A68D1F808311A43D20711D101F58072AD
:101F400001F5427390421A4618BF0CF53E72884262
:101F500008BF1A466168136823F47C1319431160A3
:101F6000617EE36BACF11006B04243EA413329D005
:101F7000A168194394F82030012B41EA034306D1AC
:101F8000616A0022CFF6FE7202EB41410B43A16A67
:101F900021B101F47871E26A11430B43B0421FD0C2
:101FA0004CF20302C168CFF6F07211401943C160D0
:101FB00028E000BF41F0100001252066284601B04E
:101FC000F0BD00BFA168D4F80CE0082900F0A6809D
:101FD0000C2900F0A5801C2940F0A4801021A4E069
:101FE00044F207025CF8041CCFF6F072114019436A
:101FF0004CF8041CDCF80010626B21F040611143C6
:10200000CCF800108168826801F0040102F0080237
:10201000891869D1217EB0424FEA813126D0226BE6
:10202000C36844F20307BB431A431143C16094F8E9
:102030004410012948D14FF61E020169CFF6004233
:102040000126D4E912371140CFF6FF7606EB0343A1
:102050003943276D1943636D3943226C194301617C
:10206000016921F07041114301613AE05CF8042CF0
:1020700094F8383044F2030E94F8447022EA0E02C9
:1020800042EA4302012F41EA02014CF8041C1BD131
:102090004FF61E01DCF80000CFF600410840D4E9FD
:1020A00012120843216D1043626D0843216C1043E6
:1020B00040F00100CCF80000DCF8000020F0704097
:1020C0000843CCF800000FE00169B04221F00101A3
:1020D00001610169226C21F0704141EA0201016154
:1020E00002D02046FEF7E8F920682169026B012939
:1020F00022F00F0102D1E269013A1143016301218B
:10210000206E61F301002066284601B0F0BD00BFDB
:102110005CF8082CD2073FF411AF21E7002104E05E
:10212000082102E0182918BF002141EA0E011943D5
:1021300094F82030012B41EA03433FF421AF26E716
:10214000704700000000000080B586B042F2001227
:102150000068C4F20202002190420591CDE903110A
:10216000CDE9011128D042F20001C4F202018842F7
:1021700058D140F2740144F2D840C2F20041C5F691
:1021800002000A68002A02F101020A6008D101680F
:1021900041F020010160016801F0200100910099E7
:1021A000816841F020018160806800F0200000908B
:1021B00000984FF4006021E040F2740144F2D840EE
:1021C000C2F20041C5F602000A68002A02F10102CB
:1021D0000A6008D1016841F020010160016801F046
:1021E000200100910099816841F0200181608068A0
:1021F00000F02000009000984FF400500190032060
:1022000002900020039041F20040C5F6020001A9AF
:1022100001F022FD12200021002201F009FF12200E
:1022200001F0F2FE06B080BD2DE9F041044601F058
:102230000BFE3CB3054694F83500022826D12768EA
:1022400040F20F46C4F2020640F26F483868B742C7
:1022500020F0010038606FF00E00C4F202081DDCAF
:102260006F21C4F202018F422ADC3F21C4F2020135
:102270008F4241DC1021C4F202018F4263D0282139
:102280005CE000BF0120BDE8F08100BF80206065F8
:102290000120002184F83410BDE8F08147451BDCA3
:1022A00040F23F41C4F202018F422DDC40F2104166
:1022B000C4F202018F4246D040F228413EE000BF06
:1022C0009F21C4F202018F4228DC7021C4F2020176
:1022D0008F4238D0882131E040F29F41C4F20201A0
:1022E0008F4223DC40F27041C4F202018F422AD0B7
:1022F00040F2884122E000BF4021C4F202018F4237
:1023000021D058211AE000BF40F24041C4F202013E
:102310008F4218D040F2584110E000BFA021C4F213
:1023200002018F420FD0B82108E000BF40F2B8414F
:10233000C4F202018F4206D040F2A041C4F2020171
:102340008F42394607D13946386820F01E0041F8DF
:10235000140B6FF080000A68474500EA020008602D
:102360001ADC9F20C4F20200874233DC5720C4F2FB
:10237000020087425ADC1020C4F20200874200F0BB
:1023800097802820C4F20200874200F0918040200C
:10239000C4F202008AE000BF45F22F40C5F60200F9
:1023A00087422DDC40F2B740C4F2020087424BDC8A
:1023B00040F27040C4F20200874279D040F2884077
:1023C000C4F20200874273D040F2A040C4F202007F
:1023D0006CE000BF40F22740C4F20200874243DCB9
:1023E000A020C4F20200874262D0B820C4F20200EA
:1023F00087425DD040F21040C4F2020056E000BFB8
:1024000045F26B40C5F6020087423FDC45F23040A2
:10241000C5F6020087424BD045F24440C5F60200A3
:10242000874245D045F258403EE000BF5820C4F2F4
:10243000020087423CD07020C4F20200874237D0AD
:102440008820C4F2020031E040F2B840C4F2020039
:1024500087422DD045F20840C5F60200874227D0BA
:1024600045F21C4020E000BF40F22840C4F20200C8
:1024700087421DD040F24040C4F20200874217D08C
:1024800040F25840C4F2020010E000BF45F26C4038
:10249000C5F6020087420BD045F29440C5F6020013
:1024A000874205D045F28040C5F60200874205D13B
:1024B000206E016821F48071016000BF3868C00798
:1024C00010D001F0C1FC401B0628F7D32020606526
:1024D000032084F835000120002184F83410BDE881
:1024E000F08100BF2068B04210DC6F21C4F202010D
:1024F00088421DDC3F21C4F20201884234DC1021F5
:10250000C4F20201884255D028214FE040451BDC2F
:1025100040F23F41C4F2020188422DDC40F21041FA
:10252000C4F20201884245D040F228413EE000BF9B
:102530009F21C4F20201884228DC7021C4F202010A
:10254000884237D0882131E040F29F41C4F2020135
:10255000884223DC40F27041C4F20201884229D053
:1025600040F2884122E000BF4021C4F202018842CB
:1025700020D058211AE000BF40F24041C4F20201CD
:10258000884217D040F2584110E000BFA021C4F2A9
:10259000020188420ED0B82108E000BF40F2B841E5
:1025A000C4F20201884205D040F2A041C4F2020107
:1025B00088425BD1D4E9161202F01F023F2303FACE
:1025C00002F28A6040455BDC9F21C4F2020188422E
:1025D00014DC5721C4F20201884227DC1021C4F226
:1025E0000201884200F0A2802821C4F20201884240
:1025F00000F09C804021C4F2020195E040F22741A6
:10260000C4F2020188421FDCA021C4F20201884208
:1026100000F08C80B821C4F20201884200F086806C
:1026200040F21041C4F202017EE000BF5821C4F222
:10263000020188427AD07021C4F20201884275D02A
:102640008821C4F202016FE040F22841C4F2020185
:1026500088426BD040F24041C4F20201884265D00A
:1026600040F25841C4F202015EE000BFD4E9161204
:1026700002F01F02012303FA02F24A604045A3DD83
:1026800045F22F41C5F60201884217DC40F2B741FE
:10269000C4F20201884227DC40F27041C4F2020118
:1026A000884243D040F28841C4F2020188423DD0C2
:1026B00040F2A041C4F2020136E000BF45F26B4196
:1026C000C5F6020188421FDC45F23041C5F6020121
:1026D00088422BD045F24441C5F60201884225D0FC
:1026E00045F258411EE000BF40F2B841C4F2020179
:1026F00088421BD045F20841C5F60201884215D038
:1027000045F21C410EE000BF45F26C41C5F60201E6
:1027100088420BD045F29441C5F60201884205D0AB
:1027200045F28041C5F6020188420BD1616EA26E6E
:10273000E06E4A6030B1016821F480710160D4E933
:102740001C014160012084F835000020002184F83C
:102750003410BDE8F081000080B5D8B190F8351094
:10276000022919D140F20F420168C4F202029142DB
:1027700016DC6F23C4F20203994227DC3F23C4F224
:10278000020399423EDC1023C4F2020399425FD057
:10279000282359E0012080BD80214165012080BDB2
:1027A00040F26F43C4F2020399421BDC40F23F4304
:1027B000C4F2020399422DDC40F21043C4F202033A
:1027C000994245D040F228433EE000BF9F23C4F227
:1027D0000203994228DC7023C4F20203994237D0E5
:1027E000882331E040F29F43C4F20203994223DC84
:1027F00040F27043C4F20203994229D040F2884368
:1028000022E000BF4023C4F20203994220D05823A3
:102810001AE000BF40F24043C4F20203994217D0CD
:1028200040F2584310E000BFA023C4F202039942D3
:102830000ED0B82308E000BF40F2B843C4F2020350
:10284000994205D040F2A043C4F20203994275D1E7
:1028500091424FF0040280F8352011DC6F20C4F261
:102860000200814222DC3F20C4F20200814239DCB6
:102870001020C4F20200814259D0282054E000BF49
:1028800040F26F40C4F2020081421BDC40F23F4044
:10289000C4F2020081422DDC40F21040C4F202007A
:1028A000814244D040F228403EE000BF9F20C4F265
:1028B0000200814228DC7020C4F20200814236D03E
:1028C000882031E040F29F40C4F20200814223DCC4
:1028D00040F27040C4F20200814228D040F28840A9
:1028E00022E000BF4020C4F2020081421FD05820E5
:1028F0001AE000BF40F24040C4F20200814216D00C
:1029000040F2584010E000BFA020C4F20200814213
:102910000DD0B82008E000BF40F2B840C4F2020079
:10292000814204D040F2A040C4F202008142086813
:1029300020F001000860002080BD00BF0A6822F07E
:1029400001020A6045F25742C5F6020291420A6846
:1029500022F00E020A600FDC45F22F42C5F6020299
:10296000914219DC45F20842C5F60202914229D093
:1029700045F21C4222E000BF45F27F42C5F602024A
:10298000914213DC45F25842C5F60202914219D039
:1029900045F26C4212E000BF45F23042C5F6020239
:1029A00091420FD045F2444208E000BF45F2944204
:1029B000C5F60202914205D045F28042C5F60202F8
:1029C00091421AD1D0E9181CD0E916E30A6822F422
:1029D00080720A6003F01F01012202FA01F1CEF8B1
:1029E0000410816ECCF80410C16E31B10A6822F473
:1029F00080720A60D0E91C124A60012180F835100B
:102A0000026D002180F834100AB190470021084679
:102A100080BD0000000000002DE9F04782B00021D9
:102A2000019140F204010446C2F2004148F2B5129D
:102A3000C1F64E32A56D096840F26F490068C4F2D4
:102A40000209A1FB021848452E68296816DC9F215F
:102A5000C4F2020188422DDC5721C4F202018842EF
:102A600052DC1021C4F2020188427CD02821C4F239
:102A70000201884277D0402170E000BF45F22F422A
:102A8000C5F60202904229DC40F2B742C4F20202CB
:102A9000904245DC40F27041C4F20201884262D0AB
:102AA00040F28841C4F2020188425CD040F2A04169
:102AB00054E000BF40F22741C4F2020188423FDCEB
:102AC000A021C4F2020188424DD0B821C4F2020113
:102AD000884248D040F2104140E000BF45F26B42CE
:102AE000C5F60202904275DC45F23042C5F602029C
:102AF000904200F0828045F24442C5F602029042C4
:102B00007BD045F2584273E05821C4F2020188425A
:102B100029D07021C4F20201884224D088211DE00E
:102B200040F2B842C4F2020290421CD045F2084280
:102B3000C5F60202904260D045F21C4258E000BF48
:102B400040F22841C4F2020188420CD040F24041D8
:102B5000C4F20201884206D040F25841C4F2020198
:102B6000884240F05A83E16D082201F01F0140F2D3
:102B70000F4A8A40C4F2020A324200F0E680504511
:102B80004FF0040312DC6F27C4F20207B8426FDC77
:102B90003F27C4F20207B84200F3A4801027C4F212
:102BA0000207B84200F0C5802827BDE048456BDC2D
:102BB00040F23F47C4F20207B84200F39B8040F264
:102BC0001047C4F20207B84200F0B38040F2284731
:102BD000AAE000BF45F26C42C5F6020290420CD05A
:102BE00045F28042C5F60202904206D045F2944278
:102BF000C5F60202904240F010830268E36D03F0D4
:102C00001F0304279F400F4218BF12F0040621D172
:102C100002279F400F4218BF12F002064CD1D94044
:102C2000090740F1FA8212F0080100F0F68201680B
:102C300021F00E010160012000FA03F16960606576
:102C400084F835000020E16C84F83400002940F05D
:102C5000DC82E2E211046F6026D4910603D401689D
:102C600021F004010160216C002940F0CE82D4E201
:102C70009F27C4F20207B84246DC7027C4F202075D
:102C8000B84256D088274FE040F29F47C4F202076F
:102C9000B84241DC40F27047C4F20207B84248D063
:102CA00040F2884740E000BFD00300F1B382216CBE
:102CB000002940F0AA82B0E211046F6000F1B482F2
:102CC000910609D4016821F00A010160012084F80D
:102CD0003500002084F83400E16B002940F0958233
:102CE0009BE200BF4027C4F20207B84221D0582718
:102CF0001AE000BF40F24047C4F20207B84218D0C1
:102D000040F2584710E000BFA027C4F20207B842C3
:102D10000FD0B82708E000BF40F2A047C4F2020776
:102D2000B84206D040F2B847C4F20207B84218BF12
:102D3000082307681F4208D0036823F004030360D8
:102D4000AA60626D42F00102626501228A4032424D
:102D50006FD0504510DC6F23C4F2020398421DDC93
:102D60003F23C4F20203984234DC1023C4F202036E
:102D7000984256D028234FE048451BDC40F23F43A1
:102D8000C4F2020398422DDC40F21043C4F2020365
:102D9000984246D040F228433EE000BF9F23C4F251
:102DA0000203984228DC7023C4F20203984238D010
:102DB000882331E040F29F43C4F20203984223DCAF
:102DC00040F27043C4F2020398422AD040F2884392
:102DD00022E000BF4023C4F20203984221D05823CE
:102DE0001AE000BF40F24043C4F20203984218D0F8
:102DF00040F2584310E000BFA023C4F202039842FF
:102E00000FD0B82308E000BF40F2A043C4F2020391
:102E1000984206D040F2B843C4F20203984240F010
:102E2000098243691B0604D5AA60626D42F0020262
:102E3000626504228A4032426FD0504510DC6F2315
:102E4000C4F2020398421DDC3F23C4F202039842FD
:102E500034DC1023C4F20203984256D028234FE0FA
:102E600048451BDC40F23F43C4F2020398422DDC8C
:102E700040F21043C4F20203984246D040F2284385
:102E80003EE000BF9F23C4F20203984228DC702377
:102E9000C4F20203984238D0882331E040F29F43C5
:102EA000C4F20203984223DC40F27043C4F20203EE
:102EB00098422AD040F2884322E000BF4023C4F267
:102EC0000203984221D058231AE000BF40F2404349
:102ED000C4F20203984218D040F2584310E000BFF9
:102EE000A023C4F2020398420FD0B82308E000BF29
:102EF00040F2A043C4F20203984206D040F2B84325
:102F0000C4F20203984240F09D8103689B0704D5F8
:102F1000AA60626D42F004026265102202FA01F1B9
:102F2000314200F0818050454FF0080210DC6F23E1
:102F3000C4F2020398421DDC3F23C4F2020398420C
:102F400034DC1023C4F20203984256D028234FE009
:102F500048451BDC40F23F43C4F2020398422DDC9B
:102F600040F21043C4F20203984246D040F2284394
:102F70003EE000BF9F23C4F20203984228DC702386
:102F8000C4F20203984238D0882331E040F29F43D4
:102F9000C4F20203984223DC40F27043C4F20203FD
:102FA00098422AD040F2884322E000BF4023C4F276
:102FB0000203984221D058231AE000BF40F2404358
:102FC000C4F20203984218D040F2584310E000BF08
:102FD000A023C4F2020398420FD0B82308E000BF38
:102FE00040F2A043C4F20203984206D040F2B84334
:102FF000C4F20203984218BF04220368134213D09C
:10300000A96001684903016808D4C90508D40168AA
:1030100021F008010160216C21B905E008034FD4BB
:10302000216C09B120468847E06D00F01F01202087
:1030300000FA01F2324200F0AB80206810235045C4
:1030400010DC6F27C4F20207B8421DDC3F27C4F230
:103050000207B84238DC1027C4F20207B8425AD03F
:10306000282753E048451BDC40F23F47C4F20207E3
:10307000B84231DC40F21047C4F20207B8424AD0ED
:1030800040F2284742E000BF9F27C4F20207B8423F
:103090002CDC7027C4F20207B8423CD0882735E008
:1030A00040F29F47C4F20207B84227DC40F2704763
:1030B000C4F20207B8422ED040F2884726E000BF93
:1030C000A16C0029AED1AFE74027C4F20207B84295
:1030D00021D058271AE000BF40F24047C4F202074F
:1030E000B84218D040F2584710E000BFA027C4F201
:1030F0000207B8420FD0B82708E000BF40F2A0474F
:10310000C4F20207B84206D040F2B847C4F2020740
:10311000B84218BF022307681F4239D0AA6094F84A
:103120003520042A02681BD122F01602026042698F
:1031300022F080024261226C0AB9A26C1AB10268C4
:1031400022F0080202603F208840A860012084F835
:103150003500216D0020002984F8340055D15CE051
:10316000510301680ED4C9050ED4016821F0100185
:103170000160012084F83500002084F83400E16B00
:1031800021B905E008034BD4E16B09B1204688471B
:10319000606D002841D0606DC00734D0042084F8F1
:1031A000350020684FEA9821026822F0010202608F
:1031B000019A013201928A421AD80268D20717D0C6
:1031C000019A013201928A4212D80268D2070FD0C6
:1031D000019A013201928A420AD80268D20707D0C6
:1031E000019A013201928A4202D80268D207DFD1E5
:1031F0000068C0074FF0030008BF012084F83500C5
:10320000002084F83400E16C39B1204602B0BDE8FA
:10321000F0470847A16C0029F7D102B0BDE8F0875C
:10322000616C0029B2D1B3E7D0030DD4616C0029E1
:10323000EBD1F2E7026804228A4032427FF4FDAD0E
:103240006BE600BF026868E6E16B0029DDD1E4E7C8
:103250002DE9F04381B0044600F0F6FD002C00F0AB
:10326000AF8040F26F4805462068C4F2020840452E
:1032700016DC9F21C4F2020188422DDC5721C4F2E2
:103280000201884254DC1021C4F20201884200F09D
:103290007E802821C4F20201884278D0402171E06A
:1032A00045F22F41C5F60201884229DC40F2B741C0
:1032B000C4F20201884247DC40F27041C4F20201CC
:1032C000884264D040F28841C4F2020188425ED054
:1032D00040F2A04156E000BF40F22741C4F2020193
:1032E000884241DCA021C4F2020188424FD0B821BB
:1032F000C4F2020188424AD040F2104142E000BFCD
:1033000045F26B41C5F60201884200F3BD8045F2EB
:103310003041C5F60201884200F0C98045F24441BF
:10332000C5F60201884200F0C28045F25841B9E07A
:103330005821C4F20201884229D07021C4F202014E
:10334000884224D088211DE040F2B841C4F2020135
:1033500088421CD045F20841C5F60201884200F0BF
:10336000A68045F21C419DE040F22841C4F20201D2
:1033700088420CD040F24041C4F20201884206D09B
:1033800040F25841C4F20201884240F025810221F6
:1033900084F83510002184F83410016821F001010F
:1033A000016000BF20680168C9070DD000F04CFD26
:1033B000401B0628F6D320206065032084F83500E2
:1033C000012001B0BDE8F08348F23F0204F1080695
:1033D0000168CFF610621140D4F818C06CCE1143CA
:1033E000D4F824901943E3692943256A0E43B9F1BF
:1033F000040F43EA060343EA050343EA0C0303D13F
:10340000D4E90B652E433343666843F48011A6F17B
:103410003F07A6F12905042FA6F1470238BF0B4646
:10342000062DA6F14F0E38BF0B46022A26F00302E6
:1034300038BF0B46BEF1040F38BF0B46742A08BFD5
:103440000B46B9F1040F0360416921F0070141EA1D
:10345000090140F0DD80D4E90A53002B41EA05015F
:1034600000F0D680BCF5005F00F0B880BCF1000F22
:1034700040F0C080022D00F0C080012D00F0B4802B
:10348000002D00F0BA80C3E045F26C41C5F60201A0
:1034900088420CD045F28041C5F60201884206D030
:1034A00045F29441C5F60201884240F0958004F14E
:1034B000080E022184F83510002184F834100168C8
:1034C000A3699EE80450A2F18005E769B5FA85F585
:1034D00066696D09402A4FEA853543EA07026FF3B2
:1034E000101142EA060208BF102541EADC0142EA57
:1034F0000E02236A294341EAD20141EA131140F83E
:103500000819C0B2CD2148433C2101EA9020E06572
:103510002046FDF741F9E16D012201F01F0102FA99
:1035200001F141602068404500F381809F21C4F291
:103530000201884214DC5721C4F20201884227DCD0
:103540001021C4F20201884200F0C7802821C4F291
:103550000201884200F0C1804021C4F20201B9E0BA
:1035600040F22741C4F20201884221DCA021C4F2CA
:103570000201884200F0B180B821C4F20201884201
:1035800000F0AB8040F21041C4F20201A2E000BFA3
:103590005821C4F20201884200F09F807021C4F2D9
:1035A0000201884200F099808821C4F2020191E072
:1035B00040F22841C4F20201884200F08E8040F2BD
:1035C0004041C4F20201884200F0878040F2584135
:1035D000C4F202017EE000BF4020EDE6032D17D8C3
:1035E000DFE805F00E0B0E02A3F1C072B2FA82F210
:1035F000520904E0032D03D30AD1C3F300623AB1A8
:1036000040206065012084F8350001B0BDE8F083FA
:1036100041612046FDF7C0F8E16D3F2201F01F0136
:1036200002FA01F18160206840457FF77FAF45F2E3
:103630002F41C5F60201884216DC40F2B741C4F2C0
:103640000201884226DC40F27041C4F20201884245
:1036500043D040F28841C4F2020188423DD040F29A
:10366000A041C4F2020135E045F26B41C5F602010A
:1036700088421FDC45F23041C5F6020188422CD059
:1036800045F24441C5F60201884226D045F2584130
:103690001EE000BF40F2B841C4F2020188421CD0D3
:1036A00045F20841C5F60201884216D045F21C4198
:1036B0000EE000BF45F26C41C5F6020188420CD015
:1036C00045F29441C5F60201884206D045F2804198
:1036D000C5F60201884240F0E18045F2574C45F6BC
:1036E000FC01C5F6020CC5F6020160450EDC45F290
:1036F0002F42C5F60202904218DC45F20842C5F698
:103700000202904228D045F21C4221E045F27F425D
:10371000C5F60202904213DC45F25842C5F6020299
:10372000904219D045F26C4212E000BF45F230429F
:10373000C5F6020290420FD045F2444208E000BFB5
:1037400045F29442C5F60202904205D045F280420D
:10375000C5F60202904247D100F0FC024CF6CD4380
:10376000083ACCF6CC43A2FB0323A1F1FC05A1F15E
:103770007C061B0905EB830503F01F02A368256681
:10378000802B4FF0010303FA02F26666A26605D1B0
:1037900000206060286072601EE000BF6768FBB2B6
:1037A000013F072F2B60726016D85E1E082E19D2BB
:1037B000604501F1440237DC45F22F47C5F60207A8
:1037C000B84241DC45F20847C5F60207B84259D075
:1037D00045F21C474AE000BF00206067C4E91B00B7
:1037E0005CE000BFE06E54E000F0F8024AF6AB2364
:1037F000103ACAF6AA23A2FB032740F20F43C4F2F1
:10380000020308253A09984203F1AA06134688BF25
:1038100005EB171340F60005B042C4F2020505F1AE
:10382000800628BF1346A5E745F27F47C5F6020785
:10383000B84213DC45F25847C5F60207B84221D01A
:1038400045F26C4712E000BF45F23047C5F602076B
:10385000B84217D045F2444708E000BF45F2804720
:10386000C5F60207B8420DD045F29447C5F60207E7
:10387000B84207D040F60000C4F2020000F1FC019B
:1038800000F5A07201EB83000121E066B1402267E0
:10389000616700210160D4E91C014160002060657E
:1038A000012184F8351001B0BDE8F083000000006C
:1038B000B0B500283CD0054690F83400012801D16D
:1038C0000220B0BD012085F8340095F835000128AC
:1038D00028D1022085F83500002068652868046832
:1038E00024F0010404602846FCF7EAFF40F20F428E
:1038F0002868C4F2020240F26F419042C4F2020111
:1039000018DC6F23C4F20203984225DC3F23C4F283
:10391000020398423CDC1023C4F2020398425ED0BA
:10392000282357E04FF400606865002085F83400D4
:103930000120B0BD88421BDC40F23F43C4F20203C9
:1039400098422DDC40F21043C4F20203984246D064
:1039500040F228433EE000BF9F23C4F20203984296
:1039600028DC7023C4F20203984238D0882331E067
:1039700040F29F43C4F20203984223DC40F27043BA
:10398000C4F2020398422AD040F2884322E000BFEA
:103990004023C4F20203984221D058231AE000BF0A
:1039A00040F24043C4F20203984218D040F2584318
:1039B00010E000BFA023C4F2020398420FD0B82346
:1039C00008E000BF40F2B843C4F20203984206D0B8
:1039D00040F2A043C4F20203984240F02F810368F2
:1039E0000B2464F3440303602B6C1BB108230468AD
:1039F00023430360884219DC9F23C4F202039842E8
:103A000032DC5723C4F20203984259DC1023C4F27B
:103A10000203984200F096802823C4F202039842E1
:103A200000F090804023C4F2020389E045F22F4366
:103A3000C5F6020398422DDC40F2B743C4F20203FC
:103A400098424BDC40F27043C4F20203984279D0B2
:103A500040F28843C4F20203984273D040F2A0437C
:103A6000C4F202036CE000BF40F22743C4F2020339
:103A7000984243DCA023C4F20203984262D0B823E8
:103A8000C4F2020398425DD040F21043C4F2020334
:103A900056E000BF45F26B43C5F6020398423FDC97
:103AA00045F23043C5F6020398424BD045F24443F9
:103AB000C5F60203984245D045F258433EE000BFA8
:103AC0005823C4F2020398423CD07023C4F202038C
:103AD000984237D08823C4F2020331E040F2B84361
:103AE000C4F2020398422DD045F20843C5F6020302
:103AF000984227D045F21C4320E000BF40F2284303
:103B0000C4F2020398421DD040F24043C4F20203C3
:103B1000984217D040F25843C4F2020310E000BFAD
:103B200045F26C43C5F6020398420BD045F294432C
:103B3000C5F60203984205D045F28043C5F602035C
:103B4000984274D12B6E1C68E40303D51C6844F4BE
:103B500080741C60EB6E1BB11D6845F480751D60A0
:103B6000904211DC6F21C4F2020188421EDC3F2129
:103B7000C4F20201884235DC1021C4F202018842FD
:103B800055D0282150E000BF88421BDC40F23F4165
:103B9000C4F2020188422DDC40F21041C4F202015D
:103BA000884244D040F228413EE000BF9F21C4F249
:103BB0000201884228DC7021C4F20201884236D01A
:103BC000882131E040F29F41C4F20201884223DCA7
:103BD00040F27041C4F20201884228D040F288418C
:103BE00022E000BF4021C4F2020188421FD05821C8
:103BF0001AE000BF40F24041C4F20201884216D0F0
:103C000040F2584110E000BFA021C4F202018842F6
:103C10000DD0B82108E000BF40F2B841C4F2020163
:103C2000884204D040F2A041C4F2020188420168F7
:103C300041F0010101600020B0BD00BF0368052410
:103C400064F3430303602B6C002B3FF4D3AE0423D7
:103C5000CDE60000000000002DE9F04F82B00D68B5
:103C6000002D00F0DB8000F1264242F2004302F119
:103C7000FF72C5F602030A2798424FEAB2244FF0BA
:103C8000000C08BF0927082C4FF0000638BF4FEA88
:103C9000B2270097002709E001370D6835FA07F2CF
:103CA00006F102060CF1040C00F0B880012202FAC1
:103CB00007F415EA0408EFD0D1F8049009F0030ADC
:103CC000AAF10105012D13D80322D0F808B002FA99
:103CD00006F3CD682BEA0303B5402B438360C9F399
:103CE00000154368A34305FA07F4234343600DE03E
:103CF000BAF1030F0AD18B68012B07D14FF0030AE9
:103D0000B3460AFA06F36FEA030E29E00322C368FA
:103D100002FA06F4BAF1020F6FEA040E23EA040372
:103D20008C684FEA470B04FA06F443EA0403C360C5
:103D300016D16FF003020CF01C0502EA57030F22A4
:103D4000034402FA05FAD3F820900C6929EA0A091B
:103D5000AC4044EA09041C62D1F8049009F0030A5B
:103D600003680AFA0BF503EA0E0319F4403F43EA2D
:103D70000503036090D044F2F44240F20849C5F6CE
:103D80000202C5F60009136843F0020313601368CA
:103D90000F2203F00203019327F00303019D0CF0AF
:103DA0000C0553F809E002FA05F4009A2EEA04041F
:103DB00002FA05F54FF0B04E254343F80950DEF8FE
:103DC00000304D6843EA0804EA0258BF23EA0804B9
:103DD000CEF8004040F2040EC5F6000EAC02DEF84C
:103DE000002042EA080358BF22EA0803AC03CEF8D9
:103DF0000030DEF8802042EA080358BF22EA0803B8
:103E0000ED03CEF88030DEF87C2042EA080358BF8C
:103E100022EA0803CEF87C303EE700BF02B0BDE8DE
:103E2000F08F0000000000000069084018BF01206A
:103E30007047000000000000002A08BF09048161EB
:103E4000704700000000000040F21410C2F20000B1
:103E5000006870470000000040F2000040F21411BA
:103E6000C2F20000C2F2000100780A681044086043
:103E7000704700000000000080B5032000F008F942
:103E800001F032FC44F218414BF2C073C5F6020156
:103E9000C0F600030A68096801F00F01C2F30322AB
:103EA000595C9A5C01F01F0102F01F02D04040F201
:103EB0000802C2F2004220FA01F1116040F204014E
:103EC000C2F2004108600F2000F00AF800281CBF71
:103ED000012080BD00F07CF8002080BD00000000C3
:103EE00070B540F20006C2F200063178E1B1044636
:103EF00040F20400C2F200404FF47A72B2FBF1F1DA
:103F00000068B0FBF1F001F007FF0F2C4FF0010546
:103F100008D838B94FF0FF3000222146002500F0C4
:103F200087F87460284670BD012070BD0000000055
:103F300010B54EF6A05E4178CEF2000E90F800C0AB
:103F40004EF8081CDEF8001021F00101CEF8001038
:103F500041684EF8041C017BC37A827A447B1B06BD
:103F600043EA0171837B41EAC241C27B41EA844159
:103F7000447A41EA4341007A41EA024141EA04219C
:103F800041EA400040EA0C00CEF8000010BD0000FD
:103F90004EF62450CEF20000BFF35F8F016821F48B
:103FA00080310160002101677047000000000000BF
:103FB0004EF6245140F00100CEF200010867086877
:103FC00040F480300860BFF34F8FBFF36F8F7047AE
:103FD00080B582B044F2F4400022C5F602000168C8
:103FE00041F0020101600068002100F00200019030
:103FF0000198052000F01CF8052002B0BDE88040C3
:1040000000F002B800000000002848BF704781B2ED
:1040100000F01F000122490902FA00F04EF20012DE
:10402000CEF2000242F821007047000000000000BC
:1040300070B54EF60C5C4FF0FF36CEF2000C00F17E
:10404000604505F56445DCF80030C3F3022E8EF0C0
:104050000703042B28BF0423BEF1030406FA03F36D
:1040600021EA030100F00F0338BF0024043B0028BD
:10407000634406FA04F048BF03F10C05A14022EAAC
:10408000000008430001287070BD0000000000001F
:104090004EF60C514FF6FF03CEF200010A681A40AB
:1040A00060F30A2242F0806040F0FD7008607047C3
:1040B000B0B544F60C05C5F602052968490729681C
:1040C00006D401F00701081A18BF0120B0BD00BFD7
:1040D00021F0070108432860FFF7B6FE044600BF41
:1040E00055F8080C800407D4FFF7AEFE001BB0F5AE
:1040F0007A7FF5D90120B0BD0020B0BD00000000DE
:1041000080B501F069FA44F220414BF2C072C5F665
:104110000201C0F600020968C1F30211515C01F00E
:104120001F01C84080BD000080B544F2304EC5F686
:10413000020E5EF8083C5EF8081CC1F3051C5EF830
:10414000041CBCF1000FDEF8042019D001F00101BD
:1041500003F003034942022B01EAD2016FF35F31FE
:1041600000EE101AB8EE400A10D0012B12D01BB985
:104170005EF8301C890611D49FED361A1CE000BF92
:1041800000218160C0E9001180BD00BF9FED301AA1
:1041900012E000BF9FED2D1A0EE000BF5EF8301C4C
:1041A00049F20002C0F2D032C1F3C10122FA01F19A
:1041B00001EE101AB8EE411ADEF800109FED263A13
:1041C0006FF35F2102EE101ADEF80010C1F34621F2
:1041D000B8EE422A00EE032A00EE10CAB7EE003A0B
:1041E000B8EE400A81EE000A32EE031A02EE101A0F
:1041F000B8EE422A20EE010A32EE031A80EE011ACE
:10420000BCEEC11A80ED001ADEF80010C1F30641C1
:1042100001EE101AB8EE411A31EE031A80EE011ABF
:10422000BCEEC11A80ED011ADEF80010C1F3066180
:1042300001EE101AB8EE411A31EE031A80EE010AAF
:10424000BCEEC00A10EE101A816080BD0024744AD2
:1042500020BCBE4B0024744C00000039000000005C
:1042600080B544F2384EC5F6020E5EF8103C5EF89A
:10427000101C5EF80C2CC1F3053CDEF80410BCF1F8
:10428000000F15D0C908D20601EAE2716FF35F3161
:1042900000EE101A03F003010229B8EE400A0DD017
:1042A00081B95EF8381C890610D49FED361A1BE0E0
:1042B00000218160C0E9001180BD00BF9FED301A70
:1042C00012E000BF9FED2D1A0EE000BF5EF8381C13
:1042D00049F20002C0F2D032C1F3C10122FA01F169
:1042E00001EE101AB8EE411ADEF800109FED263AE2
:1042F0006FF35F2102EE101ADEF80010C1F34621C1
:10430000B8EE422A00EE032A00EE10CAB7EE003AD9
:10431000B8EE400A81EE000A32EE031A02EE101ADD
:10432000B8EE422A20EE010A32EE031A80EE011A9C
:10433000BCEEC11A80ED001ADEF80010C1F3064190
:1043400001EE101AB8EE411A31EE031A80EE011A8E
:10435000BCEEC11A80ED011ADEF80010C1F306614F
:1043600001EE101AB8EE411A31EE031A80EE010A7E
:10437000BCEEC00A10EE101A816080BD0024744AA1
:1043800020BCBE4B0024744C00000039000000002B
:1043900080B544F2404EC5F6020E5EF8183C5EF859
:1043A000181C5EF8142CC1F3055CDEF80410BCF197
:1043B000000F15D0C908D20501EAE2716FF35F3131
:1043C00000EE101A03F003010229B8EE400A0DD0E6
:1043D00081B95EF8401C890610D49FED361A1BE0A7
:1043E00000218160C0E9001180BD00BF9FED301A3F
:1043F00012E000BF9FED2D1A0EE000BF5EF8401CDA
:1044000049F20002C0F2D032C1F3C10122FA01F137
:1044100001EE101AB8EE411ADEF800109FED263AB0
:104420006FF35F2102EE101ADEF80010C1F346218F
:10443000B8EE422A00EE032A00EE10CAB7EE003AA8
:10444000B8EE400A81EE000A32EE031A02EE101AAC
:10445000B8EE422A20EE010A32EE031A80EE011A6B
:10446000BCEEC11A80ED001ADEF80010C1F306415F
:1044700001EE101AB8EE411A31EE031A80EE011A5D
:10448000BCEEC11A80ED011ADEF80010C1F306611E
:1044900001EE101AB8EE411A31EE031A80EE010A4D
:1044A000BCEEC00A10EE101A816080BD0024744A70
:1044B00020BCBE4B0024744C0000003900000000FA
:1044C00010B584B0024641F6FF7300209B1A70EBD2
:1044D00001032DDA47F6FF739B1A70EB010380F29C
:1044E000918082F400430B4300F0B88082F4803363
:1044F0000B4300F0018182F40022114340F0478118
:1045000044F20040C5F60200816D01F44031B1F57E
:10451000003F00F04B81B1F5803F00F0278100297A
:1045200040F03B810068000140F137810BE100BFA2
:1045300040F2FF739B1A70EB010331DB82F480734E
:104540000B4300F09F8082F48062114340F01F8192
:1045500044F20041C5F60201886DC0F34252042ABC
:1045600000F21B8148F20000C0F2BB00DFE812F04D
:10457000C200E800F2000F01060000BFC86C0A6824
:10458000520700F04052086802D5002A00F0688106
:10459000C00540F12581B2F1805F00F07A811FE112
:1045A00082F400630B4300F0938082F48052114345
:1045B00040F0ED8044F20041C5F60201086DC0F301
:1045C0000232042A00F2E98048F20000C0F2BB0087
:1045D000DFE812F09000B600C000DD00060000BF6A
:1045E000C86C0A68520700F04052086802D5002AD9
:1045F00000F03681C00540F1F380B2F1805F00F039
:104600004881EDE082F400530B4300F0858082F492
:104610008042114340F0BB8044F20044C5F60204DE
:10462000A06DC0F30270052800F2B780DFE810F03B
:104630000600EA00EC00EE00F400F60000F0CCFF0B
:10464000216A4BF2C072C0F60002C1F30211515C44
:1046500001F01F01C84004B010BD00BF44F200408B
:10466000C5F60200016D01F04051B1F1005F00F0AC
:104670008780B1F1805F00F08D80002940F08D804F
:1046800072E000BF44F20041C5F60201086D00F07F
:104690000702042A00F2818048F20000C0F2BB0049
:1046A000DFE802F0284E5875040000BFC86C0A68A5
:1046B000520700F04052086802D5002A00F0D0806E
:1046C000C00540F18D80B2F1805F00F0E28087E0AC
:1046D00044F20041C5F60201886DC0F30262042A6B
:1046E0005BD848F20000C0F2BB00DFE802F003290B
:1046F00033506B0008684EE044F20040C5F60200FB
:10470000C16C0068C90346D5000146D501A8FFF772
:10471000A7FD039804B010BD44F20040C5F60200A6
:10472000016DC1F30241052937D8DFE801F00381AB
:104730008B95A31D04B0BDE8104000F075BF00BF0D
:104740000868000129D501A8FFF78AFD019804B087
:1047500010BD00BF086880001FD501A8FFF718FE34
:10476000019804B010BD00BF006858E000688000E8
:1047700013D501A8FFF70CFE039804B010BD00BFCD
:104780000068000109D501A8FFF76AFD029804B08E
:1047900010BD00BF0068800102D4002004B010BD2D
:1047A00001A8FFF7C1FC029804B010BDC16C0268FB
:1047B000520701F04051026866D5002964D1C2F366
:1047C000C1004FE0C86C0A68520700F04052086808
:1047D00001D5002A44D0C00502D5B2F1805F58D07F
:1047E0000868B2F1005F00F400314FF0000004BF30
:1047F00047F64000C0F27D10002908BF084604B00B
:1048000010BD00BF206814E020681CE0206840074D
:10481000C3D5206824E000BF20682CE0206847F65C
:1048200040018003C0F27D1101EAE07004B010BDC8
:1048300000680001B1D501A8FFF712FD029804B08D
:1048400010BD00BF00688000A7D501A8FFF7A0FD3C
:10485000029804B010BD00BF016849079DD50068EB
:10486000C0F3C10049F20001C0F2D03121FA00F0DA
:1048700004B010BD006840F60011C005C0F23D0153
:1048800001EAE07004B010BDD20509D5B1F1805F36
:1048900006D140F60010C0F23D0004B010BD00BFCC
:1048A0000068B1F1005F00F400324FF0000004BF77
:1048B00047F64000C0F27D10002A08BF104604B041
:1048C00010BD0000000000002DE9F0470446C0784C
:1048D00044F22C480007C5F6020833D5606E4FEA53
:1048E000305103290CD8DFE801F003111D2600BF69
:1048F000D8F8001041F40031C8F800101BE000BFE8
:1049000001266078C0070BD020E000BF04F108004A
:10491000022104F059FA064660B16078C00715D14B
:10492000354646E004F12800022104F0E1FA06468B
:104930000028F2D1606ED8F8241021F44011084309
:10494000C8F8240000266078C007E9D0A06D0428CC
:104950000ED83546DFE800F00412181E1E0000BF16
:10496000D8F80000354640F40030C8F8000011E0E7
:1049700001250127607840071FD453E004F10800A7
:10498000002104F021FA04E004F12800002104F0E1
:10499000AFFA05462F461DB1607840070DD441E0BF
:1049A000D8F82400A16D20F0070000250843C8F8BE
:1049B000240037466078400734D5D4F8A4004FEA85
:1049C000705005280CD8DFE800F00311171D1D1DDD
:1049D000D8F8000040F40030C8F8000012E000BF32
:1049E000012501266078000720D455E004F1080075
:1049F000002104F0E9F904E004F12800002104F0AA
:104A000077FA05462E461DB1607800070ED443E0C4
:104A1000D8F82C00D4F8A41020F460000025084336
:104A2000C8F82C003E466078000735D5D4F8A800B9
:104A30004FEA306005280DD8DFE800F00412181E98
:104A40001E1E00BFD8F8000040F40030C8F8000077
:104A500012E000BF01250127E078800720D44EE056
:104A600004F10800002104F0AFF904E004F128008B
:104A7000002104F03DFA05462F461DB1E07880077D
:104A80000ED43CE0D8F82C00D4F8A81020F0E06058
:104A900000250843C8F82C003746E07880072ED55B
:104AA000E06C4FEA301003280ED8DFE800F009036D
:104AB000130900BFD8F8000040F40030C8F8000027
:104AC0002E467DB912E000BF012501266078C006A0
:104AD00019D44CE004F10800022104F075F90546F0
:104AE0002E461DB16078C0060DD440E0D8F82000F5
:104AF000E16C20F0300000250843C8F820003E4655
:104B00006078C00633D5E06D4FEA303004280DD808
:104B1000DFE800F00412181E1E0000BFD8F80000E5
:104B200040F40030C8F8000012E000BF0125012762
:104B3000607880061FD44EE004F10800002104F0E4
:104B400043F904E004F12800002104F0D1F90546FE
:104B50002F461DB1607880060DD43CE0D8F82400C3
:104B6000E16D20F4E04000250843C8F824003746F2
:104B7000607880062FD5206E4FEA3040052809D88E
:104B8000DFE800F0040E1404040400BF2E46ADB9A3
:104B900018E000BF01250126607840061FD44FE0D1
:104BA00004F10800012104F00FF904E004F12800E9
:104BB000012104F09DF905462E461DB1607840069E
:104BC0000DD43DE0D8F82400216E20F4E02000252B
:104BD0000843C8F824003E466078400630D5D4F833
:104BE000AC004FEA3070052808D8DFE800F0030D6C
:104BF000130303032F46ADB918E000BF01250127B9
:104C00006078000620D442E004F10800012104F09D
:104C1000DBF804E004F12800012104F069F90546FD
:104C20002F461DB1607800060ED430E0D8F82C0075
:104C3000D4F8AC1020F0E04000250843C8F82C0060
:104C400037466078000622D5E06E58B1B0F1005FBB
:104C50000CD0B0F1805F2FD1D8F8000040F40030C4
:104C6000C8F800002E469DB908E000BF04F1080016
:104C7000012104F0A9F805462E464DB9D8F82400C4
:104C8000E16E20F0405000250843C8F824003E465D
:104C9000E078C00733D0A06C032813D8DFE800F019
:104CA00008021A08D8F8000040F40030C8F80000E4
:104CB000A946BDB91AE000BF01250126E078C0076A
:104CC000E9D11CE001254FF00109A07840061AD572
:104CD0001CE000BF04F10800022104F075F805464D
:104CE000A9461DB1A07840060DD50FE0D8F82000E8
:104CF000A16C20F0030000250843C8F82000B1464D
:104D0000A078400602D44F4618E000BFD8F8D4037C
:104D100040F48070C8F8D403FFF796F8064600BF49
:104D2000D8F8D403C00507D4FFF78EF8801B642899
:104D3000F6D90325032701E02F468DB12078C0075F
:104D400061D0A06F4FEAF00005283BD8DFE800F003
:104D500004404604040400BF002D2E4646D149E01D
:104D6000D8F84410D4F8B000414011F4407F11D07D
:104D7000D8F84410D8F8442042F48032C8F84420CF
:104D8000D8F8442021F4407122F48032C8F844203D
:104D9000C8F84410B0F5807F40F0CE82FFF754F899
:104DA000064641F2883A0325032700BFD8F844009D
:104DB000800700F1BF82FFF747F8801B5045F5D907
:104DC000BCE700BF01250126207880071FD44CE0F6
:104DD00004F10800012103F0F7FF04E004F12800CA
:104DE000012104F085F805462E461DB12078800784
:104DF0000DD43AE0D8F82800A16F20F03800002543
:104E00000843C8F828003E46207880072DD5606FFB
:104E1000052809D8DFE800F0040E1404040400BFDC
:104E20002F46ADB918E000BF0125012720784007C3
:104E30001FD44DE004F10800012103F0C5FF04E098
:104E400004F12800012104F053F805462F461DB156
:104E5000207840070DD43BE0D8F82800616F20F09F
:104E6000070000250843C8F8280037462078400787
:104E70002ED5D4F89000052808D8DFE800F0030DFF
:104E8000130303032E46ADB918E000BF0126012528
:104E90002078800620D451E004F10800012103F0BD
:104EA00093FF04E004F12800012104F021F80546F5
:104EB0002E461DB1207880060ED43FE0D8F82C0095
:104EC000D4F8901020F0070000250843C8F82C0003
:104ED0003E462078800631D5D4F88C004FEA3070F9
:104EE000052809D8DFE800F0040E1404040400BF0C
:104EF0002F46ADB918E000BF0127012520784006F4
:104F000020D451E004F10800002103F05DFF04E02B
:104F100004F12800022103F0EBFF05462F461DB1E6
:104F2000207840060ED43FE0D8F82800D4F88C1042
:104F300020F0E04000250843C8F8280037462078D4
:104F4000400631D5D4F898004FEAB020052809D89A
:104F5000DFE800F0040E1404040400BF2E46ADB9CF
:104F600018E000BF012601252078000620D454E077
:104F700004F10800002103F027FF04E004F12800F9
:104F8000022103F0B5FF05462E461DB1207800062C
:104F90000ED442E0D8F82C00D4F8981020F4E05059
:104FA00000250843C8F82C003E462078000634D57A
:104FB000D4F89C004FEA703005280FD8DFE800F0E5
:104FC00004141A04040400BF2F46E5B12068010749
:104FD00027D4C1063ED4000355D475E0012701252E
:104FE00020680107F5D51CE004F10800002103F05A
:104FF000EBFE04E004F12800022103F079FF0546EE
:10500000002D2F46E2D1D8F82C00D4F89C1020F4C3
:10501000604000250843C8F82C0037462068010787
:10502000D7D5D4F88000B0F5805F09D104F128000D
:10503000022103F05DFF002818BF0127D4F880008B
:10504000D8F8281021F440510843C8F828002068F7
:10505000C106C0D5D4F89400B0F5807F09D104F121
:105060002800022103F044FF002818BF0127D4F8CC
:105070009400D8F82C1021F440710843C8F82C0093
:105080002068000320D5D4F8A000B0F5003F0FD071
:10509000B0F5803F06D078BB04F10800002103F092
:1050A00093FE04E004F12800022103F021FF0546ED
:1050B0002E4655B9D8F82C00D4F8A01020F4403072
:1050C00000250843C8F82C003E46A07840072BD5A1
:1050D000D4F88400B0F5401F0BD0B0F5001F11D0FC
:1050E000B0F5801F2AD1D8F8000040F40030C8F88D
:1050F00000002F46CDB90DE001260125A07840071C
:10510000E6D411E004F12800012103F0F1FE054688
:105110002F4655B9D8F82800D4F8841020F4401050
:1051200000250843C8F828003746A078C0070AD1F0
:105130003E462168880016D533E000BF01270125CF
:10514000A078C007F4D0206DB0F5803F10D018BB18
:10515000D8F8000040F40030C8F800002E4685B1B1
:10516000216888001DD460688A0326D465E000BFEA
:1051700004F10800022103F027FE0546002D2E460B
:10518000EED1D8F82000216D20F4803000250843AE
:10519000C8F82000CCE700BF01260125216888005F
:1051A000E1D504F12800022103F0A2FE002818BF77
:1051B0000126D4E900108A033FD5E26F6FF00103A6
:1051C00003EB3223022B0BD34FEA322343B1012BE3
:1051D00040F0AA80D8F8003043F40033C8F800301B
:1051E00025B3CA022CD48A0234D44A003CD4CA0F54
:1051F00049D1090251D4C1075AD1810763D441076B
:105200006CD4010776D4C10600F18080800607D5F2
:1052100004F12800022103F06BFE002818BF0125CD
:10522000002D18BF01252846BDE8F087D8F82830A2
:1052300023F440731A43C8F828203546CA02D2D551
:10524000D8F82420236F22F000421A43C8F8242003
:105250008A02CAD5D8F82420A36E22F080721A439D
:10526000C8F824204A00C2D558F81C2C22F4004269
:1052700048F81C2CD4F8B42058F81C3C1A4348F8C1
:105280001C2CCA0FB5D0D8F82020636D22F04052F4
:105290001A43C8F820200902ADD5D8F82810D4F850
:1052A000882021F440011143C8F82810C107A4D078
:1052B00004F10800002103F087FD002818BF05460F
:1052C000606881079BD504F10800012103F07CFD93
:1052D000002818BF05466068410792D504F1080010
:1052E000022103F071FD002818BF05466068010720
:1052F0007FF589AF04F12800002103F0F9FD0028B3
:1053000018BF05466068C1067FF580AF04F128002C
:10531000012103F0EDFD002818BF054660688006F6
:105320007FF57EAF74E700BF0125CA027FF55BAF52
:1053300086E700BFD4F8B0004FF6CF7358F81C2CA6
:10534000C0F2FF0300F4407122F47C5203EA101310
:105350006FF31F30B1F5407F08BF1A43002548F8AE
:105360001C2CD8F844100843C8F84400FFF7CBBC05
:105370002DE9F04381B0002800F02A8142F20008B4
:105380000446C5F200288946D8F8000000F00F0056
:1053900088420ED2D8F8000020F00F0040EA090041
:1053A000C8F80000D8F8000000F00F00484540F0B1
:1053B0000F81206844F218474107C5F602070AD555
:1053C00021693A6802F07002914204D93A6822F0E9
:1053D00070021143396001070AD561697A6802F0E9
:1053E0007002914204D97A6822F070021143796008
:1053F000C1060AD5A1697A6802F4E062914204D933
:105400007A6822F4E0621143796081060AD5E16985
:10541000BA6802F07002914204D9BA6822F07002B0
:105420001143B96010F002010AD0E2683B6803F052
:105430000F039A4204D93B6823F00F031A433A60E2
:10544000C20746D0386820F47061D4E9010201280F
:1054500041EA0201396009D003280DD0022811D198
:1054600057F8181C890340F1B38010E057F8181C56
:10547000C90540F1AD800AE057F8181C890140F1D8
:10548000A78004E057F8181C490740F1A18057F89D
:10549000081C21F00701084347F8080CFEF7D4FC6C
:1054A000064641F2883500BF57F8080C616800F0E5
:1054B0003800B0EBC10F09D0FEF7C6FC801BA84234
:1054C000F2D9032001B0BDE8F08300BF206800F0EE
:1054D000020151B1E1683A6802F00F02914204D230
:1054E0003A6822F00F0211433960D8F8001001F039
:1054F0000F0149450DD9D8F8001021F00F0141EAFC
:105500000901C8F80010D8F8001001F00F01494552
:105510005ED141070AD521693A6802F070029142D2
:1055200004D23A6822F070021143396001070AD5AB
:1055300061697A6802F07002914204D27A6822F0BE
:10554000700211437960C1060AD5A1697A6802F434
:10555000E062914204D27A6822F4E06211437960F9
:1055600080060AD5E069B96801F07001884204D26A
:10557000B96821F070010843B86000F0B5F83968E7
:105580004BF2C0733A68C0F60003C1F3032102F086
:105590000F02595C9A5C01F01F0120FA01F102F040
:1055A0001F0040F2080221FA00F0C2F2004210602F
:1055B00040F2040040F20402C2F20000C2F20042D3
:1055C0000068116001B0BDE8F043FEF789BC00BF80
:1055D000012001B0BDE8F08380B500F085F844F209
:1055E00018414BF2C073C5F60201C0F600030A6809
:1055F000096801F00F01C2F30322595C9A5C02F0C2
:105600001F0220FA02F201F01F0040F2080122FA04
:1056100000F0C2F20041086040F20401C2F2004111
:105620000A6080BD0000000080B500F05DF844F223
:10563000184C4BF2C071C5F6020CC0F60001DCF844
:105640000020DCF8003003F00F03C2F30322CB5C30
:105650008A5C02F01F02D04003F01F0240F20803F0
:1056600020FA02F2C2F200431A6040F20403C2F2CE
:1056700000431860DCF80400C0F30210085C00F07E
:105680001F0022FA00F080BD80B500F02DF844F232
:10569000184C4BF2C071C5F6020CC0F60001DCF8E4
:1056A0000020DCF8003003F00F03C2F30322CB5CD0
:1056B0008A5C02F01F02D04003F01F0240F2080390
:1056C00020FA02F2C2F200431A6040F20403C2F26E
:1056D00000431860DCF80400C0F30220085C00F00E
:1056E0001F0022FA00F080BD44F20041C5F602011D
:1056F0000869C0F3C200032810D002282ED098BB3E
:105700000868800649F20000C0F2D03058BF7047E8
:105710000968C1F3C101C840704700BF8A6A886A3E
:10572000C0F3051CC86ABCF1000F4B6B22D000F01F
:10573000010002F003024042022A00EAD3006FF3A4
:105740005F3000EE100AB8EE400A15D0C2B9086802
:10575000800619D49FED281A23E000BF47F64000C9
:10576000C0F27D10704700BF40F60010C0F23D004F
:10577000704700BF002070479FED1E1A11E000BF68
:105780009FED1B1A0DE000BF086849F20002C0F24D
:10579000D032C0F3C10022FA00F001EE100AB8EED8
:1057A000411A086B9FED153A6FF35F2002EE100A65
:1057B000086BC0F34620B8EE422A013000EE032AFF
:1057C00000EE10CAB7EE003AB8EE400A81EE000AC9
:1057D00032EE031A20EE010A01EE100AB8EE411A69
:1057E00080EE010ABCEEC00A10EE100A704700BF3E
:1057F0000024744A20BCBE4B0024744C00000039C5
:10580000F0B581B0002800F0D5800446007844F25D
:105810000046C007C5F6020622D12078800768D569
:10582000306910F03801B06A42D0182908BF5FEA29
:1058300080703DD0E0683168002800F0258121F0BB
:10584000190108433060FEF7FFFA0546306840074B
:1058500048D4FEF7F9FA401B0228F7D977E100BFD8
:10586000306900F03801B06A102905D018290BD131
:1058700000F00300022807D130688003CDD56068AE
:105880000028CAD196E000BF6068002800F032818D
:10589000B0F5A02F00F04681B0F5803F00F04681C2
:1058A000306820F480303060306820F4802040E19F
:1058B00030684007E06801D500287BD0316821F0CE
:1058C000190108433060FEF7BFFA0546306840070B
:1058D00008D4FEF7B9FA401B02284FF00300F5D9AF
:1058E00001B0F0BD7068216920F0FE4040EA01601F
:1058F00070602078C00619D5306900F03801B06AB0
:10590000082906D0182940F0818000F00300012802
:105910007CD13068C00502D5E06980284AD1F068A2
:10592000216A20F07C5040EA0160F0602078000796
:1059300044D42078800655D42078400700F17E803A
:10594000656A9DB3306900F03800182840F0148172
:10595000012DB16A306B2DD001F00302A36A9A4287
:1059600028D1C1F30511E26A914223D10146226B8D
:105970006FF35F21013A91421CD1C0F34622616B63
:1059800001398A4216D1C0F30642A16B01398A421D
:1059900010D1C0F30660E16B013988420AD1706B07
:1059A000A16CC0F3CC00814240F09C81002001B08A
:1059B000F0BD00BF012001B0F0BD00BF606900284C
:1059C000706F4FD040F001007067FEF73DFA05465A
:1059D000706F8007ADD4FEF737FA401B0228F7D965
:1059E000B5E000BFA0690028306871D040F4805055
:1059F0003060FEF729FA0546306880049CD4FEF733
:105A000023FA401B0228F7D9A1E000BFE069002873
:105A1000306800F09F8040F080003060FEF714FA9C
:105A2000054600BF3068C0053FF579AFFEF70CFAB8
:105A3000401B02284FF00300F4D951E7D6F80004C8
:105A400040F48070C6F80004FEF7FEF9054600BF7A
:105A5000D6F80004C00529D4FEF7F6F9401B6428E7
:105A6000F6D974E020F001007067FEF7EDF9054605
:105A7000706F80077FF55DAFFEF7E6F9401B0228E7
:105A80004FF00300F4D92BE721F001003060FEF75E
:105A9000DBF90546306840077FF52BAFFEF7D4F9F8
:105AA000401B02284FF00300F4D919E7A068002832
:105AB00000F08480052800F09B80012800F09C8085
:105AC000306F20F001003067306F20F0040096E066
:105AD00020F480503060FEF7B7F905463068800446
:105AE0007FF52AAFFEF7B0F9401B02284FF0030004
:105AF000F4D9F5E6306820F480303060306820F466
:105B000080203060FEF7A0F9054600BF30688003B2
:105B10007FF583AEFEF798F9401B64284FF0030031
:105B2000F4D9DDE6306840F480203060306840F41D
:105B300080303060FEF788F9054600BF306880038A
:105B40003FF56BAEFEF780F9401B6428F6D90320C1
:105B500001B0F0BD20F080003060FEF775F9054619
:105B60003068C0057FF5E2AEFEF76EF9401B0228F3
:105B70004FF00300F4D9B3E6306820F08070306055
:105B8000FEF762F9022D05460CD100BF3068800196
:105B900048D5FEF759F9401B02284FF00300F5D90C
:105BA0009EE600BF306880017FF500AFFEF74CF93C
:105BB000401B02284FF00300F4D991E6306F20F02B
:105BC00001003067306F20F004003067FEF73CF9C9
:105BD000054641F28837306F80077FF5B1AEFEF79A
:105BE00033F9401BB8424FF00300F4D978E600BF08
:105BF000306F40F004003067306F40F001003067D4
:105C0000FEF722F9054641F2883700BF306F800762
:105C10003FF596AEFEF718F9401BB8424FF003006F
:105C2000F4D95DE604F12807B06A40F2F331884305
:105C30008ECF0843591E40EA02104FF47E426FF3A4
:105C40005F21B06202EB47204FF4FE0280B2E36BAB
:105C50000844A16B02EB01414FF0FE4201F4FE014A
:105C600002EB0362084402F0FE4108443063F06A2C
:105C70004FF6F87120F00100F062706BA26C88435F
:105C800040EAC2007063F06A216C20F00C00084307
:105C9000F062F06A616C20F002000843F062F06A82
:105CA00040F48030F062F06A40F40030F062F06A54
:105CB00040F48020F062F06A40F00100F062306849
:105CC00040F080703060FEF7BFF804463068800115
:105CD0003FF56CAEFEF7B8F8001B02284FF003004A
:105CE000F4D9FDE5F06A20F00100F062FEF7ACF8AF
:105CF0000546FEF7A9F8A842FBD0706B4FF6F87185
:105D0000A26C884340EAC2007063F06A40F0010070
:105D1000F062002001B0F0BD411E0020B0EB116F19
:105D200002D00120704700BF4EF21002F023CEF2E5
:105D3000000251604EF62351CEF200010B70072194
:105D40009060116070470000704700000000000084
:105D500070470000000000007047000000000000D5
:105D6000B0B590F83C20012A02D10220B0BD00BF9E
:105D7000D1E9022323F47C5322F4705242EA030552
:105D800048F2FF73D1E900CECEF6F0730EEA0302BB
:105D900003F5006445EA020E0CEA04050C6903F5FC
:105DA000C05245EA0E0522402A434D692A4303F5B5
:105DB00060550C6B03F5F0432A40234013430268FF
:105DC00040F2004C42F48065C4F2010C8C696545D8
:105DD00040F2000CCEF6FF7CCD690CEA044443EAA5
:105DE000050343EA040318D14FF6FF7540F2000C97
:105DF000CDF60F458C6ACDF6F04C03EA050E0D6A20
:105E00000CEA04544B6A44EA0E0425F0085523F0CA
:105E100000532543C96A2B430B430021536480F888
:105E20003C100846B0BD000070B588B0002861D0B5
:105E3000044690F83D000D4628B9002084F83C0047
:105E4000204600F05DF8022084F83D002068211D06
:105E500003F0A2FB20682968AB68032203F0C0FCB2
:105E600020680026816921F00C01816169688269DE
:105E70001143816141684FF68F7241F080014160AA
:105E80008168CFF6CF721140816081684FF6F87259
:105E900041F0400181608168CFF6FE72114081605F
:105EA000816841F00401816070210191E9680291EB
:105EB00001A90796CDE90566CDE9036603F038FC34
:105EC0002068416821F070014160416841F0500153
:105ED0004160012084F8480084F83E0084F83F00C7
:105EE00084F8440084F8450084F83D00304608B04A
:105EF00070BD00BF0126304608B070BD0000000034
:105F000080B586B040F600010068C4F20001884206
:105F100002D006B080BD00BF44F2E040C5F60200EA
:105F2000816841F004018160816801F00401019100
:105F30000199016841F0080101600068002100F04A
:105F40000800019001984FF4E04001900220029077
:105F5000059040F60040CDE90311C5F6020001A905
:105F6000FDF77AFE1E2000210022FEF761F81E20B8
:105F7000FEF74AF806B080BD10B5044690F83E0022
:105F800094F83F30012894F844204FF0010094F831
:105F9000451008BF012B01D010BD00BF012A08BF6A
:105FA0000129F9D1022084F83E0084F83F00012243
:105FB00084F8440084F845002068C16841F002017B
:105FC000C160002103F0A4FB4DF6FF702168C4F20C
:105FD0000000814214DC40F2FF70C4F200008142F4
:105FE00024DD40F60000C4F20000814230D040F6CB
:105FF0000040C4F2000081422AD041F6000023E0B4
:106000004FF6FF70C4F20000814215DD0020C4F29B
:10601000010081421CD044F20000C4F20100814220
:1060200016D040F20040C4F201000FE0B1F1804F01
:106030000ED040F2004007E04EF20000C4F2000033
:10604000814205D04EF20040C4F2000081420AD1E4
:1060500007228868C0F2010202400020062A18BF09
:10606000B2F5803F98D0086840F001000860002039
:1060700010BD000000000000B0B590F83C20012ADF
:106080004FF0020263D080F83D2040F2004C0268DD
:10609000C4F2010C42F4806363455368D2F808E00F
:1060A00002BF23F470034C6823434DF6FF740D6860
:1060B000C4F2000423F07003A24243EA05035360D4
:1060C00014DC40F2FF73C4F200039A4222DD40F672
:1060D0000003C4F200039A422ED040F60043C4F2FB
:1060E00000039A4228D041F6000321E04FF6FF73E7
:1060F000C4F200039A4213DD0023C4F201039A4262
:106100001AD044F20003C4F201039A4214D062454B
:1061100012D016E0B2F1804F0ED040F2004307E0FB
:106120004EF20003C4F200039A4205D04EF200433F
:10613000C4F200039A4204D12EF080038968194307
:1061400091600022012180F83D1080F83C2010462B
:10615000B0BD00000000000051B1082910D0042992
:1061600016D100F145021278012A0ED115E000BFC8
:1061700090F84420012A08D1022280F844201BE034
:1061800000F146021278012A07D00120704700BFB3
:1061900000F147021278012AF7D10222082905D01E
:1061A000042907D180F8452006E000BF80F846208A
:1061B00002E000BF80F84720026801F00F000421D0
:1061C00001FA00F0116A81431162116A08431062FA
:1061D0004DF6FF70516CC4F20000824241F4004061
:1061E000506419DC40F2FF70C4F2000082422BDDE3
:1061F00040F60000C4F2000082423BD040F600406E
:10620000C4F20000824235D041F60000C4F2000022
:1062100082422FD03AE000BF4FF6FF70C4F2000078
:1062200082421BDD0020C4F20100824222D044F2EF
:106230000000C4F2010082421CD040F20040C4F2CF
:106240000100824216D021E0B2F1804F12D040F21C
:106250000040C4F2000082420CD017E04EF2000071
:10626000C4F20000824205D04EF20040C4F20000A9
:1062700082420BD107219068C0F201010140002049
:10628000062918BFB1F5803F00D17047106840F073
:10629000010010600020704760B310B5044690F80C
:1062A0003D0028B9002084F83C00204600F024F886
:1062B000022084F83D002068211D03F06DF90120C3
:1062C00084F8480084F83E0084F83F0084F84000D9
:1062D00084F8410084F8420084F8430084F84400C4
:1062E00084F8450084F8460084F8470084F83D00AF
:1062F000002010BD0120704780B586B040F6FF71C8
:106300000068C4F20001884220DD41F20001C4F2BD
:10631000000188423CD041F60001C4F200018842ED
:1063200046D00021C4F20101884272D144F2E84013
:10633000C5F60200816841F001018160806800F0CB
:1063400001000190019806B080BD00BFB0F1804F00
:1063500062D040F60041C4F20001884259D144F2B3
:10636000E8400022C5F60200016841F00801016022
:106370000068002100F00800019001983220FDF72C
:1063800057FE322006B0BDE88040FDF73DBE00BF9D
:1063900044F2E840C5F60200016841F010010160D6
:1063A000006800F010000190019806B080BD00BFA9
:1063B00044F2E840C5F60200016841F04001016086
:1063C000016801F040010191019950F8081C41F069
:1063D000020140F8081C50F8080C002100F00200EF
:1063E000019001984FF480400190022002900590A6
:1063F00040F20040CDE90311C5F6020001A9FDF706
:106400002BFC2B2000210022FDF712FE2B20FDF794
:10641000FBFD06B080BD00BF44F2E8400022C5F697
:106420000200016841F0010101600068002100F0F4
:106430000100019001981C20FDF7FAFD1C2006B018
:10644000BDE88040FDF7E0BD90F83D10012927D15F
:10645000022180F83D1001684DF6FF70C4F2000083
:106460008142C86840F00100C8601BDC40F2FF7048
:10647000C4F2000081422DDD40F60000C4F20000AD
:1064800081423DD040F60040C4F20000814237D046
:1064900041F60000C4F20000814231D03CE000BF70
:1064A000012070474FF6FF70C4F2000081421BDDEF
:1064B0000020C4F20100814222D044F20000C4F264
:1064C000010081421CD040F20040C4F20100814230
:1064D00016D021E0B1F1804F12D040F20040C4F25A
:1064E000000081420CD017E04EF20000C4F2000020
:1064F000814205D04EF20040C4F2000081420BD12F
:1065000007228868C0F2010202400020062A18BF54
:10651000B2F5803F00D17047086840F00100086084
:10652000002070470000000010B590F83C20012AC0
:106530004FF0020200F0B78080F83D208822D0F8AA
:1065400000E0CFF6CE72DEF808301A40CEF8082010
:106550000B686F2B0EDDB3F1101F39DAB3F5005F56
:1065600048DA702B00F0A280B3F5805F00F09480D1
:10657000E4E000BF2F2B35DD4F2B41DC302B00F04A
:106580007F80402B40F0DA8043F6FF72D1F804C0E0
:10659000C4F20102C968DEF820309645DEF82020FA
:1065A00022F00102CEF8202040F3CA8044F200021B
:1065B000C4F20102964500F0CE8044F60002C4F217
:1065C0000102964500F0C78044F20042BFE000BFE0
:1065D0002F21C0F210018B4248DCB3F1101F4FD0C5
:1065E000202149E0002B18BF102B49D0202B47D089
:1065F000A4E000BF6ED0B3F5801F41D09EE000BF85
:10660000502B7BD0602B40F0998040F200444EF438
:106610008062C4F20104D1F804C0C968DEF82030F9
:10662000A242DEF8202022F01002CEF8202002BF85
:10663000DEF8202022F04002CEF82020DEF81820DC
:1066400022F4704242EA013123F0A002CEF8181081
:1066500042EA0C11CEF820104FF68872DEF80810CE
:10666000CFF6CF721140673114E000BF3021C0F285
:1066700010018B4204D04021C0F210018B425DD149
:106680004FF68872DEF80810CFF6CF72114019432A
:1066900041F00701CEF808100022012180F83D10DA
:1066A000002180F83C10104610BD00BFD1E901C3A5
:1066B000C968DEF8082043EA0C0322F47F4243EA6B
:1066C00001211143CEF80810DEF8081041F07701DF
:1066D000E0E700BFD1E901C3C968DEF8082043EA5A
:1066E0000C0322F47F4243EA01211143CEF8081043
:1066F000DEF8081041F48041CCE700BF43F6FF729A
:10670000D1F804C0C4F20102C968DEF82030964511
:10671000DEF8202022F00102CEF8202038DD44F2FD
:106720000002C4F2010296453DD044F60002C4F2D4
:106730000102964537D044F2004230E00122ACE736
:106740000022C4F20102964505D040F20042C4F294
:106750000102964505D1DEF8202022F00402CEF891
:106760002020DEF8182022F0F00242EA011123F086
:106770000A02CEF8181042EA0C01CEF820104FF6AB
:106780008872DEF80810CFF6CF721140473181E7EA
:106790000022C4F20102964505D040F20042C4F244
:1067A0000102964505D1DEF8202022F00402CEF841
:1067B0002020DEF8182022F0F00242EA011123F036
:1067C0000A02CEF8181042EA0C01CEF820104FF65B
:1067D0008872DEF80810CFF6CF721140573159E7B2
:1067E000002857D02DE9F04381B0044690F83D00D1
:1067F0000D4628B9002084F83C00204600F04CF8F3
:10680000022084F83D0020684BF6F872CFF6FE7245
:10681000816811408160211D02F0BEFE20684FF6A4
:10682000FF79D0F808808269D0F820C0AF69D5E937
:10683000026122EA090246EA07264FF6FC47BE43F8
:10684000EF6911432A6931432E6A41EA07216F69D2
:10685000D5E9003E41EA02112CF0AA0242EA0E02FA
:1068600043EA080341EA06318360816142EA071185
:106870000162012084F8480084F83E0084F83F005B
:1068800084F8440084F8450084F83D00002001B0FD
:10689000BDE8F0830120704780B586B040F200412A
:1068A0000068C4F20001884202D006B080BD00BF7B
:1068B00044F2E040C5F60200816841F002018160C7
:1068C000816801F0020101910199016841F0010123
:1068D00001600068002100F0010001900198C020D3
:1068E00001900220029005900020CDE90311C5F629
:1068F000020001A9FDF7B0F906B080BD000000005C
:1069000080B590F83E20042990F83F3090F844E09C
:1069100090F845C00AD0B9B9012A4FF0010208BF6A
:10692000BEF1010F34D0104680BD00BF0122012B03
:1069300008BFBCF1010FF6D1022180F83F1080F8AA
:106940004510006820E000BF012A4FF0010208BF97
:10695000012BE8D1BEF1010F08BFBCF1010FE2D15C
:106960004FF0020280F83E2080F83F2080F844205B
:1069700080F8452089B10068016A21F001010162B7
:10698000016A41F00101016210216FF0100208E07C
:10699000022180F83E1080F84410006801216FF059
:1069A0000102036A1A400262026A1143016201682D
:1069B000002241F001010160104680BD000000008E
:1069C00080B541F600020168C4F20002914213D082
:1069D00040F60002C4F20002914216D1007F012865
:1069E00013D101F0C1FDFAF7E7F9002818BF80BD07
:1069F000BDE88040FAF7E8B9FAF7F2F840F2101073
:106A0000C2F2000001680131016080BD0000000099
:106A1000F0B581B0044690F83C00012802D1022074
:106A200001B0F0BD0D464FEAB20103294FF001005D
:106A300084F83C0000F29280DFE801F0020C3C6830
:106A40002068EB68D5E9001202F0CAFE206850F811
:106A5000181F56E0206840F2004640F48062C4F2FD
:106A60000106D5E900C1EB68D0F820E0B242026A25
:106A700022F01002026202BF026A22F040020262A9
:106A800009024FF2FF0650F8182FB14363F30F319C
:106A900022F4734211430CF00A022EF0A0030160AD
:106AA00043EA02118160016821F440610160A96834
:106AB00009024FE0206840F2004240F48066C4F2D0
:106AC0000102D5E900C3E968D0F820E061F30713BB
:106AD0009642026A22F48072026202BF026A22F4C3
:106AE0008062026250F81C2F22F0F30243EA020196
:106AF0000CF00A022EF42063016043EA0221416097
:106B0000016821F00C010160A96823E021684FF2BF
:106B1000FF07D5E900E3D5E902C50E6A1B02086A42
:106B2000BB4365F30F3320F480500862084626F417
:106B3000204750F81C2F22F473421A430EF00A0328
:106B4000026047EA03320A62016821F44061016091
:106B50004FEA0C210268114301600020002184F8F3
:106B60003C1001B0F0BD000060B310B5044690F8D1
:106B70003D0028B9002084F83C00204600F024F8AD
:106B8000022084F83D002068211D02F005FD01204F
:106B900084F8480084F83E0084F83F0084F8400000
:106BA00084F8410084F8420084F8430084F84400EB
:106BB00084F8450084F8460084F8470084F83D00D6
:106BC000002010BD01207047704700000000000049
:106BD00080B589B10A1F4FEAB20EBEF1030F21D86A
:106BE000DFE80EF00228384000F13F0292F800C0C2
:106BF000082925D13CE000BF90F83E2090F84430B1
:106C0000012A4FF0010208BF012B3AD1022280F87D
:106C10003E2080F844204FEAB1030122032B30D8F4
:106C200077E000BF00F1430292F800C0082907D1C5
:106C30001EE000BF00F1400292F800C0082917D002
:106C4000042903D100F1450214E000BF00F147021E
:106C500010E000BF00F1410292F800C00829EFD116
:106C600006E000BF00F1420292F800C00829E7D117
:106C700000F1460213780122BCF1010F08BF012B7D
:106C800002D0104680BD00BFBEF1030F0CD8DFE874
:106C90000EF003132B3300BF022280F83F200222A4
:106CA00008290FD12EE000BF022280F843200222E3
:106CB000082907D126E000BF022280F840200222E6
:106CC00008291FD0042907D180F845204FEAB103D5
:106CD0000122032BD5D81CE080F847204FEAB103EE
:106CE0000122032BCDD814E0022280F84120022299
:106CF0000829E7D106E000BF022280F842200222E4
:106D00000829DFD180F846204FEAB1030122032B86
:106D1000B7D8D0F800C04BF2E870C0F6000050F8C9
:106D20002300DCF80C301843CCF80C0001F01F00F5
:106D3000DCF8201002FA00F08143CCF820104DF668
:106D4000FF71DCF82020C4F2000110438C45CCF820
:106D5000200015DC40F2FF70C4F20000844525DD00
:106D600040F60000C4F20000844531D040F60040F7
:106D7000C4F2000084452BD041F6000024E000BF9F
:106D80004FF6FF70C4F20000844515DD0020C4F208
:106D9000010084451CD044F20000C4F20100844587
:106DA00016D040F20040C4F201000FE0BCF1804F69
:106DB0000ED040F2004007E04EF20000C4F20000A6
:106DC000844505D04EF20040C4F2000084450CD149
:106DD0000721DCF80800C0F2010100220140062969
:106DE00018BFB1F5803F3FF44CAFDCF80000002243
:106DF00040F00100CCF80000104680BD000000000B
:106E0000F0B581B004460068C5680669B10717D5BA
:106E100015F0020114D06FF0020101610121217708
:106E20008069800704D02046FFF7CAFD06E000BF56
:106E3000204600F09DF8204600F03AFB0020207725
:106E4000700719D515F0040016D020686FF0040102
:106E5000016102212177806910F4407F04D020462F
:106E6000FFF7AEFD06E000BF204600F081F82046A7
:106E700000F01EFB00202077300717D515F0080022
:106E800014D020686FF00801016104212177C069E6
:106E9000800703D02046FFF793FD05E0204600F071
:106EA00067F8204600F004FB00202077F00619D593
:106EB00015F0100016D020686FF010010161082154
:106EC0002177C06910F4407F04D02046FFF778FD99
:106ED00006E000BF204600F04BF8204600F0E8FA3C
:106EE00000202077F00718BF15F0010006D02068B9
:106EF0006FF001010161204600F0AEFB05F0800754
:106F000016F4025F18BF002F02D1F00509D410E07B
:106F100020686FF4025101612046FEF719FFF00569
:106F200007D537B120686FF4807101612046FEF704
:106F30000BFF700609D515F0400006D020686FF0F1
:106F400040010161204600F00BFCB0060CD515F0A5
:106F5000200009D020686FF020010161204601B0B7
:106F6000BDE8F040FEF7F8BE01B0F0BD0000000043
:106F700070470000000000002DE9F04190F83C301F
:106F8000012B03D10220BDE8F08100BF4FEAB2021D
:106F9000052A31D8DFE812F0060038007800B80082
:106FA000DE000401036843F6FF76C4F201061C6AA2
:106FB000B3421A6A24F0020422F001021A621A464D
:106FC000D3F804E052F818CF8D6844EA0504D1F8EC
:106FD000008040F30B8144F20007C4F20107BB427A
:106FE00000F00F8144F60007C4F20107BB4200F035
:106FF000088144F2004700E10121002280F83C2092
:107000000846BDE8F08100BF036840F2004843F441
:107010008066C4F201081F6A46451A6A27F02007F5
:1070200022F010021A621A465D6852F818CF8C6876
:10703000D1F800E047EA041408D11E6A24F0800465
:1070400026F040061E62CE6844EA061443F6FF7638
:10705000C4F20106B34240F3F18044F20006C4F2E8
:107060000106B34200F0F18044F60006C4F20106C6
:10707000B34200F0EA8044F20046C4F20106B34293
:1070800000F0E380E8E000BF036840F2004843F40A
:107090008066C4F201081F6A46451A6A27F4007721
:1070A00022F480721A621A465D6852F81CCF8C680E
:1070B000D1F800E047EA042408D11E6A24F40064F1
:1070C00026F480661E62CE6844EA062443F6FF7604
:1070D000C4F20106B34240F3D78044F20006C4F282
:1070E0000106B34200F0D78044F60006C4F2010660
:1070F000B34200F0D08044F20046C4F20106B3422D
:1071000000F0C980CEE000BF036843F6FF77C4F209
:107110000107D3F820C0BB421A6A22F480521A62D7
:107120001A465C6852F81C6F0D68D1F808E040F30D
:10713000D18044F20007C4F20107BB4200F0D580C1
:1071400044F60007C4F20107BB4200F0CE8044F2CF
:107150000047C6E0036843F6FF77C4F20107D3F89F
:1071600020C0BB421A6A22F480321A621A465C6856
:1071700052F8546F0D68D1F808E040F3D58044F21E
:107180000007C4F20107BB4200F0D98044F60007B3
:10719000C4F20107BB4200F0D28044F20047CAE0CB
:1071A000036843F6FF77C4F20107D3F820C0BB425F
:1071B0001A6A22F480121A621A465C6852F8546FF6
:1071C0000D68D1F808E040F3DB8044F20007C4F218
:1071D0000107BB4200F0DF8044F60007C4F201075C
:1071E000BB4200F0D88044F20047D0E00027C4F250
:1071F0000107BB4205D040F20047C4F20107BB4281
:1072000007D11F6A24F0080427F004071F62CF6823
:107210003C43B34240F3E28044F20006C4F201066C
:10722000B34200F0E68044F60006C4F20106B34221
:1072300000F0DF8044F20046D7E000BF0026C4F231
:107240000106B34201D0434506D1D1E905673E436B
:1072500025F4406545EA860548F6FF465D60CFF6B1
:10726000FF660CEA060747EA0E279F614F68096927
:107270009F631C629F6947F400679F619F6927F4C1
:1072800080679F61A7E000BF0026C4F20106B342F9
:1072900001D0434506D1D1E905673E4325F4405569
:1072A00045EA06154FF68C765D60CFF6FE760CEA61
:1072B000060747EA0E07DF614F680969DF631C6252
:1072C000DF6947F00807DF61DF6927F00407DF6146
:1072D000ADE000BF0027C4F20107BB4205D040F279
:1072E0000047C4F20107BB4204D14F6924F4804433
:1072F00044EA871448F6FF475C60CFF6FF673E40DC
:107300002CF4005746EA0524DC614E6809691E64C6
:1073100047EA0E371F62DF6947F40067DF61DF6904
:1073200027F48067DF6156E00027C4F20107BB4203
:1073300005D040F20047C4F20107BB4204D14F69B7
:1073400024F4803444EA07244FF68C775C60CFF64F
:10735000FE7703373E402CF4003746EA05045C65AF
:107360004E6809699E6547EA0E471F625F6D47F0E8
:1073700008075F655F6D27F004075F6557E000BF92
:107380000027C4F20107BB4205D040F20047C4F217
:107390000107BB4204D14F6924F4802444EA8724C6
:1073A00048F6FF475C60CFF6FF6707F540773E4041
:1073B0002CF4001746EA05245C654E680969DE6511
:1073C00047EA0E571F625F6D47F400675F655F6DA8
:1073D00027F480675F65090229E000BF0026C4F238
:1073E0000106B34205D040F20046C4F20106B342A2
:1073F00006D12EF44077D1E90565374347EA050EFB
:107400004FF68C75C3F804E0CFF6FE750CEA05075D
:1074100047EA08079F614F6809695F631C629F69BB
:1074200047F008079F619F6927F004079F61136871
:10743000194311600021002280F83C200846BDE875
:10744000F08100000000000060B310B5044690F821
:107450003D0028B9002084F83C00204600F024F8C4
:10746000022084F83D002068211D02F095F80120DB
:1074700084F8480084F83E0084F83F0084F8400017
:1074800084F8410084F8420084F8430084F8440002
:1074900084F8450084F8460084F8470084F83D00ED
:1074A000002010BD01207047704700000000000060
:1074B000704700000000000071B10A1F4FEAB202DD
:1074C000032A11D8DFE802F002161E2400F13F0360
:1074D0001B78012B13D120E090F83E20012A0ED119
:1074E000022280F83E2032E000F143031B78012B9A
:1074F00005D112E000F140031B78012B0DD00120D3
:10750000704700BF00F141031B78012B05D0F6E75F
:1075100000F142031B78012BF1D1032A08D8DFE8E0
:1075200002F0030B0F1300BF022280F83F200EE091
:10753000022280F843200AE0022280F8402006E080
:10754000022280F8412002E0022280F842200268F4
:1075500001F01F00012101FA00F0116A814311625C
:107560004EF2FF31C4F200018A42116A40EA010082
:10757000106215DC40F6FF30C4F20000824227DCC6
:10758000B2F1804F4ED040F20040C4F2000082427F
:1075900048D040F60000C4F20000824242D053E0DE
:1075A00043F6FF700021C4F20100C4F201018242DF
:1075B00044F20000C4F201001EDC4EF20043C4F2AB
:1075C00000039A422ED08A4224D040F200431DE0AC
:1075D00040F60040C4F20000824223D041F6000091
:1075E000C4F2000082421DD04EF20000C4F200003E
:1075F000824217D028E000BF82420BD044F600033D
:10760000C4F201039A4205D044F20043C4F20103DC
:107610009A4219D1536C8A4243F40041516418BF15
:1076200082420BD107219068C0F201010140002085
:10763000062918BFB1F5803F06D1704740F20040DF
:10764000C4F201008242EDD0106840F001001060E9
:107650000020704700000000B0B540F6004100680F
:10766000C4F20001884245D0B0F1804F18BFB0BDD0
:1076700041F20044C5F60204F9F74AFCF9F7ECFCC4
:1076800040F21005C2F2004585ED030AF9F7DCFC73
:1076900085ED040A00F06CFF2870F8F78DFF85ED8A
:1076A000050AF8F7B1FF85ED060AF8F7D5FFA868D7
:1076B0004FF40071012885ED070A43D101222046CD
:1076C000FCF7BAFB40F20C00D5ED010AC2F2004013
:1076D00095ED041A05F1240190ED000A05F1200052
:1076E000F9F78EFC95ED080AD5ED090ABDE8B04022
:1076F00001F0CEBC40F2E02040F21001C2F20040A6
:10770000C2F200419FED121A0068406A8A6A821A2A
:10771000886200EE102A40F24400C2F20040B8EE47
:10772000C00A80EE010A9FED0B1A20EE010A9FEDC0
:107730000A1A80EE010A80ED030ABDE8B040F9F7AD
:10774000CBBA00BF00222046BDE8B040FCF774BBB6
:1077500000401C46DB0FC9406F12833A0000000056
:10776000704700000000000090F88410012901D14A
:10777000022070472421C0F888100268136811683D
:1077800023F0005321F001011160002141661360D4
:107790002022C0F8882080F8841008467047000036
:1077A000704700000000000070470000000000006B
:1077B00070B590F88420012A02D1022070BD00BF6C
:1077C0002422C0F888200268D0F864E0BEF1000FDF
:1077D000D2F800C0136823F001031360936823F00C
:1077E000606341EA030191601AD091684BF6080E7C
:1077F0009368C0F6000E5B0F4BF61005C1F34266AE
:10780000C0F600051EF80340E95C2301B3FBF1F16B
:107810001EF80630AE5D1B01B3FBF6F302E000BFBD
:1078200001210123A0F86A102021A0F86830C2F8D5
:1078300000C0C0F88810002180F88410084670BD90
:1078400070B590F88420012A02D1022070BD00BFDB
:107850002422C0F888200268D0F864E0BEF1000F4E
:10786000D2F800C0136823F001031360936823F07B
:10787000604341EA030191601AD091684BF6080E0B
:107880009368C0F6000E5B0F4BF61005C1F342661D
:10789000C0F600051EF80340E95C2301B3FBF1F1DB
:1078A0001EF80630AE5D1B01B3FBF6F302E000BF2D
:1078B00001210123A0F86A102021A0F86830C2F845
:1078C00000C0C0F88810002180F88410084670BD00
:1078D000704700000000000070470000000000003A
:1078E000704700000000000070B50446006840F6D4
:1078F0002F01C26911402029016886680ED101F06C
:10790000200306F080555B191AD0616F002900F042
:107910007D802046BDE87040084700BF40F60F0359
:107920001A420DD0012340F22015C1F20003C0F22B
:10793000004506EA030C01EA050313EB0C0367D1CB
:10794000E36E012B05D112F0100318BF11F01003E4
:107950004CD1D3020AD516F4800307D04FF480111E
:1079600001622046BDE87040FFF7B6BF100606D59D
:1079700001F0800006F40003C01840F0A181500619
:107980006ED511F040006BD0206850E8000F2168E0
:1079900020F0400041E80002F2B1206850E8000FFA
:1079A000216820F0400041E80002002A1FBF206843
:1079B00050E8000F216820F040001CBF41E80002A1
:1079C000002A09D0206850E8000F216820F040000C
:1079D00041E80002002AD7D12020C4F88800002006
:1079E000A0672046BDE8704000F06EBD1021016226
:1079F0008068400616D4B4F85C00B4F85E10B4F8A1
:107A00005E20002A18BF884240F08A8170BD00BF06
:107A1000D30718BF11F480732ED1930706F0010E1F
:107A200036D440E0D4F8800040F20F42C4F20202A3
:107A30000168914200F34A816F22C4F2020291422E
:107A400000F3F0813F22C4F20202914200F3068269
:107A50001022C4F20202914200F0258228221FE285
:107A6000100240F14B8111F0804000F04781204628
:107A7000BDE87040FFF72CBF01230362D4F89030BB
:107A800043F00103C4F89030930706F0010E0AD5C5
:107A9000BEF1000F07D002230362D4F8903043F008
:107AA0000403C4F8903053070AD5BEF1000F07D085
:107AB00004230362D4F8903043F00203C4F89030FA
:107AC00013070CD501F0200353EA0C0307D0082359
:107AD0000362D4F8903043F00803C4F890301305E3
:107AE0000BD511F0806308D04FF400630362D4F823
:107AF000903043F02003C4F89030D4F89030002B3D
:107B00003FF484AF12F020020AD001F0200106F009
:107B10008052891804D0616F11B1204688472068CF
:107B2000D4F89010806800F0400001F0280140185F
:107B300006D12046FFF7D4FE0020C4F8900070BDA7
:107B4000206850E8000F216820F4907041E800029E
:107B5000F2B1206850E8000F216820F4907041E8ED
:107B60000002002A1FBF206850E8000F216820F49F
:107B700090701CBF41E80002002A09D0206850E83C
:107B8000000F216820F4907041E80002002AD7D14C
:107B90004FF6FE70CEF6FF70216851E8021F226892
:107BA000014042E80213DBB1216851E8021F22685C
:107BB000014042E80213002B1FBF216851E8021F59
:107BC000226801401CBF42E80213002B08D0216844
:107BD00051E8021F2268014042E80213002BDBD16A
:107BE000E06E012827D1206850E8000F216820F0BE
:107BF000100041E80002F2B1206850E8000F21684F
:107C000020F0100041E80002002A1FBF206850E861
:107C1000000F216820F010001CBF41E80002002A7C
:107C200009D0206850E8000F216820F0100041E8DA
:107C30000002002AD7D12020C4F88C000020E06682
:107C4000216860678868400664D5206850E8020FA4
:107C5000216820F0400041E80202F2B1206850E8BB
:107C6000020F216820F0400041E80202002A1FBFF5
:107C7000206850E8020F216820F040001CBF41E856
:107C80000202002A09D0206850E8020F216820F083
:107C9000400041E80202002AD7D1D4F88000C8B3DE
:107CA00049F66931C0F600010165FAF755FD002873
:107CB0003FF4ACAED4F88000016DBDE870400847D9
:107CC000A16F00297FF425AEA0E600BF40F26F420D
:107CD000C4F20202914200F3B18040F23F42C4F28A
:107CE0000202914200F3C28040F21042C4F202024A
:107CF000914200F0D88040F22842D1E0D0017FF5D7
:107D000085AEB1F1FF3FC8BF70BD2046BDE87040F1
:107D1000FFF74ABD2046BDE87040FFF7E1BD00BF58
:107D2000401A216851E8001F226821F4907142E84E
:107D30000013F3B1216851E8001F226821F490710B
:107D400042E80013002B1FBF216851E8001F226882
:107D500021F490711CBF42E80013002B09D0216868
:107D600051E8001F226821F4907142E80013002BB3
:107D7000D7D14FF6FE71CEF6FF71226852E8022F7E
:107D800023680A4043E80226DEB1226852E8022F47
:107D900023680A4043E80226002E1FBF226852E8EB
:107DA000022F23680A401CBF43E80226002E08D099
:107DB000226852E8022F23680A4043E80226002E78
:107DC000DBD12021C4F88C100021E16661672168B5
:107DD00051E8001F226821F0100142E80013F3B1BE
:107DE000216851E8001F226821F0100142E80013C9
:107DF000002B1FBF216851E8001F226821F01001ED
:107E00001CBF42E80013002B09D0216851E8001F75
:107E1000226821F0100142E80013002BD7D181B273
:107E200010E100BF9F22C4F20202914228DC7022BE
:107E3000C4F20202914236D0882231E040F29F42E1
:107E4000C4F20202914223DC40F27042C4F2020208
:107E5000914228D040F2884222E000BF4022C4F282
:107E6000020291421FD058221AE000BF40F2404265
:107E7000C4F20202914216D040F2584210E000BF14
:107E8000A022C4F2020291420DD0B82208E000BF45
:107E900040F2B842C4F20202914204D040F2A04241
:107EA000C4F2020291424A68B4F85C3091B20029EF
:107EB00000F0C080994280F0BD80A4F85E20C069C7
:107EC000B0F5807F00F0A980206850E8000F21689D
:107ED00020F4807041E80002F2B1206850E8000F01
:107EE000216820F4807041E80002002A1FBF20684A
:107EF00050E8000F216820F480701CBF41E80002A8
:107F0000002A09D0206850E8000F216820F4807012
:107F100041E80002002AD7D1206850E8020F21680A
:107F200020F0010041E80202F2B1206850E8020F9F
:107F3000216820F0010041E80202002A1FBF2068EA
:107F400050E8020F216820F001001CBF41E8020246
:107F5000002A09D0206850E8020F216820F00100B3
:107F600041E80202002AD7D1206850E8020F2168B8
:107F700020F0400041E80202F2B1206850E8020F10
:107F8000216820F0400041E80202002A1FBF20685B
:107F900050E8020F216820F040001CBF41E80202B7
:107FA000002A09D0206850E8020F216820F0400024
:107FB00041E80202002AD7D12020C4F88C0000201A
:107FC000E066206850E8000F216820F0100041E8CA
:107FD0000002F2B1206850E8000F216820F0100084
:107FE00041E80002002A1FBF206850E8000F216806
:107FF00020F010001CBF41E80002002A09D02068D0
:1080000050E8000F216820F0100041E80002002A2B
:10801000D7D1D4F88000FAF707F902202067B4F826
:108020005C00B4F85E10401A81B22046BDE8704092
:10803000FFF7B6BB8B427FF4E9ACC069B0F5807F37
:108040007FF4E4AC022020672046BDE87040FFF7D3
:10805000A7BB00000000000010B5E0B10446D0F856
:10806000880028B9002084F88400204600F028F811
:108070002420C4F888002068A16A0268002922F040
:108080000101016002D0204601F042FC204602F0CE
:10809000FBF8012802D1012010BD00BF2068416813
:1080A00021F490414160816821F02A0181600168DA
:1080B00041F0010101602046BDE8104001F098BC8C
:1080C0002DE9F041B4B06946044601F10800B02141
:1080D000F8F754F941F200012068C4F20101884226
:1080E00002D034B0BDE8F08101200090684600263F
:1080F0000196FCF7E9FB08B1F8F766FF44F2E040AF
:1081000040F21008C5F60200C4F20208016941F00D
:1081100010010161016901F010012F912F9901688F
:1081200041F00101016000682FA900F001002F90CB
:108130002F984FF4C0602F900220CDE93006072021
:10814000339000203296C5F60200FBF785FD40F221
:1081500058152920C2F200454FF48067C5E9010691
:108160004FF48070C5F80080C5E907062846EE6028
:10817000C5E90476AE616E62FBF76AF808B1F8F7FC
:1081800023FFC4F8805008F11800AC6340F2D0150A
:10819000C2F2004528602A2068604020A8600020C4
:1081A000C5E90307C5E90500C5E907006862284677
:1081B000FBF74EF808B1F8F707FF25200021002251
:1081C000E567AC63FBF734FF2520FBF71DFF34B0F8
:1081D000BDE8F0810000000010B50446D0F88C0026
:1081E000202809D196460A460120002918BFBEF171
:1081F000000F03D110BD00BF022010BD4FF0000CD6
:10820000C4F86CC040F600402168C5F60000814209
:1082100003D04868000200F1A780A2652220A4F8DC
:108220005CE0C4F890C0C4F88C00D4F88000F8B1C9
:1082300049F6615149F6D973C0F60001C0F6000352
:10824000C0E90F1349F671310023C0F60001C16483
:108250002168036524317346FBF72AFB40B11020E7
:10826000C4F890002020C4F88C00012010BD00BF8D
:10827000206938B3206850E8000F216840F480700E
:1082800041E80002F2B1206850E8000F216840F494
:10829000807041E80002002A1FBF206850E8000FEC
:1082A000216840F480701CBF41E80002002A09D018
:1082B000206850E8000F216840F4807041E8000217
:1082C000002AD7D1206850E8020F216840F0010051
:1082D00041E80202F2B1206850E8020F216840F044
:1082E000010041E80202002A1FBF206850E8020F87
:1082F000216840F001001CBF41E80202002A09D0B9
:10830000206850E8020F216840F0010041E80202B5
:10831000002AD7D1206850E8020F216840F04000C1
:1083200041E80202F2B1206850E8020F216840F0F3
:10833000400041E80202002A1FBF206850E8020FF7
:10834000216840F040001CBF41E80202002A09D029
:10835000206850E8020F216840F0400041E8020226
:10836000002AD7D1002010BD206850E8000F2168F6
:1083700040F0806041E80003002B3FF44EAF2068DE
:1083800050E8000F216840F0806041E80003002BB6
:108390001FBF206850E8000F216840F080601CBFBC
:1083A00041E80003002B3FF438AF206850E8000F8D
:1083B000216840F0806041E80003002BD4D12CE715
:1083C00041F200010068C4F20101884218BF704701
:1083D00002F05ABE0000000041F200010068C4F241
:1083E0000101884218BF704702F04EBE0000000035
:1083F000B0B50446D0F88800202831D100294FF0CC
:1084000001005BD0002A134608BFB0BD21650025DE
:10841000A4F854302120A4F85630C4F89050C4F881
:108420008800E06FF0B149F671324AF2F10CC0F603
:108430000002C26422684AF2B11E2832C0F6000C63
:10844000C0F6000E0565C0E90FCEFBF731FA48B162
:108450001020C4F890002020C4F888000120B0BD8E
:108460000220B0BD206840210162206850E8020F60
:10847000216840F0800041E802020AB3206850E819
:10848000020F216840F0800041E80202002A1FBF6D
:10849000206850E8020F216840F080001CBF41E8CE
:1084A0000202002A0CD0206850E8020F216840F038
:1084B000800041E80202002AD7D10020B0BD00BFF1
:1084C0000020B0BD0000000010B541F200010068BE
:1084D000C4F20101884218BF10BD40F21000C2F280
:1084E00000008188C288114401F07F018180002151
:1084F0000170C180EFF3108472B6017811B184F37A
:10850000108810BD41888288914209D280218288DA
:10851000914209D041888288914209D9418808E076
:10852000418882889142F5D184F3108810BD00BF44
:1085300080218288012303708A1AC280808840F2D9
:10854000984192B2C2F20041014440F2C430C2F2FA
:108550000040FFF74DFF84F3108810BD00000000BD
:10856000704700000000000000F00AB800000000A2
:1085700040F23C00C2F2004040787047000000002A
:1085800070B52DED028B40F600444FF48051C5F6D6
:1085900002042046FBF748FC05464FF400512046F4
:1085A000FBF742FC06464FF480412046FBF73CFCBB
:1085B000710040F23C0441EA8501C2F200440143EB
:1085C000481E2170C0B206281CD211A19FED198A45
:1085D000F0EE480A085C10A1607001EB800191ED9B
:1085E000000A02F0E3FEB5EE400A84ED010AF1EE66
:1085F00010FA03DA30EE080A84ED010ABDEC028BB2
:1086000070BD00BF00206070BDEC028B70BD00BF6C
:10861000050304010602000000000000920A063F64
:10862000DB0FC93F368D27407F926A40E4CB9640EE
:10863000884EB840DB0FC940FEE700000000000094
:1086400010B594B001A8402100241394CDE9114441
:10865000F7F794FE40F2780042F20001C2F20040C7
:10866000C4F2020101604FF48031C0E901140461D9
:108670000421416101210483C16180F82040046329
:10868000C0E90F4480F844408164F9F7D1FB08B198
:10869000F8F79AFC052011A9CDE9110440F2780001
:1086A0001394C2F20040F9F7FFF908B1F8F78CFC17
:1086B00040F27804C2F200442046F8F7D5FC0420CA
:1086C00040F2FF71C0F66000019009200290002086
:1086D000039004910421CDE905108DF825000121B6
:1086E0000A918021ADF82C008DF82E00CDE90C11F7
:1086F0008DF8380001A92046F8F7D2FC08B1F8F748
:1087000063FC14B010BD0000F0B591B001A82821A1
:108710001830F7F733FE40F2E80042F20011C2F2DF
:108720000040C4F202010025042701604FF48031AB
:10873000416001268560056147610583C66180F857
:1087400020500563C0E90F5580F844508664F9F75E
:108750006FFB08B1F8F738FC40F2E804C2F20044BD
:108760002046F8F781FC042001A9C0F660000190C2
:1087700009200695CDE9020540F2FF708DF82550DD
:10878000CDE9040720460A96ADF82C508DF82E50FE
:108790008DF83850F8F784FC08B1F8F715FC11B0E3
:1087A000F0BD00000000000080B582B044F2D84067
:1087B0000022C5F60200016841F001010160006875
:1087C000002100F00100019001980B20FBF730FC24
:1087D0000B20FBF719FC0C2000210022FBF728FCE2
:1087E0000C2002B0BDE88040FBF70EBC000000008A
:1087F00070B586B044F2E0400025C5F6020005954C
:1088000041F2004400220168C5F6020441F0200153
:10881000016001684FF4007601F020010091009999
:10882000016841F080010160016801F08001009160
:108830000099016841F001010160016801F0010146
:1088400000910099016841F010010160016801F098
:10885000100100910099016841F002010160016876
:1088600001F0020100910099016841F008010160E6
:1088700000684FF4007100F0080000900098204656
:10888000FBF7DAFA012001A9CDE90205204601969D
:108890000495FBF7E1F906B070BD00000000000090
:1088A00010B58CB040F2440041F60002C2F2000064
:1088B00000210B91C4F20002CDE909110791CDE925
:1088C0000511CDE90311CDE90111C0E90021816055
:1088D0004FF6FF72C0E903218161FDF7DDFC08B1AD
:1088E000F8F772FB4FF48050089040F2440008A95A
:1088F000C2F20000FDF718FE08B1F8F765FB40F280
:108900004400C2F20000FEF72FF908B1F8F75CFB53
:1089100040F2440005A9C2F2000000240594079427
:10892000FDF7AAFB08B1F8F74FFB012001A9CDE93B
:1089300002040520049040F244000022C2F200002C
:108940000194FEF765F808B1F8F73EFB0CB010BDD6
:10895000B0B5A0B000256846342100241A94C4F2B2
:108960000105CDE918441694CDE91444CDE912442B
:10897000CDE91044CDE90E440D94F7F7FFFC40F229
:1089800048206021C2F20040C0E90054816044F2F6
:108990002331C0E903140421416180218161FDF785
:1089A0007BFC08B1F8F710FB4FF48050179040F2B1
:1089B000482017A9C2F20040FDF7B6FD08B1F8F74C
:1089C00003FB40F24820C2F20040FEF73DFD08B133
:1089D000F8F7FAFA2020149040F2482014A9C2F2C5
:1089E00000400024CDE91544FDF746FB08B1F8F737
:1089F000EBFA60200DA9CDE90D0440F248200022D9
:108A0000C2F200401394CDE90F44CDE91144FEF7C2
:108A1000B3FA08B1F8F7D8FA40F248200DA9C2F22B
:108A200000400422FEF7A8FA08B1F8F7CDFA40F2A8
:108A300048200DA9C2F200400822FEF79DFA08B1B5
:108A4000F8F7C2FA40F248240020C2F20044029033
:108A5000CDE9000064210890CDE903104FF40051E6
:108A60000C90CDE905104FF00071CDE90910694671
:108A70002046FDF775F908B1F8F7A6FA2068A84274
:108A800002D020B0B0BD00BF44F2E040C5F6020005
:108A9000016841F01001016000681BA900F010009E
:108AA0001B901B984FF47C501B9002201C900020C0
:108AB000CDE91D0001201F9041F20000C5F6020023
:108AC000FBF7CAF820B0B0BD80B588B040F2942062
:108AD0000021C2F200400791CDE9051102914FF04B
:108AE000804202604FF48972C0E9012164228161F1
:108AF000C0E90321FDF7D0FB08B1F8F765FA4FF4A0
:108B00008050049040F2942004A9C2F20040FDF786
:108B10000BFD08B1F8F758FA00200190039040F2DD
:108B20009420C2F2004001A9FDF7A6FA08B1F8F7B7
:108B30004BFA08B080BD000010B58CB040F2E020C8
:108B400040F20041C2F200400024C4F2000101944E
:108B5000C0E900144FF6FF718460C0E903140321DB
:108B60008461CDE9031401210522CDE90514CDE985
:108B7000091403A90B92CDE90724FDF731FE08B1D2
:108B8000F8F722FA8020029040F2E0206946C2F213
:108B900000400094FDF770FA08B1F8F715FA0CB030
:108BA00010BD00000000000010B588B040F22C306D
:108BB00040F60001C2F200400024C4F20001029419
:108BC000C0E900144FF6FF718460C0E9031404A9E2
:108BD0008461CDE90444CDE90644FDF725F908B1E7
:108BE000F8F7F2F95020019040F22C3001A9C2F2BE
:108BF00000400394FDF740FA08B1F8F7E5F908B032
:108C000010BD00000000000080B588B040F2900068
:108C100040F60042C2F2000000210791C4F20002B7
:108C2000CDE90511029102604FF48972C0E901217A
:108C30004FF47A728161C0E90321FDF72DFB08B181
:108C4000F8F7C2F94FF48050049040F2900004A964
:108C5000C2F20000FDF768FC08B1F8F7B5F9002092
:108C60000190039040F29000C2F2000001A9FDF7CC
:108C700003FA08B1F8F7A8F908B080BD00000000B9
:108C800010B584B040F2783041F20001C2F20040E9
:108C900000240294C4F20001C0E9001484604FF67D
:108CA000FF71C1608461FDF7F7FA08B1F8F78CF93C
:108CB00040F2783001A9C2F2004001940394FDF71C
:108CC000DBF908B1F8F780F904B010BD000000002E
:108CD00080B540F2C43041F20001C2F20040C4F25B
:108CE00001010C2201604FF4E13141600021C0E933
:108CF00002110161C0E90521C0E90711C0E90911AC
:108D0000FFF7AAF908B1F8F75FF940F2C430002183
:108D1000C2F20040FEF794FD08B1F8F755F940F2B1
:108D2000C4300021C2F20040FEF742FD08B1F8F75E
:108D30004BF940F2C430C2F20040FEF715FD0028A6
:108D400008BF80BDBDE88040F8F73EB900000000D4
:108D5000FEE7000000000000FEE700000000000049
:108D600020EEA13AB9EE004A31EEA15A80ED042A74
:108D7000B0EE002A80ED000A23EE216AC0ED010A60
:108D800021EE044A80ED021AC0ED031A0021A5EE7F
:108D9000006AC0ED052AA3EE214A0162C0E906116E
:108DA000A1EE026A0121A5EE404A80F8301031EEB2
:108DB000010A80ED096A80ED0A4A80ED0B0A7047CE
:108DC0007047000000000000F0B581B044F22C476D
:108DD000C5F6020757F8042C02F00302032A03D158
:108DE000012001B0F0BD00BF054657F82C0C0C4621
:108DF00020F0806047F82C0CFBF726F8064600BFF1
:108E000057F82C0C000105D5FBF71EF8801B022833
:108E1000F6D964E057F8040CEE6895E80E0020F4EB
:108E20007C30012C40EA0130A2F101016FF35F2197
:108E30004FF47E4202EB432247F8040C92B24FF00B
:108E4000FE4302EB01004FF4FE012A6901EB0641EB
:108E500001F4FE0103EB0262084402F0FE41084403
:108E6000F8603868696920F0C00040EA01003860A5
:108E70003868A96920F0200040EA010038603868AD
:108E80004FF6F87120F0100038603869EA6920EA7E
:108E900001004FF4001140EAC2003861386808BF91
:108EA0004FF4801140F01000002C386008BF4FF4E0
:108EB000002138680843386057F82C0C40F0806077
:108EC00047F82C0CFAF7C0FF044600BF57F82C0CEB
:108ED000000107D4FAF7B8FF001B0328F6D30320DC
:108EE00001B0F0BD002001B0F0BD000000000000A6
:108EF000F0B581B044F22C47C5F6020757F8042CB0
:108F000002F00302032A03D1012001B0F0BD00BF2B
:108F1000054657F82C0C0C4620F0805047F82C0CD6
:108F2000FAF792FF064600BF57F82C0C800005D5D3
:108F3000FAF78AFF801B0228F6D964E057F8040C80
:108F4000EE6895E80E0020F07C70012C40EA01509C
:108F5000A2F101016FF35F214FF47E4202EB432245
:108F600047F8040C92B24FF0FE4302EB01004FF4BD
:108F7000FE012A6901EB064101F4FE0103EB0262E6
:108F8000084402F0FE41084478613868696920F4B9
:108F9000406040EA010038603868A96920F4007038
:108FA00040EA0100386038684FF6F87120F48070AC
:108FB0003860B869EA6920EA01004FF0807140EA40
:108FC000C200B861386808BF4FF4000140F48070F7
:108FD000002C386008BF4FF48001386808433860BF
:108FE00057F82C0C40F0805047F82C0CFAF72CFF67
:108FF000044600BF57F82C0C800007D4FAF724FF72
:10900000001B0328F6D3032001B0F0BD002001B0FF
:10901000F0BD0000000000007047000000000000EC
:10902000704700000000000040F20802C2F2000297
:1090300082EC020A40F21C02C2F20002C2E9010103
:10904000704700000000000010B540F21C04C2F29E
:1090500000046068002808BF10BD0021FEF72CFA4C
:1090600060680421FEF728FA60680821FEF724FAF8
:1090700060680021FDF770F860680421FDF76CF866
:1090800060680821BDE81040FDF766B800000000E8
:10909000B0B52DED088B40F21C04C2F200046068EC
:1090A000002800F05481B0EE401A20EEA00A04F12E
:1090B0001000A1EE010AB1EEC00A84ED030AB0EE81
:1090C000600AF0EE410A01F013FD94ED040A9FEDF1
:1090D000A11A20EE011AB5EE401AF1EE10FA0BDBE0
:1090E0009FED9E2AB4EE421AF1EE10FA04DA9FEDDB
:1090F0009A1A012061E000BF9FED982AB4EE421A4F
:10910000F1EE10FA0ADB9FED972AB4EE421AF1EE67
:1091100010FA03DA9FED921A02204EE09FED912A99
:10912000B4EE421AF1EE10FA0ADB9FED902AB4EE8B
:10913000421AF1EE10FA03DA9FED8B1A03203CE09D
:109140009FED8C2AB4EE421AF1EE10FA0ADB9FED85
:109150008A2AB4EE421AF1EE10FA03DA9FED841A6D
:1091600004202AE09FED842AB4EE421AF1EE10FAB0
:109170000ADB9FED832AB4EE421AF1EE10FA03DA0D
:109180009FED7E1A052018E09FED7D2A0020B4EEA9
:10919000421A0021F1EE10FAB5EE401A9FED791A4D
:1091A000A8BF0121F1EE10FAB8BF01209FED762A89
:1091B000084002FE011A18BF062040F20805B0EE72
:1091C000089AC2F200059FED718A207095ED012A80
:1091D00081EE091A22EE082A95ED003A31EE400A96
:1091E00082EE032A94ED033A22EE03AA02F036F946
:1091F00020789FED672A95ED01BA013801EE100A3B
:10920000B8EEC11A21EE021A2AEE002A94ED040AE1
:1092100084ED052A94ED03AA81EE091A84ED062A4D
:1092200095ED009A30EE010A02F018F9207895EDDC
:10923000011A06285AD82BEE082AB6EE003A82EE1A
:10924000092A22EE0A2A22EE000A94ED062A31EEBD
:10925000422A32EE402A22EE032A94ED053A30EEFD
:10926000026A9FED490A31EE424AB0EE405A32EEB0
:10927000037AB0EE403ADFE800F03305151D0D2506
:109280002D0000BFB0EE440AB0EE463AB0EE425AAE
:1092900026E000BFB0EE420AB0EE473AB0EE445AC4
:1092A0001EE000BFB0EE470AB0EE443AB0EE425ABC
:1092B00016E000BFB0EE420AB0EE443AB0EE465AB5
:1092C0000EE000BFB0EE460AB0EE423AB0EE445AAD
:1092D00006E000BFB0EE440AB0EE423AB0EE475AA4
:1092E00084ED070A84ED083A84ED095AA06870B34A
:1092F000616861B300EE100A94ED072A342094ED02
:10930000093AC4F20100B8EE400A22EE000A94EDD8
:10931000082A80EE010ABCEEC00A80ED000A94ED36
:10932000020AB8EE400A22EE000A80EE010ABCEE04
:10933000C00A80ED010A94ED020AB8EE400A23EE5D
:10934000000A80EE010ABCEEC00A80ED020ABDEC04
:10935000088BB0BDE02E6542DB0F49400000704233
:10936000DB0FC9400000F042E4CB1641000034435B
:10937000DB0F4941000034C30000F0C2D2537B41EF
:10938000000070C2E4CB964100000000D7B3DD3F7F
:10939000DB0F49C00000000080B540F22C30C2F263
:1093A0000040FCF7E9FDBDE88040FFF7E9B80000A8
:1093B000FAF752BD00000000B0B59CB044F61804A6
:1093C000022000251195CDE90F55CDE90D55CDE9C8
:1093D0000B550895C5F60204CDE90655CDE90455AF
:1093E000CDE902550195FAF763FE0095206820F457
:1093F00040402060206800F44040009000982068C1
:10940000800409D4206880045CBF20685FEA804043
:1094100002D420688004F2D5012009902C224FF458
:109420008031CDE915200C20199009A80A9102215C
:109430001491CDE91211CDE917110024CDE91A4498
:10944000FCF7DEF910B172B6FEE700BF3F200190D5
:1094500003204FF48061CDE90204082004904020ED
:10946000CDE90500CDE9071001A80321FBF780FF36
:1094700010B172B6FEE700BF1CB0B0BD0000000026
:109480004EF6885042F2000CCEF20000C5F2002CDD
:10949000026842F470020260DCF8000000F00F0085
:1094A000062806D8DCF80000072262F30300CCF897
:1094B000000044F200404EF67F51C5F60200CEF6A1
:1094C000F621026842F00102026000220261036894
:1094D00019400160DCF80010090706D5DCF800101F
:1094E000072363F30301CCF8001040F200218261EE
:1094F000C261C0F20221026281620021C0F2FF114A
:10950000C16240F28021C0F20111016342638163B4
:10951000C26301644264016821F480210160026633
:10952000D0F8D410C90448BF7047D0F8D41043F223
:10953000D20241F48051C0F8D41044F20001C5F2C7
:1095400000210A60D0F8D41021F48051C0F8D41062
:10955000704700000000000040F29420C2F200407A
:10956000FDF74EBC0000000040F22C30C2F200407B
:10957000FDF746BC0000000040F29000C2F200007F
:10958000FDF73EBC0000000040F24400C2F20000C3
:10959000FDF736BC0000000010B540F6FF32D0F8F1
:1095A00000E0C4F20002904210DCB0F1804F1ED007
:1095B00040F20043C4F20003984218D040F6000382
:1095C000C4F20003984212D016E000BF40F60043F8
:1095D000C4F2000398420AD040F20043C4F20103EF
:1095E000984204D00023C4F20103984204D12EF023
:1095F00070024B6843EA020E4EF2FF3343F6FF7CE3
:10960000C4F20003C4F2010C984213DD60452BDC68
:109610004EF20043C4F20003984242D00023C4F249
:10962000010398423DD040F20043C4F20103984246
:1096300037D03BE040F2FF73C4F20003984227DDCD
:1096400040F60003C4F2000398422AD040F60043DB
:10965000C4F20003984224D04EF20003C4F2000387
:1096600098421ED022E000BF44F20003C4F201037E
:10967000984216D044F60003C4F20103984210D079
:1096800044F20043C4F2010398420AD00EE000BF46
:10969000B0F1804F05D040F20043C4F2000398427D
:1096A00004D12EF44072CB6843EA020E4B69604548
:1096B0000A688C68C462826212DD44F20002C4F25D
:1096C0000102904217D044F60002C4F20102904217
:1096D00011D044F20042C4F2010290420BD00CE0DF
:1096E0000022C4F20102904205D040F20042C4F2CE
:1096F0000102904201D109690163016841F004014E
:109700000160012141612EF080011943016010BD0B
:1097100001F01F01012303FA01FC036A23EA0C0391
:10972000036202FA01F1026A11430162704700000C
:1097300070B5036A40F20046026A40F4806422F089
:10974000100202624268D0F818C08D68C4F20106A7
:1097500023F02003B442D1F800E043EA051308D116
:10976000046A23F0800324F040040462CC6843EAD6
:10977000041343F6FF74C4F20104A04212DD44F264
:109780000004C4F20104A04213D044F60004C4F261
:109790000104A0420DD044F20044C4F20104A042EE
:1097A00007D00DE00024C4F20104A04201D0B04271
:1097B00006D1D1E905452C4322F4406242EA8402F5
:1097C00048F6FF444260CFF6FF640CEA040646EA1E
:1097D0000E22826149688163036270BD000000004F
:1097E00010B543F6FF7ED0F820C0C4F2010E7045DC
:1097F000D0F820E02EF0010EC0F820E012DD44F297
:10980000000EC4F2010E704518D044F6000EC4F2EA
:10981000010E704512D044F2004EC4F2010E7045A4
:109820000CD011E040F2000EC4F2010E704505D0DC
:1098300040F2004EC4F2010E704505D1D0F820E090
:109840002EF0040EC0F820E04DF6FF7EC4F2000EAC
:109850007045D0F818E019DC40F2FF74C4F200043F
:10986000A0422BDD40F60004C4F20004A0423BD02D
:1098700040F60044C4F20004A04235D041F6000492
:10988000C4F20004A0422FD03CE000BF4FF6FF74AA
:10989000C4F20004A0421BDD0024C4F20104A04273
:1098A00022D044F20004C4F20104A0421CD040F2D1
:1098B0000044C4F20104A04216D023E0B0F1804F6E
:1098C00012D040F20044C4F20004A0420CD019E0CF
:1098D0004EF20004C4F20004A04205D04EF200444F
:1098E000C4F20004A0420DD12EF00304224363F31E
:1098F00007122CF00A0301F00A0182611944016287
:1099000010BD00BF4EF00102F1E7000000000000B2
:10991000816A0A070CD4CA0715D18A071ED44A07E0
:1099200027D4CA0630D48A0639D44A0655D541E030
:109930000268D0F838C0536823F4004343EA0C03AC
:109940005360CA07E9D00268D0F82CC0536823F4EA
:10995000003343EA0C0353608A07E0D50268D0F86D
:1099600030C0536823F4803343EA0C0353604A0742
:10997000D7D50268D0F834C0536823F4802343EA73
:109980000C035360CA06CED50268D0F83CC0936879
:1099900023F4805343EA0C0393608A06C5D502681A
:1099A000D0F840C0936823F4005343EA0C0393605B
:1099B0004A0612D50268D0F844C0BCF5801F53682F
:1099C00023F4801343EA0C03536006D1536823F455
:1099D000C00C836C43EA0C035360090658BF704700
:1099E0000168C06C4A6822F4002210434860704746
:1099F000B0B582B004460020C4F89000FAF724FA0B
:109A0000216805460A68120737D54FF40011002275
:109A10006FF07E40009020462B4600F0A1FE58B328
:109A2000206850E8000F216820F0800041E8000223
:109A3000F2B1206850E8000F216820F0800041E872
:109A40000002002A1FBF206850E8000F216820F0A4
:109A500080001CBF41E80002002A09D0206850E8BD
:109A6000000F216820F0800041E80002002AD7D1D1
:109A70002020C4F8880062E021680868400765D5A6
:109A80004FF4800100226FF07E40009020462B466C
:109A900000F066FE002859D0206850E8000F2168C9
:109AA00020F4907041E80002F2B1206850E8000F05
:109AB000216820F4907041E80002002A1FBF20684E
:109AC00050E8000F216820F490701CBF41E80002AC
:109AD000002A09D0206850E8000F216820F4907017
:109AE00041E80002002AD7D1206850E8020F21681F
:109AF00020F0010041E80202F2B1206850E8020FB4
:109B0000216820F0010041E80202002A1FBF2068FE
:109B100050E8020F216820F001001CBF41E802025A
:109B2000002A09D0206850E8020F216820F00100C7
:109B300041E80202002AD7D12020C4F88C0003207B
:109B4000002184F8841002B0B0BD00BF2020C4F80A
:109B50008800C4F88C000020E0662067002184F8AB
:109B6000841002B0B0BD0000806BFDF7B9BE0000EC
:109B7000806B0268D0F88830D0F88CC091680906F4
:109B800056D5212B54D1016851E8001F026821F0FD
:109B9000C00142E80013FBB1016851E8001F0268F0
:109BA00021F0C00142E80013002B1FBF016851E8FB
:109BB000001F026821F0C0011CBF42E80013002B07
:109BC0000AD0016851E8001F026821F0C00142E894
:109BD0000013002BD7D100BF016851E8021F0268B3
:109BE00021F4000142E80213F3B1016851E8021FB9
:109BF000026821F4000142E80213002B1FBF016834
:109C000051E8021F026821F400011CBF42E8021360
:109C1000002B09D0016851E8021F026821F40001FD
:109C200042E80213002BD7D12021C0F88810026827
:109C30009168490640F18980BCF1220F40F085808F
:109C4000016851E8001F026821F4907142E8001396
:109C5000F3B1016851E8001F026821F4907142E8F5
:109C60000013002B1FBF016851E8001F026821F498
:109C700090711CBF42E80013002B09D0016851E825
:109C8000001F026821F4907142E80013002BD7D125
:109C90004FF6FE7CCEF6FF7C026852E8022F036886
:109CA00002EA0C0243E80221F1B1016851E8021F07
:109CB000026801EA0C0142E80213002B1FBF016891
:109CC00051E8021F026801EA0C011CBF42E80213BE
:109CD000002B09D0016851E8021F026801EA0C015B
:109CE00042E80213002BD7D1C16E012927D10168A8
:109CF00051E8001F026821F0100142E80013F3B19F
:109D0000016851E8001F026821F0100142E80013C9
:109D1000002B1FBF016851E8001F026821F01001ED
:109D20001CBF42E80013002B09D0016851E8001F56
:109D3000026821F0100142E80013002BD7D1202146
:109D4000C0F88C100021C1664167D0F8901041F036
:109D50001001C0F89010FDF7C3BD00000000000026
:109D60008446C069B0F5807FDCF8380000F0AA8036
:109D70000022A0F85E20026852E8002F036822F457
:109D8000807243E80021F9B1016851E8001F0268C0
:109D900021F4807142E80013002B1FBF016851E8D5
:109DA000001F026821F480711CBF42E80013002BE1
:109DB0000AD0016851E8001F026821F4807142E86E
:109DC0000013002BD7D100BF016851E8021F0268C1
:109DD00021F0010142E80213F3B1016851E8021FCA
:109DE000026821F0010142E80213002B1FBF016845
:109DF00051E8021F026821F001011CBF42E8021372
:109E0000002B09D0016851E8021F026821F001010E
:109E100042E80213002BD7D1016851E8021F026803
:109E200021F0400142E80213F3B1016851E8021F3A
:109E3000026821F0400142E80213002B1FBF0168B5
:109E400051E8021F026821F040011CBF42E80213E2
:109E5000002B09D0016851E8021F026821F040017F
:109E600042E80213002BD7D12021C0F88C10C16E1C
:109E7000012927D1016851E8001F026821F0100173
:109E800042E80013F3B1016851E8001F026821F0B5
:109E9000100142E80013002B1FBF016851E8001FAA
:109EA000026821F010011CBF42E80013002B09D00A
:109EB000016851E8001F026821F0100142E8001318
:109EC000002BD7D100220267C16E01291AD1A0F858
:109ED0005E2040F20F42DCF80010C4F20202914210
:109EE00012DC6F22C4F20202914223DC3F22C4F250
:109EF000020291423ADC1022C4F2020291425AD08C
:109F0000282255E0FEF75CBA40F26F42C4F202022A
:109F100091421BDC40F23F42C4F2020291422DDC2E
:109F200040F21042C4F20202914244D040F2284270
:109F30003EE000BF9F22C4F20202914228DC702260
:109F4000C4F20202914236D0882231E040F29F42B0
:109F5000C4F20202914223DC40F27042C4F20202D7
:109F6000914228D040F2884222E000BF4022C4F251
:109F7000020291421FD058221AE000BF40F2404234
:109F8000C4F20202914216D040F2584210E000BFE3
:109F9000A022C4F2020291420DD0B82208E000BF14
:109FA00040F2B842C4F20202914204D040F2A04210
:109FB000C4F2020291424A68B0F85C1093B28B423C
:109FC00038BFA0F85E20B0F85E20891A89B2FDF78C
:109FD000E7BB0000000000000146806B0122026721
:109FE000C26E012A1CD1B0F85C205308A0F85E3084
:109FF00040F20F430968C4F20203994212DC6F2356
:10A00000C4F20203994223DC3F23C4F202039942C3
:10A010003ADC1023C4F2020399425AD0282355E0B7
:10A02000FEF7DAB940F26F43C4F2020399421BDC37
:10A0300040F23F43C4F2020399422DDC40F2104348
:10A04000C4F20203994244D040F228433EE000BFEC
:10A050009F23C4F20203994228DC7023C4F2020356
:10A06000994236D0882331E040F29F43C4F2020384
:10A07000994223DC40F27043C4F20203994228D093
:10A0800040F2884322E000BF4023C4F20203994219
:10A090001FD058231AE000BF40F24043C4F202032D
:10A0A000994216D040F2584310E000BFA023C4F2FA
:10A0B000020399420DD0B82308E000BF40F2B84334
:10A0C000C4F20203994204D040F2A043C4F2020356
:10A0D000994249688BB2934298BFA0F85E10B0F8DD
:10A0E0005E10511A89B2FDF75BBB00000000000052
:10A0F000C169806BB1F5807F02D1FEF7E5B900BF81
:10A100000021A0F85610016851E8021F026821F0F2
:10A11000800142E80213FBB1016851E8021F0268A6
:10A1200021F0800142E80213002B1FBF016851E8B3
:10A13000021F026821F080011CBF42E80213002BBD
:10A140000AD0016851E8021F026821F0800142E84C
:10A150000213002BD7D100BF016851E8001F02682D
:10A1600041F0400142E80013F3B1016851E8001FDB
:10A17000026841F0400142E80013002B1FBF016854
:10A1800051E8001F026841F040011CBF42E8001383
:10A19000002B09D0016851E8001F026841F040011E
:10A1A00042E80013002BD7D17047000000000000E8
:10A1B000806BFEF7D5B9000000F066BF000000001C
:10A1C00010B540F2C43440F25841C2F20044C2F229
:10A1D000004140222046FDF7FFFF2068016841F062
:10A1E0001001016010BD000010B5027840F21001AE
:10A1F000C2F20001A2B140F2984C0130C2F2004C10
:10A200004C888B88013404F07F049C421FBF4B882C
:10A210000CF803204C8010F8012B18BF002AEFD156
:10A22000EFF3108472B6087810B184F3108810BD73
:10A2300048888A88904209D280208A88904209D032
:10A2400048888A88904209D9488808E048888A88DE
:10A250009042F5D184F3108810BD00BF80208A8819
:10A2600001230B70801AC880898840F29842C2F29C
:10A270000042114482B240F2C430C2F20040FEF704
:10A28000B7F884F3108810BDF0B583B004460068B9
:10A2900046F6F31640F6004E22696569D4E90213CA
:10A2A0000A43E7690168CCF6FF762A43314011433F
:10A2B000C5F6000E394301604168704521F44051F4
:10A2C00044F2544C41EA03014160A2694FF2FF435A
:10A2D0001CBF216A0A438168C1F2FF131940C5F609
:10A2E000020C1143816047F6FF32C16AC4F20002DA
:10A2F00021F00F01656A90424FF0800341EA0501A9
:10A30000C16219DD41F2FF71C4F2010188422DDC06
:10A3100047F60041C4F20001884257D041F20001E3
:10A32000C4F20101884239D041F20041C4F2010176
:10A33000884233D057E000BF44F6FF31C4F2000139
:10A34000884237DD44F60041C4F2000188423DD026
:10A3500045F20001C4F20001884237D047F60001FF
:10A36000C4F20001884231D03DE000BF41F6000157
:10A37000C4F20101884211D041F60041C4F201014A
:10A3800088420BD070452ED1DCF8041001F0070292
:10A39000062A80F081800FF2BC3122E0DCF8001048
:10A3A000C1F3C202062A80F077804BF2BA71C0F680
:10A3B000000116E044F20041C4F20001884205D0D9
:10A3C00044F60001C4F2000188420CD1DCF8001010
:10A3D00001F00702062A80F05F804BF2B471C0F6EC
:10A3E00000018B181B78704540F60010C0F23D004C
:10A3F00000F05A80B7F5004F40F08480402B4FF0BA
:10A40000010100F29E81DFE813F0410019019C0177
:10A410009C011F019C019C019C0127019C019C0146
:10A420009C019C019C019C019C012F019C019C01B1
:10A430009C019C019C019C019C019C019C019C0134
:10A440009C019C019C019C019C013F019C019C0181
:10A450009C019C019C019C019C019C019C019C0114
:10A460009C019C019C019C019C019C019C019C0104
:10A470009C019C019C019C019C019C019C019C01F4
:10A480009C019C019C019C019C013D01FBF7CCF8C7
:10A49000002840F0D680E5E08023704540F60010AB
:10A4A000C0F23D007FF4A6AF9A1E01211E2A00F2E1
:10A4B0007780DFE812F01F0046017B00460146016D
:10A4C0004601830046014601460146014601460118
:10A4D00046018D00460146014601460146014601FE
:10A4E0004601460146014601460146014601460134
:10A4F00046019A00F9F704FE002800F06680656ABC
:10A5000073E000BF402B4FF0010100F21A81DFE839
:10A5100013F04100D90018011801DF0018011801DB
:10A520001801E70018011801180118011801180195
:10A530001801EF001801180118011801180118017D
:10A540001801180118011801180118011801180143
:10A550001801FF001801180118011801180118014D
:10A560001801180118011801180118011801180123
:10A570001801180118011801180118011801180113
:10A580001801180118011801180118011801180103
:10A590001801FD00FBF748F8002840F09680A5E080
:10A5A000402B40F0CE804FF400401EE06846F9F7A3
:10A5B00057FE019800287FF4A2AF06E06846F9F73D
:10A5C000E7FE019800287FF49AAF0021B9E000BFB0
:10A5D0005CF8540C800649F20000C0F2D03004D57B
:10A5E0005CF8541CC1F3C101C8404BF2D0716268E1
:10A5F000C0F6000131F81510B0FBF1F002EB42019A
:10A6000088424FF00101C0F09C801303984200F291
:10A610009880010E0023000210EB520041F100016E
:10A62000F5F774FE4FF60052A0F54071C0F20F022C
:10A630009142C0F08080012183E000BFFBF724F845
:10A6400080B1656A20E000BF6846F9F709FE01980D
:10A650000028F6D106E000BF6846F9F799FE019898
:10A660000028EED100216CE05CF8540C800649F221
:10A670000000C0F2D03007D55CF8541CC1F3C10112
:10A68000C84001E04FF400404BF2D071C0F6000129
:10A6900031F81510B0FBF1F061684A0802EB400098
:10A6A0004FF6EF72B0FBF1F0A0F11001914207D824
:10A6B0004FF6F0710140C0F3420008443BE000BF98
:10A6C00001213EE0FAF7E0FF80B1656A20E000BFBB
:10A6D0006846F9F7C5FD01980028F6D106E000BFED
:10A6E0006846F9F755FE01980028EED1002128E0D0
:10A6F0005CF8540C800649F20000C0F2D03007D557
:10A700005CF8541CC1F3C101C84001E04FF40040A3
:10A710004BF2D0716268C0F6000131F81510B0FB41
:10A72000F1F000EB5200B0FBF2F0A0F110014FF697
:10A73000EF72914204D82168C860002101E000BF97
:10A7400001214FF00110A0660020C4E91D00084659
:10A7500003B0F0BD0204081020400000000000001B
:10A760002DE9F041804600680D46C7693940491B14
:10A77000B1FA81F14909914225D1069C34B31646BC
:10A78000611C29D1C1692940491BB1FA81F14909EC
:10A79000B14218D1C1692940491BB1FA81F1490977
:10A7A000B14201BFC1692940491BB1FA81F104BF1F
:10A7B0004909B14207D1C1692940491BB1FA81F168
:10A7C0004909B142DED00020BDE8F081F9F73CFB39
:10A7D0000320BDE8F08100BF1F4607E0C0692840A4
:10A7E000401BB0FA80F04009B042ECD1F9F72CFBE5
:10A7F000C01BA04200F2B680D8F8000001684907EB
:10A80000ECD5402D18BF802DE8D0C169090700F1B3
:10A81000AD80C1690905E1D54FF400610162D8F846
:10A82000000050E8000FD8F8001020F4907041E8C4
:10A83000000222B3D8F8000050E8000FD8F800104A
:10A8400020F4907041E80002002A1FBFD8F80000F1
:10A8500050E8000FD8F8001020F490701CBF41E8B9
:10A860000002002A0BD0D8F8000050E8000FD8F8FA
:10A87000001020F4907041E80002002ACFD14FF67A
:10A88000FE70CEF6FF70D8F8001051E8021FD8F81D
:10A890000020014042E802130BB3D8F8001051E841
:10A8A000021FD8F80020014042E80213002B1FBF0E
:10A8B000D8F8001051E8021FD8F8002001401CBF52
:10A8C00042E80213002B0AD0D8F8001051E8021F0A
:10A8D000D8F80020014042E80213002BD3D1D8F869
:10A8E0006C0001282FD1D8F8000050E8000FD8F8EC
:10A8F000001020F0100041E8000222B3D8F8000058
:10A9000050E8000FD8F8001020F0100041E80002D5
:10A91000002A1FBFD8F8000050E8000FD8F8001038
:10A9200020F010001CBF41E80002002A0BD0D8F82C
:10A93000000050E8000FD8F8001020F0100041E8A7
:10A940000002002ACFD12020C8F88C000021C8F8CE
:10A950006C10C8F87410C8F89000032088F88410B0
:10A96000BDE8F0810320BDE8F08100BF082101624D
:10A97000D8F8000050E8000FD8F8001020F49070CC
:10A9800041E8000222B3D8F8000050E8000FD8F8E0
:10A99000001020F4907041E80002002A1FBFD8F890
:10A9A000000050E8000FD8F8001020F490701CBF91
:10A9B00041E80002002A0BD0D8F8000050E8000F50
:10A9C000D8F8001020F4907041E80002002ACFD19E
:10A9D0004FF6FE70CEF6FF70D8F8001051E8021F57
:10A9E000D8F80020014042E802130BB3D8F8001059
:10A9F00051E8021FD8F80020014042E80213002B62
:10AA00001FBFD8F8001051E8021FD8F800200140FD
:10AA10001CBF42E80213002B0AD0D8F8001051E8FE
:10AA2000021FD8F80020014042E80213002BD3D1C6
:10AA3000D8F86C0001282FD1D8F8000050E8000F9A
:10AA4000D8F8001020F0100041E8000222B3D8F836
:10AA5000000050E8000FD8F8001020F0100041E886
:10AA60000002002A1FBFD8F8000050E8000FD8F8F5
:10AA7000001020F010001CBF41E80002002A0BD09B
:10AA8000D8F8000050E8000FD8F8001020F01000AF
:10AA900041E80002002ACFD12020C8F88C00002015
:10AAA000C8F86C00C8F874000821C8F8901088F83D
:10AAB00084000120BDE8F08180B540F2C430C2F2CC
:10AAC00000400068C169C90603D510210162FFF783
:10AAD00073FB40F2C430C2F20040BDE88040FCF796
:10AAE00003BF000000000000FEE7000000000000BF
:10AAF000F5EE400AF1EE10FA3CDD80EE200AB7EEEA
:10AB0000002AB1EE403AB5EE400AB0EE401AF1EE3E
:10AB100010FAB8BFB0EE431AB4EE421AF1EE10FAD2
:10AB200072DD82EE012A9FEDC11A9FEDC13A9FEDC1
:10AB3000C74AA2EE013A9FEDBF1AA2EE031A9FED9B
:10AB4000BE3AA2EE013A9FEDBD1AA2EE031A9FEDA6
:10AB5000BC3AA2EE013A9FEDBB1AA2EE031A9FED9A
:10AB6000BA3AA2EE013A9FEDAF1AA2EE034A02EE04
:10AB7000441A6DE0F5EE400AF1EE10FA76DAB5EE21
:10AB8000400AF1EE10FA40F3838080EE200AB7EE1F
:10AB9000002AB1EE403AB5EE400AB0EE401AF1EEAE
:10ABA00010FAB8BFB0EE431AB4EE421AF1EE10FA42
:10ABB00040F3C28082EE012A9FED9C1A9FED9C3AE1
:10ABC0009FEDA24AA2EE013A9FED9A1AA2EE031A55
:10ABD0009FED993AA2EE013A9FED981AA2EE031A60
:10ABE0009FED973AA2EE013A9FED961AA2EE031A54
:10ABF0009FED953AA2EE013A9FED8A1AA2EE034A22
:10AC000002EE441ABCE000BF9FED882A9FED883A0F
:10AC1000A1EE023A9FED872AA1EE032A9FED863A24
:10AC2000A1EE023A9FED852AA1EE032A9FED843A18
:10AC3000A1EE023A9FED832AA1EE032A9FED823A0C
:10AC4000A1EE023A9FED812AA1EE032A21EE021A1B
:10AC5000B1EE412AB5EE400AF1EE10FAB8BFB0EEFF
:10AC6000421A80ED001A002040B27047F5EE400A0B
:10AC7000F1EE10FA5CD1B5EE400AF1EE10FA4BDDC0
:10AC80009FED681A80ED001A002040B2704700BFA7
:10AC9000B5EE400AF1EE10FA80F27E8080EE200AD6
:10ACA000B7EE002AB1EE403AB5EE400AB0EE401AD7
:10ACB000F1EE10FAB8BFB0EE431AB4EE421AF1EE5C
:10ACC00010FA79DD82EE012A9FED581A9FED583A6D
:10ACD0009FED5E4AA2EE013A9FED561AA2EE031ACC
:10ACE0009FED553AA2EE013A9FED541AA2EE031AD7
:10ACF0009FED533AA2EE013A9FED521AA2EE031ACB
:10AD00009FED513AA2EE013A9FED461AA2EE034A98
:10AD100002EE441A74E000BFB5EE400AF1EE10FAFC
:10AD200006DA9FED411A80ED001A002040B270470C
:10AD3000FC2040B2704700BF9FED3C2A9FED3C3A9B
:10AD4000A1EE023A9FED3B2AA1EE032A9FED3A3A8B
:10AD5000A1EE023A9FED392AA1EE032A9FED383A7F
:10AD6000A1EE023A9FED372AA1EE032A9FED363A73
:10AD7000A1EE023A9FED352AA1EE032A21EE021A36
:10AD8000B1EE412AB5EE400AF1EE10FAB8BFB0EECE
:10AD9000421A9FED300A3EE010EE101A40F6DB72C8
:10ADA000C4F2490262F31E0101EE101A80ED001A8E
:10ADB000002040B2704700BF9FED1C2A9FED1C3A57
:10ADC000A1EE023A9FED1B2AA1EE032A9FED1A3A4B
:10ADD000A1EE023A9FED192AA1EE032A9FED183A3F
:10ADE000A1EE023A9FED172AA1EE032A9FED163A33
:10ADF000A1EE023A9FED152AA1EE032A21EE021AD6
:10AE0000B1EE412AB5EE400AF1EE10FAB8BFB0EE4D
:10AE1000421A9FED0F0A31EE001A80ED001A002051
:10AE200040B27047DB0FC93FDB0FC9BFA59204BD1D
:10AE3000E745093E08B732BEEBFCA9BC3C695D3E64
:10AE4000435690BBE565AABEC90CC0B70100803F60
:10AE5000DB0F49C0DB0F4940B5EE001A9FED1E2AFB
:10AE6000A0EE021A9FED1E2ABDEEC10AB5EE401AF1
:10AE7000F1EE10FA10EE100AB8BF013800EE100A19
:10AE8000B8EEC00A31EE400A9FED141A20EE010A16
:10AE9000BCEEC01A30EE022A11EE100A410A4BF63F
:10AEA000180118BF002000FE020AC0F6000101EEE2
:10AEB000100A01EB800090ED012AB8EE411A30EE45
:10AEC000410AB7EE001A31EE401A20EE020A90ED68
:10AED000002AA1EE020A704783F9223E00000044D6
:10AEE000000000C4000000009FED1E1A20EE010AC1
:10AEF0009FED1E2ABDEEC01AB5EE400AF1EE10FA23
:10AF000011EE100AB8BF013801EE100AB8EEC11AEE
:10AF100030EE410A9FED141A20EE010ABCEEC01A71
:10AF200030EE022A11EE100A410A4BF6180118BF42
:10AF3000002000FE020AC0F6000101EE100A01EB3B
:10AF4000800090ED012AB8EE411A30EE410AB7EECA
:10AF5000001A31EE401A20EE020A90ED002AA1EE0E
:10AF6000020A704783F9223E00000044000000C43A
:10AF700084B001200090F9F70BF80020019048F20E
:10AF80001F70029040F2011003906846F8F7D0FF5E
:10AF90000420F9F70DF8F8F76FFFFEF70DFAFDF74B
:10AFA00027FCFDF701FCFDF7D3FCFDF7C5FDFDF720
:10AFB0008BFDFDF7F9FDFDF727FEFDF741FBFDF7E2
:10AFC000A3FBFDF785FEFDF76BFCFDF759FE40F294
:10AFD00048209FED1D0AC2F20040DFED1C0AC16847
:10AFE000FEF722F8FEF730F840F29420C2F200405B
:10AFF000FBF72AFA40F29000C2F20000FBF724FAB5
:10B00000F5F7BAFEFEF7C8F9FDF7AEFAF5F738FB2B
:10B01000FDF75EFEFFF7D4F80DA0FFF7E5F8B7EEF9
:10B02000000AF6EE000A40F2DC009FED121AC2F2AE
:10B030000000DFED111A9FED112ADFED112AFDF757
:10B040008FFE00BFFEE700BF00000C4200007A4602
:10B050005541525420444D41207769746820494439
:10B060004C452B48542F54432072656164790D0A76
:10B0700000000000CDCCCC3D17B7D13878A8A14155
:10B0800078A8A1C10000000010B540F2581040F2AD
:10B090000F41C2F20040C4F202010068884211DC94
:10B0A0006F21C4F20201884222DC3F21C4F2020176
:10B0B000884239DC1021C4F20201884259D028218B
:10B0C00054E000BF40F26F41C4F2020188421BDC31
:10B0D00040F23F41C4F2020188422DDC40F21041AF
:10B0E000C4F20201884244D040F228413EE000BF51
:10B0F0009F21C4F20201884228DC7021C4F20201BF
:10B10000884236D0882131E040F29F41C4F20201EA
:10B11000884223DC40F27041C4F20201884228D008
:10B1200040F2884122E000BF4021C4F2020188427F
:10B130001FD058211AE000BF40F24041C4F2020182
:10B14000884216D040F2584110E000BFA021C4F25E
:10B15000020188420DD0B82108E000BF40F2B8419A
:10B16000C4F20201884204D040F2A041C4F20201BC
:10B170008842D0F804E040F21000C2F20000CEF1A4
:10B18000400C1FFA8CF2038999B28A4208BF10BDA5
:10B1900016D99E44CEF1000414F003042ED0418948
:10B1A000012C418901F1010101F07F0141811BD195
:10B1B0000133AEF13D0189B2032945D324E000BF3C
:10B1C0003F2900F28C80594211F00304194660D0E7
:10B1D0004189012C418901F1010101F07F01418187
:10B1E00036D1591C55E000BF4189022C418901F13B
:10B1F000010101F07F01418136D10233AEF13D0101
:10B2000089B2032920D300BF418904339CB241890C
:10B21000944201F1010101F07F014181418941899D
:10B2200001F1010101F07F0141814189418901F171
:10B23000010101F07F0141814189418901F1010151
:10B2400001F07F014181DFD3A0F808C010BD00BF2D
:10B250004189022C418901F1010101F07F01418105
:10B2600010D1991C15E000BF418903334189013198
:10B2700001F07F014181AEF13D0189B20329E3D3A1
:10B28000C2E700BF41894189013101F07F0141815D
:10B29000D91C3D3B9BB2032B21D300BF8CB2438909
:10B2A00043893C2C01F1040103F1010303F07F0306
:10B2B00043814389438903F1010303F07F03438101
:10B2C0004389438903F1010303F07F0343814389E9
:10B2D000438903F1010303F07F034381DED31FFAA7
:10B2E0008EF14029B0D0012A98BF0122511E02F0F0
:10B2F000030E89B2032923D34FF6FC731A400023AF
:10B300004489043399B24489914204F1010404F060
:10B310007F0444814489448904F1010404F07F04DA
:10B3200044814489448904F1010404F07F04448188
:10B330004489448904F1010101F07F014181DFD199
:10B34000BEF1000F3FF480AF4189BEF1010F41898A
:10B3500001F1010101F07F0141813FF475AF4189A5
:10B36000BEF1020F418901F1010101F07F0141812C
:10B370003FF46AAF41894189013101F07F01418188
:10B38000A0F808C010BD4100080218BF04200A0E32
:10B3900018BF40F001004FF07F4232EA010108BFC0
:10B3A00040F00200012808BF0520704710B52DEDC0
:10B3B000028BF0EE408A18EE900AB0EE608A20F020
:10B3C0000040C0F1FF40C00F07D118EE100A20F076
:10B3D0000040C0F1FF40C00F2BD018EE101A18EE3D
:10B3E000900AF4F7F5FF00EE100A10EE100A6FEA6B
:10B3F000D05010F0FF0F04BFBDEC028B10BD18EE53
:10B40000900A00F0004110EE100A00F00040814266
:10B4100004BFBDEC028B10BD18EE101A10EE100A1E
:10B42000BDEC028B61F31E0000EE900A30EE600A64
:10B4300010BD18EE900A4FF07F41B1EB400F1CBFDA
:10B4400018EE100A5FEA4000C7D1012000F09CF915
:10B45000BDEC028BBDE8104000F0CCB800B510EE9A
:10B46000101A2DED028B81B0524A6846B2EB410FA3
:10B470002ED94FF0E640B0EB410F94BF00204FF0C3
:10B48000FF3000900098B0EE408A00286ADB10F090
:10B49000010F4BD068EE080A9FED471A9FED470A4F
:10B4A00000EE810A9FED461A10F0020F00EE801A9E
:10B4B000B7EE000A00EE810A02BF01B0BDEC028BBC
:10B4C00000BD00BF01B0B1EE400ABDEC028B00BD73
:10B4D0003C4B21F00042934241D911F0004FDFED87
:10B4E0003A0A20EE201ADFED390A19BF31EE601A50
:10B4F00071EE200A31EE201A71EE600ABDEEE01AFC
:10B5000011EE100A9FED321A00F0030000EEC10A9E
:10B510009FED301A009000EEC10A9FED2F1A00EE49
:10B52000C10A9FED2E1A00EEC10AABE728EE080A09
:10B530009FED2B1ADFED2B0A10F0020F40EE010AEF
:10B540009FED291A00EE201A61EE000AB0EE480ABB
:10B5500008EE200AB6D101B0BDEC028B00BD00F0B0
:10B5600059F88FE718EE100A4000B0F17F4F0DD266
:10B5700018EE100AFFF707FF042808BF00F042F892
:10B58000B0EE480A01B0BDEC028B00BD09D101202C
:10B5900000F0FAF801B0BDEC028B5DF804EB00F0AE
:10B5A00029B801B0B0EE480ABDEC028B5DF804EB9F
:10B5B00000F01CB8B61F927EB93AB2BACA9F2A3DB3
:10B5C000DDFFFFBE490E494683F9223F0000004BD4
:10B5D0000000C93F00A0FD390020A2331A61342CBD
:10B5E000336D4CB9DA82083CA0AA2ABE30EE000ABC
:10B5F00070470000DFED020A80EEA00A70470000ED
:10B60000000000009FED020A20EE000A70470000D3
:10B61000000000102DE9F0014FF07F42B2EB410F26
:10B620009FBF4FF0FF310160BDE8F00170474FF060
:10B63000004242EA0123C1F3C752783A551112F091
:10B640001F0C434CCCF120067C44C1F3C752A2F13D
:10B6500078024FEA621204EB820254F8254008BFD8
:10B66000D2E9015612D0556804FA0CF425FA06F70F
:10B670003C43976805FA0CF527FA06F8D26807FAF2
:10B680000CFCF24045EA08054CEA0206A4FB034C18
:10B69000A5FB0352A6FB03631D449D4234BF012654
:10B6A00000261319334416B1934202D903E09342A2
:10B6B00001D2012200E00022624402F1200C920635
:10B6C000DC0C42EA443200EE102A5B03DFED210A73
:10B6D000F8EEC01A00EE103A4FEA9C1C11F0004F31
:10B6E000B8EE400AC0F800C020EE201A00EE105A52
:10B6F000DFED190AB8EE400A20EE200A71EE810A49
:10B7000070EE800A10EE902A02F500626FF30B02D1
:10B7100000EE902A70EEE11A31EEC11ADFED101A38
:10B7200030EE411A9FED0D0A20EE800A01EE210A4B
:10B730009FED0C1A00EE810A04BFBDE8F0017047CE
:10B74000CCF180510160BDE8F001B1EE400A7047D4
:10B7500048010000000000360000802C22AAFD29CC
:10B76000DB0FC92F0000C92F02E008C8121F08C153
:10B77000002AFAD170477047002001E001C1121F72
:10B78000002AFBD1704700000149086070470000A3
:10B7900000000024000000006E83F9A22915444E29
:10B7A000D15727FCC0DD34F5999562DB4190433CCD
:10B7B000AB6351FE00040810204001040810204033
:10B7C0000000000001020304010203040607080947
:10B7D000010002000400060008000A000C0010002E
:10B7E0002000400080000001020000000400000072
:10B7F0000800000010000000FDFFFFFFFBFFFFFF3F
:10B80000F7FFFFFFEFFFFFFF01010103070100004A
:10B81000080402040801010100000000920E493CE6
:10B82000B10AC93C2BC3163D2EFB483D752B7B3D11
:10B8300004A9963D80B6AF3D36BDC83D2FBCE13D65
:10B8400073B2FA3D87CF093E8340163EB5AB223E28
:10B85000A2102F3ECF6E3B3EC2C5473E0115543E5F
:10B86000135C603E7F9A6C3ECCCF783EC07D823EBA
:10B87000938E883E229A8E3E32A0943E86A09A3EB7
:10B88000E59AA03E128FA63ED47CAC3EEF63B23E5A
:10B890002A44B83E491DBE3E15EFC33E53B9C93ECA
:10B8A000CA7BCF3E4136D53E80E8DA3E4F92E03E3D
:10B8B0007533E63EBBCBEB3EEA5AF13ECBE0F63EBB
:10B8C000275DFC3EE4E7003F3D9C033F824B063F83
:10B8D0009BF5083F6B9A0B3FDA390E3FCDD3103FF3
:10B8E0002A68133FD9F6153FC07F183FC6021B3F99
:10B8F000D17F1D3FCBF61F3F9967223F25D2243FC2
:10B900005636273F1594293F4AEB2B3FDE3B2E3F0F
:10B91000BB85303FC9C8323FF304353F233A373F38
:10B920004268393F3B8F3B3FF9AE3D3F67C73F3FE2
:10B9300070D8413F01E2433F03E4453F65DE473FA6
:10B9400012D1493FF8BB4B3F029F4D3F207A4F3FFA
:10B950003D4D513F4918533F31DB543FE595563F2C
:10B960005348583F6AF2593F1A945B3F532D5D3F4D
:10B9700005BE5E3F2146603F97C5613F5A3C633F2D
:10B9800059AA643F880F663FD86B673F3CBF683F4A
:10B99000A7096A3F0C4B6B3F5E836C3F93B26D3FD0
:10B9A0009ED86E3F73F56F3F0809713F5213723F87
:10B9B0004714733FDD0B743F0BFA743FC6DE753FCF
:10B9C00007BA763FC58B773FF853783F9812793F97
:10B9D0009DC7793F02737A3FBE147B3FCDAC7B3F5E
:10B9E000283B7C3FC9BF7C3FAC3A7D3FCCAB7D3F21
:10B9F00023137E3FB0707E3F6DC47E3F580E7F3F65
:10BA00006D4E7F3FAB847F3F0FB17F3F97D37F3F2A
:10BA100043EC7F3F11FB7F3F0000803F11FB7F3FE6
:10BA200043EC7F3F97D37F3F0FB17F3FAB847F3F96
:10BA30006D4E7F3F580E7F3F6DC47E3FB0707E3F9E
:10BA400023137E3FCCAB7D3FAC3A7D3FC9BF7C3FEB
:10BA5000283B7C3FCDAC7B3FBE147B3F02737A3FDB
:10BA60009DC7793F9812793FF853783FC58B773F50
:10BA700007BA763FC6DE753F0BFA743FDD0B743FA5
:10BA80004714733F5213723F0809713F73F56F3FBC
:10BA90009ED86E3F93B26D3F5E836C3F0C4B6B3F05
:10BAA000A7096A3F3CBF683FD86B673F880F663F76
:10BAB00059AA643F5A3C633F97C5613F2146603FA6
:10BAC00005BE5E3F532D5D3F1A945B3F6AF2593FBE
:10BAD0005348583FE595563F31DB543F4918533F93
:10BAE0003D4D513F207A4F3F029F4D3FF8BB4B3FAA
:10BAF00012D1493F65DE473F03E4453F01E2433F42
:10BB000070D8413F67C73F3FF9AE3D3F3B8F3B3F5A
:10BB10004268393F233A373FF304353FC9C8323FC3
:10BB2000BB85303FDE3B2E3F4AEB2B3F1594293F30
:10BB30005636273F25D2243F9967223FCBF61F3F39
:10BB4000D17F1D3FC6021B3FC07F183FD9F6153F6E
:10BB50002A68133FCDD3103FDA390E3F6B9A0B3F63
:10BB60009BF5083F824B063F3D9C033FE4E7003FC7
:10BB7000275DFC3ECBE0F63EEA5AF13EBBCBEB3E06
:10BB80007533E63E4F92E03E80E8DA3E4136D53EE0
:10BB9000CA7BCF3E53B9C93E15EFC33E491DBE3ED9
:10BBA0002A44B83EEF63B23ED47CAC3E128FA63E30
:10BBB000E59AA03E86A09A3E32A0943E229A8E3EFE
:10BBC000938E883EC07D823ECCCF783E7F9A6C3E7D
:10BBD000135C603E0115543EC2C5473ECF6E3B3EEE
:10BBE000A2102F3EB5AB223E8340163E87CF093EC2
:10BBF00073B2FA3D2FBCE13D36BDC83D80B6AF3DC6
:10BC000004A9963D752B7B3D2EFB483D2BC3163D6D
:10BC1000B10AC93C920E493C00000000920E49BC9A
:10BC2000B10AC9BC2BC316BD2EFB48BD752B7BBD0D
:10BC300004A996BD80B6AFBD36BDC8BD2FBCE1BD61
:10BC400073B2FABD87CF09BE834016BEB5AB22BE24
:10BC5000A2102FBECF6E3BBEC2C547BE011554BE5B
:10BC6000135C60BE7F9A6CBECCCF78BEC07D82BEB6
:10BC7000938E88BE229A8EBE32A094BE86A09ABEB3
:10BC8000E59AA0BE128FA6BED47CACBEEF63B2BE56
:10BC90002A44B8BE491DBEBE15EFC3BE53B9C9BEC6
:10BCA000CA7BCFBE4136D5BE80E8DABE4F92E0BE39
:10BCB0007533E6BEBBCBEBBEEA5AF1BECBE0F6BEB7
:10BCC000275DFCBEE4E700BF3D9C03BF824B06BF7F
:10BCD0009BF508BF6B9A0BBFDA390EBFCDD310BFEF
:10BCE0002A6813BFD9F615BFC07F18BFC6021BBF95
:10BCF000D17F1DBFCBF61FBF996722BF25D224BFBE
:10BD0000563627BF159429BF4AEB2BBFDE3B2EBF0B
:10BD1000BB8530BFC9C832BFF30435BF233A37BF34
:10BD2000426839BF3B8F3BBFF9AE3DBF67C73FBFDE
:10BD300070D841BF01E243BF03E445BF65DE47BFA2
:10BD400012D149BFF8BB4BBF029F4DBF207A4FBFF6
:10BD50003D4D51BF491853BF31DB54BFE59556BF28
:10BD6000534858BF6AF259BF1A945BBF532D5DBF49
:10BD700005BE5EBF214660BF97C561BF5A3C63BF29
:10BD800059AA64BF880F66BFD86B67BF3CBF68BF46
:10BD9000A7096ABF0C4B6BBF5E836CBF93B26DBFCC
:10BDA0009ED86EBF73F56FBF080971BF521372BF83
:10BDB000471473BFDD0B74BF0BFA74BFC6DE75BFCB
:10BDC00007BA76BFC58B77BFF85378BF981279BF93
:10BDD0009DC779BF02737ABFBE147BBFCDAC7BBF5A
:10BDE000283B7CBFC9BF7CBFAC3A7DBFCCAB7DBF1D
:10BDF00023137EBFB0707EBF6DC47EBF580E7FBF61
:10BE00006D4E7FBFAB847FBF0FB17FBF97D37FBF26
:10BE100043EC7FBF11FB7FBF000080BF11FB7FBFE2
:10BE200043EC7FBF97D37FBF0FB17FBFAB847FBF92
:10BE30006D4E7FBF580E7FBF6DC47EBFB0707EBF9A
:10BE400023137EBFCCAB7DBFAC3A7DBFC9BF7CBFE7
:10BE5000283B7CBFCDAC7BBFBE147BBF02737ABFD7
:10BE60009DC779BF981279BFF85378BFC58B77BF4C
:10BE700007BA76BFC6DE75BF0BFA74BFDD0B74BFA1
:10BE8000471473BF521372BF080971BF73F56FBFB8
:10BE90009ED86EBF93B26DBF5E836CBF0C4B6BBF01
:10BEA000A7096ABF3CBF68BFD86B67BF880F66BF72
:10BEB00059AA64BF5A3C63BF97C561BF214660BFA2
:10BEC00005BE5EBF532D5DBF1A945BBF6AF259BFBA
:10BED000534858BFE59556BF31DB54BF491853BF8F
:10BEE0003D4D51BF207A4FBF029F4DBFF8BB4BBFA6
:10BEF00012D149BF65DE47BF03E445BF01E243BF3E
:10BF000070D841BF67C73FBFF9AE3DBF3B8F3BBF56
:10BF1000426839BF233A37BFF30435BFC9C832BFBF
:10BF2000BB8530BFDE3B2EBF4AEB2BBF159429BF2C
:10BF3000563627BF25D224BF996722BFCBF61FBF35
:10BF4000D17F1DBFC6021BBFC07F18BFD9F615BF6A
:10BF50002A6813BFCDD310BFDA390EBF6B9A0BBF5F
:10BF60009BF508BF824B06BF3D9C03BFE4E700BFC3
:10BF7000275DFCBECBE0F6BEEA5AF1BEBBCBEBBE02
:10BF80007533E6BE4F92E0BE80E8DABE4136D5BEDC
:10BF9000CA7BCFBE53B9C9BE15EFC3BE491DBEBED5
:10BFA0002A44B8BEEF63B2BED47CACBE128FA6BE2C
:10BFB000E59AA0BE86A09ABE32A094BE229A8EBEFA
:10BFC000938E88BEC07D82BECCCF78BE7F9A6CBE79
:10BFD000135C60BE011554BEC2C547BECF6E3BBEEA
:10BFE000A2102FBEB5AB22BE834016BE87CF09BEBE
:10BFF00073B2FABD2FBCE1BD36BDC8BD80B6AFBDC2
:10C0000004A996BD752B7BBD2EFB48BD2BC316BD69
:10C01000B10AC9BC920E49BC0000008060C0000893
:10C02000000000201000000068B7000870C0000881
:10C03000000000241000000068B7000870C000086D
:10C04000100000200805000078B7000880C0000834
:10C05000100000240805000078B700080000000068
:10C06000010000001000000000000C4200007A46B1
:10C07000000000000090D0030090D0030000A0C199
:04000005080002CD20
:00000001FF
