:020000040800F2
:10000000D8050020E102000811960008E98D0008DB
:1000100081950008B909000869B5000800000000D2
:10002000000000000000000000000000819C0008AB
:10003000210E00080000000039970008219E0008EA
:10004000FF020008FF020008FF020008FF0200088C
:10005000FF02000891990008FF020008FF02000853
:10006000FF020008FF020008FF020008C1090008A3
:10007000D1090008FF020008FF020008FF02000883
:10008000FF020008FF02000899090008FF020008AB
:10009000FF020008FF020008FF020008FF0200083C
:1000A000FF020008FF020008FF020008FF0200082C
:1000B000FF020008C99F0008D99F0008FF0200083E
:1000C000FF020008FF020008FF020008FF0200080C
:1000D000FF02000839B50008FF020008FF0200080F
:1000E000FF020008FF0200080000000009A000084D
:1000F000FF020008FF020008FF020008FF020008DC
:10010000FF020008FF020008E99F0008FF02000844
:10011000FF020008FF020008F99F0008FF02000824
:10012000FF020008FF020008FF020008FF020008AB
:10013000FF020008FF020008FF020008FF0200089B
:1001400000000000000000000000000000000000AF
:10015000FF020008FF020008FF020008FF0200087B
:10016000FF020008FF020008FF020008FF0200086B
:10017000FF020008FF020008FF0200080000000064
:10018000FF020008FF020008FF020008FF0200084B
:10019000FF020008FF020008FF020008FF0200083B
:1001A000FF020008FF020008FF0200080000000034
:1001B000FF020008FF020008FF020008FF0200081B
:1001C000FF020008FF02000800000000000000001D
:1001D0000000000000000000FF0200080000000016
:1001E000000000000000000000000000000000000F
:1001F0000000000000000000FF020008FF020008ED
:10020000FF020008FF02000800000000FF020008D3
:10021000FF020008FF020008FF020008FF020008BA
:10022000FF02000800000000FF02000800000000BC
:10023000FF020008FF02000800000000FF020008A3
:10024000FF020008FF020008FF020008FF0200088A
:10025000FF020008FF020008FF020008FF0200087A
:10026000FF020008FF020008FF020008FF0200086A
:10027000FF020008FF020008FF0200080000000063
:10028000FF020008FF020008FF020008FF0200084A
:1002900000000000FF020008FF020008000000004C
:1002A00000000000FF020008FF020008FF02000833
:1002B000FF020008FF020008FF020008FF0200081A
:1002C000FF020008FF020008FF020008DFF80CD060
:1002D00000F066F90048004789B60008D8050020FC
:1002E000074880470748804707480047FEE7FEE782
:1002F000FEE7FEE7FEE7FEE7FEE7FEE7FEE7FEE7D6
:1003000019110008F19E0008CD0200082DE9F05FE8
:100310000546002092469B46884606468146402474
:100320001BE0284641464746224600F06BF85346FC
:100330005A46C01A914110D311461846224600F081
:1003400052F82D1A67EB01084F4622460120002182
:1003500000F049F817EB00094E41201EA4F10104FA
:10036000DFDC484631462A464346BDE8F09FD2B21C
:1003700001E000F8012B491EFBD270470022F6E78E
:1003800010B513460A4604461946FFF7F0FF20460B
:1003900010BDF0B4CA17CB0F50405140C61841F100
:1003A00000054FEAC372314628004FF0960303D090
:1003B000B623F0BC00F03FB830460021F9E73EB567
:1003C000CA17CB0F002450405140C0186141DA07D2
:1003D00040F233430094CDE901232246234600F046
:1003E00090F803B030BD202A04DB203A00FA02F175
:1003F000002070479140C2F1200320FA03F3194313
:1004000090407047202A04DB203A21FA02F00021B4
:10041000704721FA02F3D040C2F120029140084314
:10042000194670470029A8BF7047401C490008BF03
:1004300020F00100704710B4B0FA80FC00FA0CF014
:1004400050EA010404BF10BC704749B1CCF120044C
:1004500021FA04F411FA0CF118BF012121430843D9
:10046000A3EB0C01CB1D4FEA00614FEA102042BF05
:10047000002010BC704700EBC35010440029A4BFFB
:1004800010BC7047401C490008BF20F0010010BCA0
:100490007047F0B400F0004221F0004120F000402D
:1004A000CE0DC30DC1F3160141F40001C0F31600D7
:1004B0004C42154640F40000761E09E010EB440063
:1004C00002D582F0004240428842F7D840005B1ECD
:1004D000B342F9DA18B1F0BC0021FFF7ACBF2846EF
:1004E000F0BC704710B5141E73F1000408DA401C0C
:1004F00041F1000192185B411A4301D120F0010043
:1005000010BD2DE9F04D92469B4611B1B1FA81F232
:1005100002E0B0FA80F220329046FFF764FF044612
:100520000F4640EA0A0041EA0B0153465A46084387
:1005300013D0114653EA010019D0C8F140025046C9
:10054000FFF760FF05460E46504659464246FFF704
:100550004AFF084305D0012004E020463946BDE8A3
:10056000F08D0020054346EAE0762C4337430A9895
:100570006305E40AA0EB08000022FD0A44EA4754A0
:100580000A3002D500200146E9E70105101969414A
:10059000DDE9084500196941BDE8F04DA2E700001A
:1005A000064C074D06E0E06840F0010394E80700C0
:1005B00098471034AC42F6D3FFF78CFEB0CC00085D
:1005C000F0CC00080000000010B50446006842F2BC
:1005D000001140F48070C4F20201884218D142F246
:1005E0000830C4F20200006810F4403F18D005F053
:1005F000B7F96168B1F5803F05D0B1F5403F2BD028
:10060000B1F5003F29D1090CB0FBF1F025E000BFA6
:1006100046F20830C5F60200006810F4403FE6D10B
:100620004FF40020002104F00FF96168A1F5802249
:100630004FEAB2420A2A10D8DFE802F006060606A0
:1006400006063C3E404244006FF0010202EA51417E
:10065000B0FBF1F001E000BF80084BF62141C0F291
:10066000BE01884206D82068816821F4407181600B
:1006700010BD00BF47F64101C0F27D11884207D886
:1006800020680122816862F30921816010BD00BFEA
:1006900021684FF28102C0F2FA229042886805D8A0
:1006A000022262F30920886010BD00BF40F4407050
:1006B000886010BD0009D0E74009CEE78009CCE78B
:1006C000C009CAE7000AC8E7B0B5016804468A68ED
:1006D0008868C0074FF0000031D012F0020218BF46
:1006E000B0BD886800F00D0001281FD14FF6C07220
:1006F0008868C7F6FF7210400230886003200860E7
:1007000003F066FD21688968C90701D10020B0BDEA
:10071000054602E08068C007F8D003F059FD401B91
:1007200003282068F6D38168C907F3D0206E40F013
:1007300010002066606E40F0010060660120B0BDD0
:100740002DE9F04148F2A06740F2701840F2E01540
:100750000026C0F20107C2F20048C2F200450024A0
:100760000921404601F028FA04440921284601F0F5
:1007700023FA013F0644F3D100EE104A01EE106A5D
:1007800040F2C0009FED082AC2F20000B8EE400A15
:10079000B8EE411A80EE020A80ED000A81EE020AEC
:1007A00080ED010ABDE8F0810050C3470000000061
:1007B00040F2C0009FED122AC2F2000090ED020A42
:1007C000B8EE400A90ED001A30EE410A9FED0B1A88
:1007D00020EE010AB7EE041A00EE021AB0EE000A8B
:1007E000B8EE042AA1EE002A9FED060A82EE000A66
:1007F00080ED040A90ED040A704700BF3333534084
:1008000000008039EC51B8BE40F2C0009FED122AC2
:10081000C2F2000090ED030AB8EE400A90ED011A12
:1008200030EE410A9FED0B1A20EE010AB7EE041AD2
:1008300000EE021AB0EE000AB8EE042AA1EE002A79
:100840009FED060A82EE000A80ED050A90ED050A8A
:10085000704700BF3333534000008039EC51B8BEBD
:1008600040F2C000C2F2000090ED040A90ED051ABB
:1008700030EE010AB1EE400A80ED060A90ED060A5C
:10088000704700000000000040F2C000C2F200000B
:1008900090ED010A70470000B0B540F270144FF0BF
:1008A0000111C2F2004440F2FF72204600F0B0FC99
:1008B00040F2E0154FF00111C2F2004540F2FF7224
:1008C000284600F0A5FC284601F0EEFD204601F088
:1008D000EBFD284601F090F92046BDE8B04001F05C
:1008E0008BB9000000000000F0B581B0044600683C
:1008F0008168C9074CD14FF6C0778168C7F6FF778A
:1009000007F17F0211420BD0206E40F010002066EC
:10091000606E40F001006066012001B0F0BD00BFD4
:100920008168394041F00101816003F051FC42F2DD
:10093000000346F20836C4F20203216803F5807210
:1009400003F54275C5F60206914208BF2E4699424C
:1009500008BF2E4699420546306816D0914214D100
:1009600010F01F0014D110E08868C00704D1886817
:10097000384040F00100886003F02AFC401B2168E9
:10098000032802D30868C007BED00868C007EBD0B0
:10099000002001B0F0BD000080B540F27010C2F23E
:1009A000004001F025FA40F2E010C2F20040BDE83C
:1009B000804001F01DBA0000FEE7000000000000CA
:1009C00040F25820C2F2004002F0EAB900000000F4
:1009D00040F2D020C2F2004002F0E2B90000000074
:1009E00040F20F42D0F800C0C4F20202944511DC7C
:1009F0006F22C4F20202944522DC3F22C4F20202BA
:100A0000944539DC1022C4F2020294455AD02822BF
:100A100054E000BF40F26F42C4F2020294451BDC76
:100A200040F23F42C4F2020294452DDC40F21042F3
:100A3000C4F20202944545D040F228423EE000BF95
:100A40009F22C4F20202944528DC7022C4F2020202
:100A5000944537D0882231E040F29F42C4F202022E
:100A6000944523DC40F27042C4F20202944529D03E
:100A700040F2884222E000BF4022C4F202029445C4
:100A800020D058221AE000BF40F24042C4F20202D5
:100A9000944517D040F2584210E000BFA022C4F2A3
:100AA000020294450ED0B82208E000BF40F2B842DE
:100AB000C4F20202944505D040F2A042C4F2020200
:100AC000944517D10CF0F8024AF6AB23103ACAF657
:100AD000AA23A2FB03310AA35F2AC1F302115B5CC4
:100AE00040F2FF312CEA0101C36588BF0431816502
:100AF000084670472CF0FF0181650846704700BF2B
:100B0000000610160006101670B540F26F44D0F8BB
:100B100000C0C4F20204D0F858E0A4451ADC9F25B6
:100B2000C4F20205AC4533DC5725C4F20205AC45DE
:100B30005ADC1025C4F20205AC4500F09880282547
:100B4000C4F20205AC4500F092804025C4F20205D3
:100B50008AE000BF45F22F45C5F60205AC452DDC05
:100B600040F2B745C4F20205AC454BDC40F270459B
:100B7000C4F20205AC457AD040F28845C4F20205C1
:100B8000AC4574D040F2A045C4F202056CE000BF51
:100B900040F22745C4F20205AC4543DCA025C4F26F
:100BA0000205AC4563D0B825C4F20205AC455ED061
:100BB00040F21045C4F2020556E000BF45F26B4515
:100BC000C5F60205AC453FDC45F23045C5F60205E9
:100BD000AC454CD045F24445C5F60205AC4546D07F
:100BE00045F258453EE000BF5825C4F20205AC4529
:100BF0003DD07025C4F20205AC4538D08825C4F23A
:100C0000020531E040F2B845C4F20205AC452ED0F1
:100C100045F20845C5F60205AC4528D045F21C450D
:100C200020E000BF40F22845C4F20205AC451ED0CA
:100C300040F24045C4F20205AC4518D040F2584598
:100C4000C4F2020510E000BF45F26C45C5F602058E
:100C5000AC450CD045F29445C5F60205AC4506D02E
:100C600045F28045C5F60205AC4540F0D580456E9D
:100C7000C66E002E866E6E601CBFD0E91C566E607C
:100C8000A44515DC9F24C4F20204A4452CDC57249F
:100C9000C4F20204A44551DC1024C4F20204A445A9
:100CA0007AD02824C4F20204A44575D040246FE011
:100CB00045F22F44C5F60204A44529DC40F2B744AE
:100CC000C4F20204A44545DC40F27044C4F20204BC
:100CD000A44561D040F28844C4F20204A4455BD02C
:100CE00040F2A04454E000BF40F22744C4F20204A2
:100CF000A4453FDCA024C4F20204A4454CD0B8248F
:100D0000C4F20204A44547D040F2104440E000BFC2
:100D100045F26B44C5F60204A44555DC45F2304467
:100D2000C5F60204A44561D045F24444C5F6020468
:100D3000A4455BD045F2584454E000BF5824C4F2A7
:100D40000204A44528D07024C4F20204A44523D090
:100D500088241DE040F2B844C4F20204A4451BD02C
:100D600045F20844C5F60204A4453FD045F21C44B0
:100D700038E000BF40F22844C4F20204A4450BD07E
:100D800040F24044C4F20204A44505D040F2584465
:100D9000C4F20204A4453FD18468C06D00F01F0076
:100DA0003F2505FA00F0CEF80800DCF80000402CE2
:100DB00020F48020CCF80000CCF8043023D0CCF80C
:100DC0000810CCF80C2070BD45F26C44C5F6020446
:100DD000A4450BD045F28044C5F60204A44505D0D5
:100DE00045F29444C5F60204A44515D1C46D80684B
:100DF00004F01F040125402805FA04F4CEF804404D
:100E0000CCF8043004D1CCF80820CCF80C1070BD1C
:100E1000CCF80810CCF80C2070BD000000000000D9
:100E200070470000000000002DE9F0412DED048B1B
:100E300040F2F40040F27806C2F20000C2F200066E
:100E400000230068426AD6E90401101A63EB01012D
:100E5000B0F1004371F1000302DB013908E000BF8B
:100E60000123C8F20003C31A71F1FF33B8BF013187
:100E7000D6E90637C018326179414FF00008C6E95B
:100E80000A01C6E90580F161FFF799FA41EC100B00
:100E90009FED571B9FED5A8A20EE010B9FED561BCD
:100EA00080EE010BB7EEC00BF0EE480A0BF0B4F881
:100EB00030EE081AB5EE400AB1EE009AF0EE480A9C
:100EC000F1EE10FAB8BFB0EE410A20EE091A86ED35
:100ED0000C0AB0EE410A0BF09FF806F1200330EE49
:100EE000081AB5EE400AF1EE10FAB8BFB0EE410AAA
:100EF0000FCB141A83EA010780EA020063EB0105B5
:100F0000384386ED0D0AC6E9082307D0601E75F147
:100F10000000B8BF4FF0010886F80180204629463E
:100F2000FFF737FA01EE100A9FED360A3078B2EE7D
:100F3000042A21EE001A01281CD1B0689FED324A24
:100F400003EE100A00287078B8EE433A23EE043A14
:100F50009FED2E4A84EE033A9FED2D4A04FE033A9C
:100F600000284FF000003070B1EE434A03FE043A0F
:100F700086ED033A40F20C0181EE021AC2F2000142
:100F800084EAE57085EAE5730A78B0EBE57163EB16
:100F9000E570DAB1012A03D196ED031A16E000BF1D
:100FA000D1F163024FF0000282410FD30B3996ED6D
:100FB000032A70F1000003D2B0EE421A06E000BF2F
:100FC00031EE021AB6EE002A21EE021A21EE082AAC
:100FD00086ED101A82EE000A86ED0E0A20EE092A2E
:100FE00086ED0F2ABDEC048BBDE8F08100BF00BF89
:100FF00000000060FB211940000000000088C34091
:10100000DB0FC9400000704200401C45C0E1644C49
:10101000000000000000000040F27801C2F2000170
:101020004A681AB1821A8A6001220A7048607047C1
:1010300040F27800C2F2000090ED0D0A7047000007
:1010400040F27800C2F2000090ED0C0A70470000F8
:1010500040F27800C2F2000090ED0E0A70470000E6
:1010600080B540F27800C2F20000D0E90A01FFF733
:1010700090F900EE100A80BD40F2F4000021C2F2A7
:1010800000000068416240F27800C2F20000C0E94E
:101090000C11C0E90E110164C0E90411C0E9061188
:1010A000C0E90811C0E90A11C0E9011101807047C7
:1010B00010B540F2F4043C21C2F20004204605F0D1
:1010C0000BFE20680024446240F2E030C2F200408F
:1010D00005F0AAFB40F22C400821C2F2004005F0C6
:1010E00063FF40F27800C2F20000C0E90C44C0E99E
:1010F0000E440464C0E90444C0E90644C0E908445D
:10110000C0E90A44C0E90144048010BD00000000A9
:1011100072B600BFFEE7000044F60400C5F6020008
:10112000816841F0020181600168890409D4016885
:1011300089045CBF01685FEA814102D401688904C7
:10114000F2D57047000000009FED0A2A20EE823A97
:101150009FED094AA0EE043A30EEC10AA1EE023A30
:101160009FED061A20EE010A80ED003A81ED000A9B
:10117000704700BFABAAAABEABAA2A3F3ACD133F25
:10118000B0B52DED088BB0EE40AAB0EE410A0C468A
:101190000546B0EE418AB0EE609A0AF0E9F9B0EE89
:1011A00040BAB0EE480A0AF02BFA20EE491A2BEEAC
:1011B000092AABEE0A1AA0EE0A2A85ED001A84ED80
:1011C000002ABDEC088BB0BDB0B52DED088BB0EE9C
:1011D00040AAB0EE410A0C460546B0EE418AB0EE98
:1011E000609A0AF0C5F9B0EE40BAB0EE480A0AF0CB
:1011F00007FA20EE091A2BEE092AABEE0A1AA0EE26
:101200004A2A85ED001A84ED002ABDEC088BB0BD9A
:1012100070B582B000230193044690F85C00012869
:1012200002D1022002B070BD012084F85C0020468B
:1012300015460E46FFF748FA216E18B141F010012D
:101240004CE000BF41F202124FF6C0739143C3F667
:10125000FE7302312166216806F4803605F0804570
:101260008A682E4413404FF2FF72C2F2C3523344D5
:1012700003F100438B608B68B3F1FF3F2ADC019BD5
:1012800001330193019B93421DD88B68B3F1FF3F5B
:1012900020DC019B01330193019B934213D88B689F
:1012A000B3F1FF3F16DC019B01330193019B934295
:1012B00009D88B68B3F1FF3F0CDC019B013301932C
:1012C000019B9342D7D9206E40F0100020F002011C
:1012D000012003E0216E012262F301012166002159
:1012E00084F85C1002B070BD00688168826801F00B
:1012F000040102F0080289180AD14FF6FF72C16892
:10130000C7F6DF72114001F10041C1600020704753
:10131000012070470000000070470000000000003E
:101320002DE9F04F81B00022009290F85C20012A54
:1013300006D14FF00208404601B0BDE8F08F00BF73
:101340000269002A4FF0010280F85C2002D04F6A47
:10135000012F19D14A68092A3DD10A68CB6A4FF496
:10136000785707EA524223B103F07C030F6B3B43EB
:101370001A43036844F20006C0F21046DF6C37409F
:101380001743DF64826626E0C66E1EB1836E0022BC
:101390000AE000BFCB6A7A1E23B103F07C030E6B18
:1013A00033431A4300233E46D1E9007505F01F057B
:1013B000C7F38467AF403A43771E42EA0302C0E9AD
:1013C0001A2708D1036844F20006C0F21046DF6C09
:1013D00037403A43DA64036846F2083C4FF6FF7E32
:1013E000C5F6020C9A68C0F20F0E12072AD40A68DA
:1013F000002A13D4ACF54274A3420FD092FAA2F49F
:1014000012EA0E0FB4FA84F408BF940E04F01F021F
:10141000012404FA02F2DC692243DA61DA6891F805
:10142000294091F82A50002C22F440144FEA4552EA
:1014300002D0224305E000BF91F8285044EA055449
:101440002243DA609A689C6802F0040204F00804FF
:10145000121915D1CA6ABAB10A6BAAB191F829203A
:10146000012A19D1026E4FF0010842F020020266F3
:1014700091F83440012C19D01C6924F0020429E0B1
:101480004FF0000894E100BF91F82920012ADA68A2
:1014900003D142F0007202E0DA6822F000724FF0ED
:1014A0000008DA6091F83440012CE5D1ACF54274C3
:1014B000A34200F0CB804FF61D651C69CFF60045B6
:1014C00002272C40CFF6FF77D1E90E56344307EBC5
:1014D00005452C431C610C6807278E68C4F34065E2
:1014E000C4F3045403EB8505A7406A6906FA04F4C3
:1014F000BA43ACF54277BB4242EA04026A6131D09A
:1015000041F20002C5F60042126802F07042B2F1E8
:10151000805F40F091804A69DC680E2505EA54043A
:1015200002FA04F40D69042D00F0D98003F1600281
:101530000E6806F0F84652F8257007F000473C4365
:10154000344342F825400C6991F8215052F8246048
:10155000012D26F0004608BF06F1004642F824603F
:1015600026E100BF4FF604520C69CFF6FF72042C3F
:101570004D695CF802607BD14FF65852CFF6FF728E
:101580005CF802201A6E0E68C2F3846216EA0E043A
:10159000C6F3846596FAA6F6B6FA86F6374608BF0D
:1015A0002F46BA420CD11A6E22F000421A660A681F
:1015B00002EA0E04C2F3846592FAA2F2B2FA82F64B
:1015C0005A6E37465A6E002C08BF2F46C2F384620B
:1015D000BA420CD15A6E22F000425A660A6802EAF8
:1015E0000E04C2F3846592FAA2F2B2FA82F69A6EFF
:1015F00037469A6E002C08BF2F46C2F38462BA4267
:101600000CD19A6E22F000429A660A6802EA0E0431
:10161000C2F3846592FAA2F2B2FA82F6DA6E002C74
:10162000DA6E08BF2E46C2F38462B24240F0C08038
:10163000DA6E22F00042BAE0DA684C69DD68D20660
:101640004FEA550544D405F00E0243E04FF6085426
:10165000CFF6FF745CF8045025F4FF75D1E90E67EE
:1016600035433D4345F002054CF8045033E700BFD5
:10167000ACF52A724FF2000BD1F800A0062752F801
:101680002490C0F2FF3B07EA96060AF0F84A09EAFE
:101690000B07B5400AEB0706354345F0004542F815
:1016A00024500C69CD6952F8246026F080763543C9
:1016B00042F824500C6991F8205052F82460012D12
:1016C00026F0007608BF06F1007642F824606FE04D
:1016D00005F0080294400D69042D7FF427AF1A6EBF
:1016E0001A6E0C6814EA0E0994FAA4F7B7FA87F593
:1016F000C4F384662F4608BF3746C2F38462BA42F9
:101700000FD11A6E04F0F84402F0004222441A6627
:101710000C6804EA0E09C4F3846694FAA4F2B2FADF
:1017200082F55A6E2F465A6EB9F1000F08BF374640
:10173000C2F38462BA420FD15A6E04F0F84402F048
:10174000004222445A660C6804EA0E09C4F3846617
:1017500094FAA4F2B2FA82F59A6E2F469A6EB9F113
:10176000000F08BF3746C2F38462BA420FD1DA6E67
:1017700004F0F84402F000422244DA660C6804EAFD
:101780000E09C4F3846694FAA4F2B2FA82F5DA6E12
:10179000B9F1000FDA6E08BF3546C2F38462AA427F
:1017A00006D1DA6E04F0F84402F000422244DA6610
:1017B0009A68D20740F09681ACF542790D684B45A6
:1017C000CE680DD006F01802D3F8C0102EFA02F23F
:1017D00005EA0E07B9432A401143C3F8C01010E0D0
:1017E0004FF6A85106F01807CFF6FF712EFA07F74B
:1017F00005EA0E042F405CF80120A2433A434CF85E
:1018000001200021C4F2527101F52D02964240F0F0
:10181000138146F20002C5F6020293423CD042F226
:101820000012C4F20202934226D042F20002C4F235
:101830000202934246D11F22C1F2F04295426BDD73
:1018400040F2FF72C2F63062954243DD40F600027C
:10185000C2F63062954200F0BF8041F20002C3F24E
:101860006022954200F08C800022C4F22132954221
:1018700000F0CD80B6E000BF1F21C1F2F0418D42E3
:1018800022DC0721C0F690418D4259DC0221C0F2D2
:1018900030418D424AD165E01F21C1F2F0418D42B5
:1018A00024DC0721C0F690418D426FDC0221C0F29A
:1018B00030418D4256D00421C0F660018D423AD0AD
:1018C0009AE000BF0021A2E040F2FF71C2F6306151
:1018D0008D4249DC2021C1F2F0418D423CD040F2E2
:1018E0000041C2F600218D4211D07BE040F2FF7131
:1018F000C2F630618D425DDC2021C1F2F0418D42A3
:101900002AD040F20041C2F600218D4274D140F647
:101910000001C2F630617AE00721C0F690418D42A5
:101920000EDC0221C0F230418D421BD00421C0F6F2
:1019300060018D4256D14021C1F6201167E000BF01
:101940000821C0F690418D4230D01021C1F2C00173
:101950008D4225D046E000BF40F20021C2F2B051D6
:1019600055E000BF012152E040F60001C2F63061AF
:101970008D4231D041F20001C3F260218D4231D15C
:1019800042F20001C3F2906141E000BF0821C0F6BD
:1019900090418D420AD01021C1F2C0018D422BD15D
:1019A00040F20011C2F2801131E000BF8021C1F687
:1019B00050512CE040F60001C2F630618D420BD050
:1019C00042F20001C3F290618D4215D144F2000150
:1019D000C3F6C0211BE000BF41F20001C3F2602149
:1019E00015E000BF00220021C4F68432954204BFF6
:1019F0000021C4F6B8710AE044F200020021C3F6E7
:101A0000C022954204BF48F20001C3F6F0614B4585
:101A100012D091FAA1F24FF6C137B2FA82F2C0F2B7
:101A20000A07394208BF8A0E02F01F01012202FA9A
:101A300001F1DA691143D961B5F1FF3F52DC42F29D
:101A4000001243F48071C4F20202914242F200019A
:101A5000C4F2020138D18A68D1F808711743FA0735
:101A60003AD101F5807201F542779342624608BF90
:101A70003A468B4240F2000108BF3A46CCF252711E
:101A800017688D4207F0E07108BF17F4000231D0EB
:101A90000022CCF22132954208BF17F0807245D067
:101AA0000022CCF6843295421CD117F4800208BF84
:101AB0004B4517D1DCF8002022F0E072114341F4CD
:101AC0008001CCF800100DE04FF60052CFF6FF7207
:101AD0005CF80270FA07C4D0016E4FF0010841F0C3
:101AE00020010166002180F85C10404601B0BDE88D
:101AF000F08F00BF4B45F5D1DCF8002022F0E072FA
:101B0000114342F6635241F40001CCF8001040F258
:101B10000001C0F23E52C2F2000109688909A1FB2E
:101B200002129109022202EB41010DE04B45D9D18D
:101B3000DCF8002022F0E072114341F08071CCF813
:101B40000010CFE700990139009100990029C9D010
:101B500000990139009100990029C3D000990139F9
:101B60000091009900291FBF009901390091009947
:101B700018BF0029B6D0E5E710B542F200010068B1
:101B8000C4F20201884218BF10BD40F27010092152
:101B9000C2F2004000F010F840F2C0040921C2F285
:101BA0000004A06040F2E010C2F2004000F004F82F
:101BB000E06010BD0000000040F20F1291420DD015
:101BC00040F2152291420DD040F21B320068914242
:101BD00014BF80308C300068704700BF00688430CC
:101BE0000068704700688830006870470000000097
:101BF000704700000000000070B542F2001546F288
:101C00000833C4F202050446006805F50272C5F601
:101C10000203A5F58071A84208BF1346884208BF99
:101C200013461E688168090710D4C168C06C10F49F
:101C3000C07F07D1002905D4206E40F02000206627
:101C4000012070BD94F85C00012801D1022070BD14
:101C5000012084F85C002046FEF746FE20B10021FA
:101C600084F85C1070BD00BF206EC00502D4002057
:101C700003E000BF606E20F00800606643F20101DF
:101C8000206E884306F01F0100F580502066206812
:101C9000A84200D119B9226E22F480122266602275
:101CA0000260002284F85C20C268920203D5426878
:101CB00042F48062426062696FF04003082A4FF08C
:101CC000200208BF6FF02003466808BF402233405F
:101CD00043604368A84242EA0302426007D10729F1
:101CE00012D8012202FA01F111F0C10F0CD0C16823
:101CF000890107D44FF6C0728168C7F6FF721140A0
:101D000008318160002070BD206E40F48010206694
:101D1000002070BD000000007047000000000000BF
:101D20007047000000000000B0B582B090F85C2061
:101D3000012A03D10221084602B0B0BD42F20832A6
:101D400000230193C4F202020093A2F542740368D7
:101D5000A34227D14FF6006E4FF60055CFF6FF7E17
:101D6000CFF6FF7552F80E40535923435B0719D441
:101D7000D1F800C01368BCF1000F23F440441DD01B
:101D80004B6823431360535952F80E502B43DB0723
:101D900022D1136840F61F75AB438968194341EAA5
:101DA0000C0116E0016E41F02001016601210022C4
:101DB00080F85C20084602B0B0BD00BF14605159E5
:101DC00052F80E301943C90708D1116840F61F7345
:101DD000994311600021EAE70021E8E70021E6E7E6
:101DE0007047000000000000704700000000000085
:101DF0002DE9F04F81B046F2083942F20002C5F6F3
:101E00000209C4F202020446006802F5807A02F573
:101E1000427B4946504508BF5946904208BF594643
:101E200006684568B2070F680FD515F002010CD09F
:101E3000206EC00603D4206E40F400602066204669
:101E4000FFF76AFA206802210160710707F01F0896
:101E500002D515F0040104D131074DD515F0080164
:101E60004AD0214651F8602FD20603D40A6842F4C2
:101E700000720A60C26812F4406F37D142F2000368
:101E80000246C4F20203504508BF1A46B8F1090FD2
:101E9000134608BF0346B8F1050F08BF0346B8F163
:101EA000000F08BF0346824208BF1346DA68920457
:101EB0001CD40268120719D5826852070CD44268F4
:101EC00022F00C024260086820F480700860086804
:101ED000C00407D50AE000BF206E04F1640140F0A1
:101EE00010002066086840F0010008602046FFF7F7
:101EF00077FF20680C210160B10602D515F02001A2
:101F000004D171062FD515F040012CD0214651F88F
:101F1000602FD20603D40A6842F400520A6042F2EB
:101F200000020346C4F20202504508BF1346B8F14E
:101F3000070F1A4608BF0246B8F1060F08BF02464F
:101F4000B8F1000F08BF0246834208BF1A46C36CAF
:101F500013F4C07FC368D26876D02046FFF70CFE2A
:101F600020686021016031060CD515F0800109D090
:101F7000206E40F480302066204600F021FA206870
:101F800080210160F1050DD515F480710AD0206E15
:101F900040F4003020662046FFF7BEFE20684FF474
:101FA00080710160B1050DD515F400710AD0206E65
:101FB00040F4802020662046FFF7B2FE20684FF4F0
:101FC00000710160F10624D515F0100121D0E16BFC
:101FD00089B1B8F1000F59D042F20001504508BF55
:101FE000D946C4F20201884208BFD946D9F8001088
:101FF00011F4404F0BD0206E40F480602066606E7C
:1020000040F0020060662046FFF7EEFE20681021D7
:102010000160710514D515F4806111D0216E41F471
:1020200080412166616E41F0080161664FF4806174
:102030000160204601B0BDE8F04FFFF7D9BD00BFF9
:1020400001B0BDE8F08F00BF970106D503F44063EF
:1020500002F40057DB197FF480AF03685B067FF55D
:102060007CAF12F400127FF478AF8268120711D4AB
:10207000426822F060024260086820F480500860E4
:102080000868C0053FF569AF0AE000BFC16889076D
:10209000B1D1BCE7206E04F1640140F0100020666D
:1020A000086840F00100086057E7000000000000E9
:1020B000F0B581B0044600284FF0000000902DD00C
:1020C000206E30B9204600F07FF90020606684F869
:1020D0005C002068816889004FF6C071C5F6FF7109
:1020E00002D582680A4082608268D20031D4826858
:1020F00001F18051114042F6635241F080518160FC
:1021000040F20001C0F23E52C2F2000109688909A2
:10211000A1FB0212012101EB921105E001252846E5
:1021200001B0F0BD009901390091009989B1009981
:1021300001390091009961B100990139009100992C
:1021400000291FBF009901390091009918BF00298B
:10215000E8D18168C90009D4216E012541F0100140
:102160002166616E41F00101616600E00025816831
:10217000226E02F0100201F004018918216E59D17B
:1021800021F4817146F2100C023121668168C5F696
:10219000020CC90724D142F2001240F48071C4F24B
:1021A0000202914242F20001C4F2020140F0F080CA
:1021B0008A68D1F808311A43D20711D101F580722B
:1021C00001F5427390421A4618BF0CF53E728842E0
:1021D00008BF1A466168136823F47C131943116021
:1021E000617EE36BACF11006B04243EA413329D083
:1021F000A168194394F82030012B41EA034306D12A
:10220000616A0022CFF6FE7202EB41410B43A16AE4
:1022100021B101F47871E26A11430B43B0421FD03F
:102220004CF20302C168CFF6F07211401943C1604D
:1022300028E000BF41F0100001252066284601B0CB
:10224000F0BD00BFA168D4F80CE0082900F0A6801A
:102250000C2900F0A5801C2940F0A4801021A4E0E6
:1022600044F207025CF8041CCFF6F07211401943E7
:102270004CF8041CDCF80010626B21F04061114343
:10228000CCF800108168826801F0040102F00802B5
:10229000891869D1217EB0424FEA813126D0226B64
:1022A000C36844F20307BB431A431143C16094F867
:1022B0004410012948D14FF61E020169CFF60042B1
:1022C0000126D4E912371140CFF6FF7606EB03431F
:1022D0003943276D1943636D3943226C19430161FA
:1022E000016921F07041114301613AE05CF8042C6E
:1022F00094F8383044F2030E94F8447022EA0E0247
:1023000042EA4302012F41EA02014CF8041C1BD1AE
:102310004FF61E01DCF80000CFF600410840D4E97A
:1023200012120843216D1043626D0843216C104363
:1023300040F00100CCF80000DCF8000020F0704014
:102340000843CCF800000FE00169B04221F0010120
:1023500001610169226C21F0704141EA02010161D1
:1023600002D02046FEF730F920682169026B01296E
:1023700022F00F0102D1E269013A11430163012108
:10238000206E61F301002066284601B0F0BD00BF59
:102390005CF8082CD2073FF411AF21E7002104E0DC
:1023A000082102E0182918BF002141EA0E01194353
:1023B00094F82030012B41EA03433FF421AF26E794
:1023C000704700000000000080B586B042F20012A5
:1023D0000068C4F20202002190420591CDE9031188
:1023E000CDE9011128D042F20001C4F20201884275
:1023F00058D140F2F00144F2D840C2F20001C5F6D3
:1024000002000A68002A02F101020A6008D101688C
:1024100041F020010160016801F020010091009964
:10242000816841F020018160806800F02000009008
:1024300000984FF4006021E040F2F00144F2D840EF
:10244000C2F20001C5F602000A68002A02F1010288
:102450000A6008D1016841F020010160016801F0C3
:10246000200100910099816841F02001816080681D
:1024700000F02000009000984FF4005001900320DD
:1024800002900020039041F20040C5F6020001A92D
:1024900001F0A6FD12200121002201F08DFF122083
:1024A00001F076FF06B080BDF0B581B042F20005C4
:1024B00046F20832C4F202050446006805F580764B
:1024C00005F54271C5F60202B04208BF0A46A842AD
:1024D00008BF0A4617688068400703D494F85C0078
:1024E000012803D1022001B0F0BD00BF012084F813
:1024F0005C002046FEF7F8F920B1002184F85C105A
:1025000001B0F0BD206807F01F01B04240F6017332
:1025100018BF0546226E2F1A22EA0303B7FA87F77F
:1025200003F580737A09236600D119B9236E23F469
:1025300080132366236E0027DB044FF0000344BFA3
:10254000676E27F0060767664FF01C07076084F880
:102550005C3042B9092919D8012202FA01F140F28E
:102560002122114212D0C168890104D5216E0122B5
:1025700062F30D3121664FF6C0728168C7F6FF72B3
:10258000114004318160002001B0F0BD206E40F4A4
:1025900080102066E8688001F5D5206E012161F386
:1025A0000D302066002001B0F0BD000000000000EA
:1025B0002DE9F041044601F00BFE3CB3054694F8CA
:1025C0003500022826D1276840F20F46C4F20206E1
:1025D00040F26F483868B74220F0010038606FF071
:1025E0000E00C4F202081DDC6F21C4F202018F420A
:1025F0002ADC3F21C4F202018F4241DC1021C4F2E7
:1026000002018F4263D028215CE000BF0120BDE8B9
:10261000F08100BF802060650120002184F8341023
:10262000BDE8F08147451BDC40F23F41C4F20201A6
:102630008F422DDC40F21041C4F202018F4246D09D
:1026400040F228413EE000BF9F21C4F202018F42C8
:1026500028DC7021C4F202018F4238D0882131E099
:1026600040F29F41C4F202018F4223DC40F27041EC
:10267000C4F202018F422AD040F2884122E000BF1A
:102680004021C4F202018F4221D058211AE000BF3C
:1026900040F24041C4F202018F4218D040F258414A
:1026A00010E000BFA021C4F202018F420FD0B82178
:1026B00008E000BF40F2B841C4F202018F4206D0E8
:1026C00040F2A041C4F202018F42394607D1394697
:1026D000386820F01E0041F8140B6FF080000A6883
:1026E000474500EA020008601ADC9F20C4F202009D
:1026F000874233DC5720C4F2020087425ADC1020A4
:10270000C4F20200874200F097802820C4F2020041
:10271000874200F091804020C4F202008AE000BFAE
:1027200045F22F40C5F6020087422DDC40F2B7404B
:10273000C4F2020087424BDC40F27040C4F2020057
:10274000874279D040F28840C4F20200874273D0B9
:1027500040F2A040C4F202006CE000BF40F227400B
:10276000C4F20200874243DCA020C4F20200874288
:1027700062D0B820C4F2020087425DD040F210401F
:10278000C4F2020056E000BF45F26B40C5F60200FD
:1027900087423FDC45F23040C5F6020087424BD00D
:1027A00045F24440C5F60200874245D045F2584004
:1027B0003EE000BF5820C4F2020087423CD07020A7
:1027C000C4F20200874237D08820C4F2020031E010
:1027D00040F2B840C4F2020087422DD045F20840D2
:1027E000C5F60200874227D045F21C4020E000BF1A
:1027F00040F22840C4F2020087421DD040F240401F
:10280000C4F20200874217D040F25840C4F20200DE
:1028100010E000BF45F26C40C5F6020087420BD0C5
:1028200045F29440C5F60200874205D045F280404B
:10283000C5F60200874205D1206E016821F480713F
:10284000016000BF3868C00710D001F0C1FC401B18
:102850000628F7D320206065032084F83500012086
:10286000002184F83410BDE8F08100BF2068B04238
:1028700010DC6F21C4F2020188421DDC3F21C4F24A
:102880000201884234DC1021C4F20201884255D092
:1028900028214FE040451BDC40F23F41C4F20201D9
:1028A00088422DDC40F21041C4F20201884245D03A
:1028B00040F228413EE000BF9F21C4F2020188425D
:1028C00028DC7021C4F20201884237D0882131E02F
:1028D00040F29F41C4F20201884223DC40F2704181
:1028E000C4F20201884229D040F2884122E000BFB0
:1028F0004021C4F20201884220D058211AE000BFD2
:1029000040F24041C4F20201884217D040F25841DF
:1029100010E000BFA021C4F2020188420ED0B8210D
:1029200008E000BF40F2B841C4F20201884205D07D
:1029300040F2A041C4F2020188425BD1D4E91612F0
:1029400002F01F023F2303FA02F28A6040455BDC7B
:102950009F21C4F20201884214DC5721C4F2020113
:10296000884227DC1021C4F20201884200F0A280D4
:102970002821C4F20201884200F09C804021C4F268
:10298000020195E040F22741C4F2020188421FDCB7
:10299000A021C4F20201884200F08C80B821C4F268
:1029A0000201884200F0868040F21041C4F2020128
:1029B0007EE000BF5821C4F2020188427AD0702123
:1029C000C4F20201884275D08821C4F202016FE08E
:1029D00040F22841C4F2020188426BD040F24041EB
:1029E000C4F20201884265D040F25841C4F20201AB
:1029F0005EE000BFD4E9161202F01F02012303FAC1
:102A000002F24A604045A3DD45F22F41C5F60201BE
:102A1000884217DC40F2B741C4F20201884227DC49
:102A200040F27041C4F20201884243D040F2884132
:102A3000C4F2020188423DD040F2A041C4F202013A
:102A400036E000BF45F26B41C5F6020188421FDC4B
:102A500045F23041C5F6020188422BD045F244418F
:102A6000C5F60201884225D045F258411EE000BF5C
:102A700040F2B841C4F2020188421BD045F208413D
:102A8000C5F60201884215D045F21C410EE000BF98
:102A900045F26C41C5F6020188420BD045F29441E3
:102AA000C5F60201884205D045F28041C5F6020113
:102AB00088420BD1616EA26EE06E4A6030B101684F
:102AC00021F480710160D4E91C014160012084F887
:102AD00035000020002184F83410BDE8F0810000AA
:102AE00080B5D8B190F83510022919D140F20F42C3
:102AF0000168C4F20202914216DC6F23C4F20203A1
:102B0000994227DC3F23C4F2020399423EDC1023A2
:102B1000C4F2020399425FD0282359E0012080BD0E
:102B200080214165012080BD40F26F43C4F2020361
:102B300099421BDC40F23F43C4F2020399422DDC70
:102B400040F21043C4F20203994245D040F22843B8
:102B50003EE000BF9F23C4F20203994228DC7023A9
:102B6000C4F20203994237D0882331E040F29F43F8
:102B7000C4F20203994223DC40F27043C4F2020320
:102B8000994229D040F2884322E000BF4023C4F29A
:102B90000203994220D058231AE000BF40F240437C
:102BA000C4F20203994217D040F2584310E000BF2C
:102BB000A023C4F2020399420ED0B82308E000BF5C
:102BC00040F2B843C4F20203994205D040F2A04358
:102BD000C4F20203994275D191424FF0040280F889
:102BE000352011DC6F20C4F20200814222DC3F203C
:102BF000C4F20200814239DC1020C4F2020081429A
:102C000059D0282054E000BF40F26F40C4F20200C7
:102C100081421BDC40F23F40C4F2020081422DDCC5
:102C200040F21040C4F20200814244D040F22840F9
:102C30003EE000BF9F20C4F20200814228DC7020E9
:102C4000C4F20200814236D0882031E040F29F4039
:102C5000C4F20200814223DC40F27040C4F2020060
:102C6000814228D040F2884022E000BF4020C4F2D8
:102C7000020081421FD058201AE000BF40F24040BD
:102C8000C4F20200814216D040F2584010E000BF6A
:102C9000A020C4F2020081420DD0B82008E000BF9D
:102CA00040F2B840C4F20200814204D040F2A04099
:102CB000C4F202008142086820F001000860002090
:102CC00080BD00BF0A6822F001020A6045F2574247
:102CD000C5F6020291420A6822F00E020A600FDC79
:102CE00045F22F42C5F60202914219DC45F2084234
:102CF000C5F60202914229D045F21C4222E000BFF3
:102D000045F27F42C5F60202914213DC45F2584279
:102D1000C5F60202914219D045F26C4212E000BFA2
:102D200045F23042C5F6020291420FD045F24442CC
:102D300008E000BF45F29442C5F60202914205D078
:102D400045F28042C5F6020291421AD1D0E9181C20
:102D5000D0E916E30A6822F480720A6003F01F01CA
:102D6000012202FA01F1CEF80410816ECCF80410B1
:102D7000C16E31B10A6822F480720A60D0E91C1277
:102D80004A60012180F83510026D002180F834106E
:102D90000AB190470021084680BD000000000000F5
:102DA0002DE9F04782B00021019140F20001044674
:102DB000C2F2000148F2B512C1F64E32A56D0968A3
:102DC00040F26F490068C4F20209A1FB02184845AD
:102DD0002E68296816DC9F21C4F2020188422DDC8E
:102DE0005721C4F20201884252DC1021C4F20201D0
:102DF00088427CD02821C4F20201884277D0402149
:102E000070E000BF45F22F42C5F60202904229DC75
:102E100040F2B742C4F20202904245DC40F27041F7
:102E2000C4F20201884262D040F28841C4F2020139
:102E300088425CD040F2A04154E000BF40F22741FC
:102E4000C4F2020188423FDCA021C4F202018842A0
:102E50004DD0B821C4F20201884248D040F210415E
:102E600040E000BF45F26B42C5F60202904275DCBD
:102E700045F23042C5F60202904200F0828045F2EF
:102E80004442C5F6020290427BD045F2584273E0BC
:102E90005821C4F20201884229D07021C4F20201F3
:102EA000884224D088211DE040F2B842C4F20202D8
:102EB00090421CD045F20842C5F60202904260D012
:102EC00045F21C4258E000BF40F22841C4F2020122
:102ED00088420CD040F24041C4F20201884206D040
:102EE00040F25841C4F20201884240F05A83E16D39
:102EF000082201F01F0140F20F4A8A40C4F2020A80
:102F0000324200F0E68050454FF0040312DC6F2798
:102F1000C4F20207B8426FDC3F27C4F20207B8428E
:102F200000F3A4801027C4F20207B84200F0C58065
:102F30002827BDE048456BDC40F23F47C4F202075A
:102F4000B84200F39B8040F21047C4F20207B84237
:102F500000F0B38040F22847AAE000BF45F26C427F
:102F6000C5F6020290420CD045F28042C5F602023C
:102F7000904206D045F29442C5F60202904240F0DB
:102F800010830268E36D03F01F0304279F400F4284
:102F900018BF12F0040621D102279F400F4218BF2C
:102FA00012F002064CD1D940090740F1FA8212F022
:102FB000080100F0F682016821F00E010160012095
:102FC00000FA03F16960606584F835000020E16C67
:102FD00084F83400002940F0DC82E2E211046F60E2
:102FE00026D4910603D4016821F004010160216C0C
:102FF000002940F0CE82D4E29F27C4F20207B842F3
:1030000046DC7027C4F20207B84256D088274FE04A
:1030100040F29F47C4F20207B84241DC40F27047D9
:10302000C4F20207B84248D040F2884740E000BFEF
:10303000D00300F1B382216C002940F0AA82B0E2F3
:1030400011046F6000F1B482910609D4016821F087
:103050000A010160012084F83500002084F8340062
:10306000E16B002940F095829BE200BF4027C4F24B
:103070000207B84221D058271AE000BF40F240476B
:10308000C4F20207B84218D040F2584710E000BF1F
:10309000A027C4F20207B8420FD0B82708E000BF4B
:1030A00040F2A047C4F20207B84206D040F2B84747
:1030B000C4F20207B84218BF082307681F4208D0AD
:1030C000036823F004030360AA60626D42F001020A
:1030D000626501228A4032426FD0504510DC6F2376
:1030E000C4F2020398421DDC3F23C4F2020398425B
:1030F00034DC1023C4F20203984256D028234FE058
:1031000048451BDC40F23F43C4F2020398422DDCE9
:1031100040F21043C4F20203984246D040F22843E2
:103120003EE000BF9F23C4F20203984228DC7023D4
:10313000C4F20203984238D0882331E040F29F4322
:10314000C4F20203984223DC40F27043C4F202034B
:1031500098422AD040F2884322E000BF4023C4F2C4
:103160000203984221D058231AE000BF40F24043A6
:10317000C4F20203984218D040F2584310E000BF56
:10318000A023C4F2020398420FD0B82308E000BF86
:1031900040F2A043C4F20203984206D040F2B84382
:1031A000C4F20203984240F0098243691B0604D529
:1031B000AA60626D42F00202626504228A403242D5
:1031C0006FD0504510DC6F23C4F2020398421DDC1F
:1031D0003F23C4F20203984234DC1023C4F20203FA
:1031E000984256D028234FE048451BDC40F23F432D
:1031F000C4F2020398422DDC40F21043C4F20203F1
:10320000984246D040F228433EE000BF9F23C4F2DC
:103210000203984228DC7023C4F20203984238D09B
:10322000882331E040F29F43C4F20203984223DC3A
:1032300040F27043C4F2020398422AD040F288431D
:1032400022E000BF4023C4F20203984221D0582359
:103250001AE000BF40F24043C4F20203984218D083
:1032600040F2584310E000BFA023C4F2020398428A
:103270000FD0B82308E000BF40F2A043C4F202031D
:10328000984206D040F2B843C4F20203984240F09C
:103290009D8103689B0704D5AA60626D42F0040219
:1032A0006265102202FA01F1314200F0818050453E
:1032B0004FF0080210DC6F23C4F2020398421DDCB9
:1032C0003F23C4F20203984234DC1023C4F2020309
:1032D000984256D028234FE048451BDC40F23F433C
:1032E000C4F2020398422DDC40F21043C4F2020300
:1032F000984246D040F228433EE000BF9F23C4F2EC
:103300000203984228DC7023C4F20203984238D0AA
:10331000882331E040F29F43C4F20203984223DC49
:1033200040F27043C4F2020398422AD040F288432C
:1033300022E000BF4023C4F20203984221D0582368
:103340001AE000BF40F24043C4F20203984218D092
:1033500040F2584310E000BFA023C4F20203984299
:103360000FD0B82308E000BF40F2A043C4F202032C
:10337000984206D040F2B843C4F20203984218BF04
:1033800004220368134213D0A9600168490301684D
:1033900008D4C90508D4016821F008010160216C36
:1033A00021B905E008034FD4216C09B120468847B4
:1033B000E06D00F01F01202000FA01F2324200F01F
:1033C000AB8020681023504510DC6F27C4F2020741
:1033D000B8421DDC3F27C4F20207B84238DC102790
:1033E000C4F20207B8425AD0282753E048451BDCF4
:1033F00040F23F47C4F20207B84231DC40F21047C6
:10340000C4F20207B8424AD040F2284742E000BF67
:103410009F27C4F20207B8422CDC7027C4F20207CF
:10342000B8423CD0882735E040F29F47C4F20207FB
:10343000B84227DC40F27047C4F20207B8422ED0EF
:1034400040F2884726E000BFA16C0029AED1AFE76B
:103450004027C4F20207B84221D058271AE000BF23
:1034600040F24047C4F20207B84218D040F2584731
:1034700010E000BFA027C4F20207B8420FD0B8275F
:1034800008E000BF40F2A047C4F20207B84206D0ED
:1034900040F2B847C4F20207B84218BF02230768D7
:1034A0001F4239D0AA6094F83520042A02681BD143
:1034B00022F016020260426922F080024261226C10
:1034C0000AB9A26C1AB1026822F0080202603F2019
:1034D0008840A860012084F83500216D0020002973
:1034E00084F8340055D15CE0510301680ED4C9055D
:1034F0000ED4016821F010010160012084F835002C
:10350000002084F83400E16B21B905E008034BD4B6
:10351000E16B09B120468847606D002841D0606D9D
:10352000C00734D0042084F8350020684FEA982181
:10353000026822F001020260019A013201928A427D
:103540001AD80268D20717D0019A013201928A4232
:1035500012D80268D2070FD0019A013201928A4232
:103560000AD80268D20707D0019A013201928A4232
:1035700002D80268D207DFD10068C0074FF003000D
:1035800008BF012084F83500002084F83400E16C85
:1035900039B1204602B0BDE8F0470847A16C0029C8
:1035A000F7D102B0BDE8F087616C0029B2D1B3E772
:1035B000D0030DD4616C0029EBD1F2E7026804223C
:1035C0008A4032427FF4FDAD6BE600BF026868E6D8
:1035D000E16B0029DDD1E4E72DE9F04381B0044639
:1035E00000F0F6FD002C00F0AF8040F26F48054679
:1035F0002068C4F20208404516DC9F21C4F2020193
:1036000088422DDC5721C4F20201884254DC10218B
:10361000C4F20201884200F07E802821C4F2020137
:10362000884278D0402171E045F22F41C5F6020171
:10363000884229DC40F2B741C4F20201884247DCEB
:1036400040F27041C4F20201884264D040F28841E5
:10365000C4F2020188425ED040F2A04156E000BFB1
:1036600040F22741C4F20201884241DCA021C4F2A9
:10367000020188424FD0B821C4F2020188424AD0E8
:1036800040F2104142E000BF45F26B41C5F6020135
:10369000884200F3BD8045F23041C5F60201884200
:1036A00000F0C98045F24441C5F60201884200F0AD
:1036B000C28045F25841B9E05821C4F20201884263
:1036C00029D07021C4F20201884224D088211DE053
:1036D00040F2B841C4F2020188421CD045F20841D0
:1036E000C5F60201884200F0A68045F21C419DE02B
:1036F00040F22841C4F2020188420CD040F240411D
:10370000C4F20201884206D040F25841C4F20201DC
:10371000884240F02581022184F83510002184F888
:103720003410016821F00101016000BF20680168C8
:10373000C9070DD000F04CFD401B0628F6D3202011
:103740006065032084F83500012001B0BDE8F083F6
:1037500048F23F0204F108060168CFF610621140FA
:10376000D4F818C06CCE1143D4F824901943E369FF
:103770002943256A0E43B9F1040F43EA060343EADD
:10378000050343EA0C0303D1D4E90B652E4333430D
:10379000666843F48011A6F13F07A6F12905042FBE
:1037A000A6F1470238BF0B46062DA6F14F0E38BFD3
:1037B0000B46022A26F0030238BF0B46BEF1040F67
:1037C00038BF0B46742A08BF0B46B9F1040F0360DB
:1037D000416921F0070141EA090140F0DD80D4E9A7
:1037E0000A53002B41EA050100F0D680BCF5005FCA
:1037F00000F0B880BCF1000F40F0C080022D00F056
:10380000C080012D00F0B480002D00F0BA80C3E02C
:1038100045F26C41C5F6020188420CD045F2804168
:10382000C5F60201884206D045F29441C5F6020170
:10383000884240F0958004F1080E022184F835108A
:10384000002184F834100168A3699EE80450A2F1B5
:103850008005E769B5FA85F566696D09402A4FEA82
:10386000853543EA07026FF3101142EA060208BFEA
:10387000102541EADC0142EA0E02236A294341EAAB
:10388000D20141EA131140F80819C0B2CD214843D2
:103890003C2101EA9020E0652046FDF7A1F8E16DAA
:1038A000012201F01F0102FA01F141602068404548
:1038B00000F381809F21C4F20201884214DC572169
:1038C000C4F20201884227DC1021C4F202018842BE
:1038D00000F0C7802821C4F20201884200F0C180B4
:1038E0004021C4F20201B9E040F22741C4F20201D2
:1038F000884221DCA021C4F20201884200F0B1809C
:10390000B821C4F20201884200F0AB8040F21041BD
:10391000C4F20201A2E000BF5821C4F202018842B1
:1039200000F09F807021C4F20201884200F099806B
:103930008821C4F2020191E040F22841C4F2020160
:10394000884200F08E8040F24041C4F20201884279
:1039500000F0878040F25841C4F202017EE000BFCF
:103960004020EDE6032D17D8DFE805F00E0B0E0220
:10397000A3F1C072B2FA82F2520904E0032D03D31C
:103980000AD1C3F300623AB140206065012084F897
:10399000350001B0BDE8F08341612046FDF720F815
:1039A000E16D3F2201F01F0102FA01F18160206800
:1039B00040457FF77FAF45F22F41C5F602018842AF
:1039C00016DC40F2B741C4F20201884226DC40F224
:1039D0007041C4F20201884243D040F28841C4F2EF
:1039E000020188423DD040F2A041C4F2020135E01C
:1039F00045F26B41C5F6020188421FDC45F23041B9
:103A0000C5F6020188422CD045F24441C5F60201B8
:103A1000884226D045F258411EE000BF40F2B8412E
:103A2000C4F2020188421CD045F20841C5F60201E9
:103A3000884216D045F21C410EE000BF45F26C41B1
:103A4000C5F6020188420CD045F29441C5F6020148
:103A5000884206D045F28041C5F60201884240F016
:103A6000E18045F2574C45F6FC01C5F6020CC5F65F
:103A7000020160450EDC45F22F42C5F6020290427B
:103A800018DC45F20842C5F60202904228D045F201
:103A90001C4221E045F27F42C5F60202904213DC4F
:103AA00045F25842C5F60202904219D045F26C42E6
:103AB00012E000BF45F23042C5F6020290420FD03C
:103AC00045F2444208E000BF45F29442C5F60202C6
:103AD000904205D045F28042C5F60202904247D19D
:103AE00000F0FC024CF6CD43083ACCF6CC43A2FBE6
:103AF0000323A1F1FC05A1F17C061B0905EB83055D
:103B000003F01F02A3682566802B4FF0010303FA20
:103B100002F26666A26605D10020606028607260CD
:103B20001EE000BF6768FBB2013F072F2B60726089
:103B300016D85E1E082E19D2604501F1440237DC0A
:103B400045F22F47C5F60207B84241DC45F2084767
:103B5000C5F60207B84259D045F21C474AE000BFFB
:103B600000206067C4E91B005CE000BFE06E54E029
:103B700000F0F8024AF6AB23103ACAF6AA23A2FBD9
:103B8000032740F20F43C4F2020308253A09984282
:103B900003F1AA06134688BF05EB171340F600058C
:103BA000B042C4F2020505F1800628BF1346A5E71E
:103BB00045F27F47C5F60207B84213DC45F2584785
:103BC000C5F60207B84221D045F26C4712E000BFAB
:103BD00045F23047C5F60207B84217D045F24447D0
:103BE00008E000BF45F28047C5F60207B8420DD095
:103BF00045F29447C5F60207B84207D040F60000E8
:103C0000C4F2020000F1FC0100F5A07201EB830098
:103C10000121E066B1402267616700210160D4E9BB
:103C20001C01416000206065012184F8351001B05D
:103C3000BDE8F08300000000B0B500283CD0054688
:103C400090F83400012801D10220B0BD012085F890
:103C5000340095F83500012828D1022085F8350078
:103C6000002068652868046824F001040460284680
:103C7000FCF74AFF40F20F422868C4F2020240F209
:103C80006F419042C4F2020118DC6F23C4F20203B8
:103C9000984225DC3F23C4F2020398423CDC102307
:103CA000C4F2020398425ED0282357E04FF400602C
:103CB0006865002085F834000120B0BD88421BDC17
:103CC00040F23F43C4F2020398422DDC40F210431D
:103CD000C4F20203984246D040F228433EE000BFBF
:103CE0009F23C4F20203984228DC7023C4F202032B
:103CF000984238D0882331E040F29F43C4F2020357
:103D0000984223DC40F27043C4F2020398422AD066
:103D100040F2884322E000BF4023C4F202039842ED
:103D200021D058231AE000BF40F24043C4F20203FE
:103D3000984218D040F2584310E000BFA023C4F2CC
:103D4000020398420FD0B82308E000BF40F2B84306
:103D5000C4F20203984206D040F2A043C4F2020328
:103D6000984240F02F8103680B2464F344030360FE
:103D70002B6C1BB10823046823430360884219DCC1
:103D80009F23C4F20203984232DC5723C4F2020399
:103D9000984259DC1023C4F20203984200F0968046
:103DA0002823C4F20203984200F090804023C4F21A
:103DB000020389E045F22F43C5F6020398422DDC49
:103DC00040F2B743C4F2020398424BDC40F2704326
:103DD000C4F20203984279D040F28843C4F202034D
:103DE000984273D040F2A043C4F202036CE000BFDB
:103DF00040F22743C4F20203984243DCA023C4F2FA
:103E00000203984262D0B823C4F2020398425DD004
:103E100040F21043C4F2020356E000BF45F26B4388
:103E2000C5F6020398423FDC45F23043C5F6020373
:103E300098424BD045F24443C5F60203984245D020
:103E400045F258433EE000BF5823C4F202039842B3
:103E50003CD07023C4F20203984237D08823C4F2C6
:103E6000020331E040F2B843C4F2020398422DD07D
:103E700045F20843C5F60203984227D045F21C4399
:103E800020E000BF40F22843C4F2020398421DD054
:103E900040F24043C4F20203984217D040F2584324
:103EA000C4F2020310E000BF45F26C43C5F6020302
:103EB00098420BD045F29443C5F60203984205D0D0
:103EC00045F28043C5F60203984274D12B6E1C68FC
:103ED000E40303D51C6844F480741C60EB6E1BB1D2
:103EE0001D6845F480751D60904211DC6F21C4F29D
:103EF000020188421EDC3F21C4F20201884235DC07
:103F00001021C4F20201884255D0282150E000BFA0
:103F100088421BDC40F23F41C4F2020188422DDCA2
:103F200040F21041C4F20201884244D040F22841DC
:103F30003EE000BF9F21C4F20201884228DC7021CC
:103F4000C4F20201884236D0882131E040F29F411C
:103F5000C4F20201884223DC40F27041C4F2020143
:103F6000884228D040F2884122E000BF4021C4F2BC
:103F7000020188421FD058211AE000BF40F24041A0
:103F8000C4F20201884216D040F2584110E000BF4E
:103F9000A021C4F2020188420DD0B82108E000BF80
:103FA00040F2B841C4F20201884204D040F2A0417C
:103FB000C4F202018842016841F001010160002061
:103FC000B0BD00BF0368052464F3430303602B6C9A
:103FD000002B3FF4D3AE0423CDE600000000000028
:103FE0002DE9F04F82B00D68002D00F0DB8000F16C
:103FF000264242F2004302F1FF72C5F602030A278D
:1040000098424FEAB2244FF0000C08BF0927082C51
:104010004FF0000638BF4FEAB2270097002709E0AB
:1040200001370D6835FA07F206F102060CF1040CAF
:1040300000F0B880012202FA07F415EA0408EFD074
:10404000D1F8049009F0030AAAF10105012D13D853
:104050000322D0F808B002FA06F3CD682BEA030376
:10406000B5402B438360C9F300154368A34305FAA9
:1040700007F4234343600DE0BAF1030F0AD18B68C4
:10408000012B07D14FF0030AB3460AFA06F36FEA91
:10409000030E29E00322C36802FA06F4BAF1020F04
:1040A0006FEA040E23EA04038C684FEA470B04FA14
:1040B00006F443EA0403C36016D16FF003020CF068
:1040C0001C0502EA57030F22034402FA05FAD3F84B
:1040D00020900C6929EA0A09AC4044EA09041C62F0
:1040E000D1F8049009F0030A03680AFA0BF503EA11
:1040F0000E0319F4403F43EA0503036090D044F2F5
:10410000F44240F20849C5F60202C5F600091368F8
:1041100043F00203136013680F2203F002030193BC
:1041200027F00303019D0CF00C0553F809E002FA97
:1041300005F4009A2EEA040402FA05F54FF0B04E99
:10414000254343F80950DEF800304D6843EA08047F
:10415000EA0258BF23EA0804CEF8004040F2040EF9
:10416000C5F6000EAC02DEF8002042EA080358BF94
:1041700022EA0803AC03CEF80030DEF8802042EAE1
:10418000080358BF22EA0803ED03CEF88030DEF8BA
:104190007C2042EA080358BF22EA0803CEF87C30AC
:1041A0003EE700BF02B0BDE8F08F00000000000055
:1041B0000069084018BF012070470000000000009F
:1041C000002A08BF09048161704700000000000058
:1041D00040F2CC50C2F2004000687047000000007E
:1041E00040F2040040F2CC51C2F20040C2F2004161
:1041F00000780A6810440860704700000000000062
:1042000080B5032000F008F901F032FC44F21841B7
:104210004CF23643C5F60201C0F600030A6809688D
:1042200001F00F01C2F30322595C9A5C01F01F01F7
:1042300002F01F02D04040F20402C2F2000220FA53
:1042400001F1116040F20001C2F2000108600F208C
:1042500000F00AF800281CBF012080BD00F07CF8A7
:10426000002080BD0000000070B540F20406C2F2DC
:1042700000463178E1B1044640F20000C2F200008D
:104280004FF47A72B2FBF1F10068B0FBF1F001F08B
:1042900007FF0F2C4FF0010508D838B94FF0FF3059
:1042A00000222146002500F087F87460284670BD82
:1042B000012070BD0000000010B54EF6A05E4178F0
:1042C000CEF2000E90F800C04EF8081CDEF8001088
:1042D00021F00101CEF8001041684EF8041C017B6A
:1042E000C37A827A447B1B0643EA0171837B41EAED
:1042F000C241C27B41EA8441447A41EA4341007AA7
:1043000041EA024141EA042141EA400040EA0C004E
:10431000CEF8000010BD00004EF62450CEF2000092
:10432000BFF35F8F016821F48031016000210167D4
:1043300070470000000000004EF6245140F00100DC
:10434000CEF200010867086840F480300860BFF3CF
:104350004F8FBFF36F8F704780B582B044F2F44047
:104360000022C5F60200016841F002010160006808
:10437000002100F0020001900198052000F01CF8D7
:10438000052002B0BDE8804000F002B80000000047
:10439000002848BF704781B200F01F000122490980
:1043A00002FA00F04EF20012CEF2000242F82100B2
:1043B000704700000000000070B54EF60C5C4FF036
:1043C000FF36CEF2000C00F1604505F56445DCF8DF
:1043D0000030C3F3022E8EF00703042B28BF042302
:1043E000BEF1030406FA03F321EA030100F00F0310
:1043F00038BF0024043B0028634406FA04F048BF99
:1044000003F10C05A14022EA0000084300012870D6
:1044100070BD0000000000004EF60C514FF6FF0387
:10442000CEF200010A681A4060F30A2242F080606E
:1044300040F0FD7008607047B0B544F60C05C5F655
:10444000020529684907296806D401F00701081AFE
:1044500018BF0120B0BD00BF21F00701084328604C
:10446000FFF7B6FE044600BF55F8080C800407D4D9
:10447000FFF7AEFE001BB0F57A7FF5D90120B0BD85
:104480000020B0BD0000000080B501F069FA44F2E0
:1044900020414CF23642C5F60201C0F6000209681E
:1044A000C1F30211515C01F01F01C84080BD000042
:1044B00080B544F2304EC5F6020E5EF8083C5EF858
:1044C000081CC1F3051C5EF8041CBCF1000FDEF8EB
:1044D000042019D001F0010103F003034942022B2B
:1044E00001EAD2016FF35F3100EE101AB8EE400A14
:1044F00010D0012B12D01BB95EF8301C890611D4E4
:104500009FED361A1CE000BF00218160C0E9001158
:1045100080BD00BF9FED301A12E000BF9FED2D1A45
:104520000EE000BF5EF8301C49F20002C0F2D0324B
:10453000C1F3C10122FA01F101EE101AB8EE411ADD
:10454000DEF800109FED263A6FF35F2102EE101A9D
:10455000DEF80010C1F34621B8EE422A00EE032A2D
:1045600000EE10CAB7EE003AB8EE400A81EE000A3B
:1045700032EE031A02EE101AB8EE422A20EE010AB9
:1045800032EE031A80EE011ABCEEC11A80ED001A59
:10459000DEF80010C1F3064101EE101AB8EE411A20
:1045A00031EE031A80EE011ABCEEC11A80ED011A39
:1045B000DEF80010C1F3066101EE101AB8EE411AE0
:1045C00031EE031A80EE010ABCEEC00A10EE101A9A
:1045D000816080BD0024744A20BCBE4B0024744C12
:1045E000000000390000000080B544F2384EC5F6E6
:1045F000020E5EF8103C5EF8101C5EF80C2CC1F345
:10460000053CDEF80410BCF1000F15D0C908D20635
:1046100001EAE2716FF35F3100EE101A03F003015B
:104620000229B8EE400A0DD081B95EF8381C89061F
:1046300010D49FED361A1BE000218160C0E9001103
:1046400080BD00BF9FED301A12E000BF9FED2D1A14
:104650000EE000BF5EF8381C49F20002C0F2D03212
:10466000C1F3C10122FA01F101EE101AB8EE411AAC
:10467000DEF800109FED263A6FF35F2102EE101A6C
:10468000DEF80010C1F34621B8EE422A00EE032AFC
:1046900000EE10CAB7EE003AB8EE400A81EE000A0A
:1046A00032EE031A02EE101AB8EE422A20EE010A88
:1046B00032EE031A80EE011ABCEEC11A80ED001A28
:1046C000DEF80010C1F3064101EE101AB8EE411AEF
:1046D00031EE031A80EE011ABCEEC11A80ED011A08
:1046E000DEF80010C1F3066101EE101AB8EE411AAF
:1046F00031EE031A80EE010ABCEEC00A10EE101A69
:10470000816080BD0024744A20BCBE4B0024744CE0
:10471000000000390000000080B544F2404EC5F6AC
:10472000020E5EF8183C5EF8181C5EF8142CC1F3FB
:10473000055CDEF80410BCF1000F15D0C908D205E5
:1047400001EAE2716FF35F3100EE101A03F003012A
:104750000229B8EE400A0DD081B95EF8401C8906E6
:1047600010D49FED361A1BE000218160C0E90011D2
:1047700080BD00BF9FED301A12E000BF9FED2D1AE3
:104780000EE000BF5EF8401C49F20002C0F2D032D9
:10479000C1F3C10122FA01F101EE101AB8EE411A7B
:1047A000DEF800109FED263A6FF35F2102EE101A3B
:1047B000DEF80010C1F34621B8EE422A00EE032ACB
:1047C00000EE10CAB7EE003AB8EE400A81EE000AD9
:1047D00032EE031A02EE101AB8EE422A20EE010A57
:1047E00032EE031A80EE011ABCEEC11A80ED001AF7
:1047F000DEF80010C1F3064101EE101AB8EE411ABE
:1048000031EE031A80EE011ABCEEC11A80ED011AD6
:10481000DEF80010C1F3066101EE101AB8EE411A7D
:1048200031EE031A80EE010ABCEEC00A10EE101A37
:10483000816080BD0024744A20BCBE4B0024744CAF
:10484000000000390000000010B584B0024641F6B7
:10485000FF7300209B1A70EB01032DDA47F6FF73FC
:104860009B1A70EB010380F2918082F400430B43AA
:1048700000F0B88082F480330B4300F0018182F4B1
:104880000022114340F0478144F20040C5F6020087
:10489000816D01F44031B1F5003F00F04B81B1F57D
:1048A000803F00F02781002940F03B810068000133
:1048B00040F137810BE100BF40F2FF739B1A70EBB0
:1048C000010331DB82F480730B4300F09F8082F49C
:1048D0008062114340F01F8144F20041C5F602019D
:1048E000886DC0F34252042A00F21B8148F2000096
:1048F000C0F2BB00DFE812F0C200E800F2000F01D6
:10490000060000BFC86C0A68520700F040520868F1
:1049100002D5002A00F06881C00540F12581B2F17E
:10492000805F00F07A811FE182F400630B4300F0A6
:10493000938082F48052114340F0ED8044F20041B4
:10494000C5F60201086DC0F30232042A00F2E980C4
:1049500048F20000C0F2BB00DFE812F09000B600A1
:10496000C000DD00060000BFC86C0A68520700F0F6
:104970004052086802D5002A00F03681C00540F197
:10498000F380B2F1805F00F04881EDE082F40053E3
:104990000B4300F0858082F48042114340F0BB80DD
:1049A00044F20044C5F60204A06DC0F3027005286D
:1049B00000F2B780DFE810F00600EA00EC00EE003D
:1049C000F400F60000F0CCFF216A4CF23642C0F64B
:1049D0000002C1F30211515C01F01F01C84004B094
:1049E00010BD00BF44F20040C5F60200016D01F0A9
:1049F0004051B1F1005F00F08780B1F1805F00F0BD
:104A00008D80002940F08D8072E000BF44F20041AB
:104A1000C5F60201086D00F00702042A00F2818049
:104A200048F20000C0F2BB00DFE802F0284E5875E3
:104A3000040000BFC86C0A68520700F040520868C2
:104A400002D5002A00F0D080C00540F18D80B2F17F
:104A5000805F00F0E28087E044F20041C5F6020189
:104A6000886DC0F30262042A5BD848F20000C0F2ED
:104A7000BB00DFE802F0032933506B0008684EE00A
:104A800044F20040C5F60200C16C0068C90346D577
:104A9000000146D501A8FFF7A7FD039804B010BD9B
:104AA00044F20040C5F60200016DC1F30241052940
:104AB00037D8DFE801F003818B95A31D04B0BDE872
:104AC000104000F075BF00BF0868000129D501A89B
:104AD000FFF78AFD019804B010BD00BF0868800090
:104AE0001FD501A8FFF718FE019804B010BD00BF44
:104AF000006858E00068800013D501A8FFF70CFE9D
:104B0000039804B010BD00BF0068000109D501A8DA
:104B1000FFF76AFD029804B010BD00BF0068800175
:104B200002D4002004B010BD01A8FFF7C1FC029818
:104B300004B010BDC16C0268520701F04051026818
:104B400066D5002964D1C2F3C1004FE0C86C0A6881
:104B5000520700F04052086801D5002A44D0C00531
:104B600002D5B2F1805F58D00868B2F1005F00F45E
:104B700000314FF0000004BF47F64000C0F27D1046
:104B8000002908BF084604B010BD00BF206814E02B
:104B900020681CE020684007C3D5206824E000BFDF
:104BA00020682CE0206847F640018003C0F27D11A8
:104BB00001EAE07004B010BD00680001B1D501A8A1
:104BC000FFF712FD029804B010BD00BF006880001E
:104BD000A7D501A8FFF7A0FD029804B010BD00BF43
:104BE000016849079DD50068C0F3C10049F2000182
:104BF000C0F2D03121FA00F004B010BD006840F6D8
:104C00000011C005C0F23D0101EAE07004B010BD22
:104C1000D20509D5B1F1805F06D140F60010C0F28F
:104C20003D0004B010BD00BF0068B1F1005F00F4AA
:104C300000324FF0000004BF47F64000C0F27D1084
:104C4000002A08BF104604B010BD0000000000009C
:104C50002DE9F0470446C07844F22C480007C5F619
:104C6000020833D5606E4FEA305103290CD8DFE8D3
:104C700001F003111D2600BFD8F8001041F40031E7
:104C8000C8F800101BE000BF01266078C0070BD0F9
:104C900020E000BF04F10800022104F051FD0646A7
:104CA00060B16078C00715D1354646E004F12800B0
:104CB000022104F0D9FD06460028F2D1606ED8F832
:104CC000241021F440110843C8F82400002660781D
:104CD000C007E9D0A06D04280ED83546DFE800F003
:104CE0000412181E1E0000BFD8F80000354640F41C
:104CF0000030C8F8000011E0012501276078400766
:104D00001FD453E004F10800002104F019FD04E071
:104D100004F12800002104F0A7FD05462F461DB12F
:104D2000607840070DD441E0D8F82400A16D20F050
:104D3000070000250843C8F824003746607840077C
:104D400034D5D4F8A4004FEA705005280CD8DFE819
:104D500000F00311171D1D1DD8F8000040F40030AD
:104D6000C8F8000012E000BF0125012660780007A6
:104D700020D455E004F10800002104F0E1FC04E037
:104D800004F12800002104F06FFD05462E461DB1F8
:104D9000607800070ED443E0D8F82C00D4F8A410B3
:104DA00020F4600000250843C8F82C003E466078D7
:104DB000000735D5D4F8A8004FEA306005280DD893
:104DC000DFE800F00412181E1E1E00BFD8F8000015
:104DD00040F40030C8F8000012E000BF01250127B0
:104DE000E078800720D44EE004F10800002104F0B0
:104DF000A7FC04E004F12800002104F035FD05467D
:104E00002F461DB1E07880070ED43CE0D8F82C0086
:104E1000D4F8A81020F0E06000250843C8F82C0062
:104E20003746E07880072ED5E06C4FEA3010032833
:104E30000ED8DFE800F00903130900BFD8F800001E
:104E400040F40030C8F800002E467DB912E000BFE3
:104E5000012501266078C00619D44CE004F1080051
:104E6000022104F06DFC05462E461DB16078C00697
:104E70000DD440E0D8F82000E16C20F0300000258F
:104E80000843C8F820003E466078C00633D5E06D80
:104E90004FEA303004280DD8DFE800F00412181E65
:104EA0001E0000BFD8F8000040F40030C8F8000031
:104EB00012E000BF01250127607880061FD44EE074
:104EC00004F10800002104F03BFC04E004F1280098
:104ED000002104F0C9FC05462F461DB1607880060C
:104EE0000DD43CE0D8F82400E16D20F4E04000252A
:104EF0000843C8F824003746607880062FD5206E16
:104F00004FEA3040052809D8DFE800F0040E140409
:104F1000040400BF2E46ADB918E000BF01250126EC
:104F2000607840061FD44FE004F10800012104F02E
:104F300007FC04E004F12800012104F095FC05467B
:104F40002E461DB1607840060DD43DE0D8F824000F
:104F5000216E20F4E02000250843C8F824003E46D6
:104F60006078400630D5D4F8AC004FEA30700528A0
:104F700008D8DFE800F0030D130303032F46ADB993
:104F800018E000BF012501276078000620D442E028
:104F900004F10800012104F0D3FB04E004F128002F
:104FA000012104F061FC05462F461DB16078000622
:104FB0000ED430E0D8F82C00D4F8AC1020F0E0404B
:104FC00000250843C8F82C0037466078000622D533
:104FD000E06E58B1B0F1005F0CD0B0F1805F2FD11E
:104FE000D8F8000040F40030C8F800002E469DB903
:104FF00008E000BF04F10800012104F0A1FB054610
:105000002E464DB9D8F82400E16E20F0405000251E
:105010000843C8F824003E46E078C00733D0A06CAF
:10502000032813D8DFE800F008021A08D8F80000B7
:1050300040F40030C8F80000A946BDB91AE000BF2E
:1050400001250126E078C007E9D11CE001254FF0D9
:105050000109A07840061AD51CE000BF04F1080041
:10506000022104F06DFB0546A9461DB1A07840065B
:105070000DD50FE0D8F82000A16C20F0030000252A
:105080000843C8F82000B146A078400602D44F4635
:1050900018E000BFD8F8D40340F48070C8F8D403F7
:1050A000FFF796F8064600BFD8F8D403C00507D42A
:1050B000FFF78EF8801B6428F6D90325032701E04B
:1050C0002F468DB12078C00761D0A06F4FEAF00065
:1050D00005283BD8DFE800F004404604040400BF84
:1050E000002D2E4646D149E0D8F84410D4F8B0003F
:1050F000414011F4407F11D0D8F84410D8F8442032
:1051000042F48032C8F84420D8F8442021F4407199
:1051100022F48032C8F84420C8F84410B0F5807FEB
:1051200040F0CE82FFF754F8064641F2883A032554
:10513000032700BFD8F84400800700F1BF82FFF7C3
:1051400047F8801B5045F5D9BCE700BF0125012673
:10515000207880071FD44CE004F10800012104F0FE
:10516000EFFA04E004F12800012104F07DFB05467C
:105170002E461DB1207880070DD43AE0D8F82800DB
:10518000A16F20F0380000250843C8F828003E46EB
:10519000207880072DD5606F052809D8DFE800F05A
:1051A000040E1404040400BF2F46ADB918E000BF7C
:1051B00001250127207840071FD44DE004F10800A5
:1051C000012104F0BDFA04E004F12800012104F0FB
:1051D0004BFB05462F461DB1207840070DD43BE020
:1051E000D8F82800616F20F0070000250843C8F8B0
:1051F00028003746207840072ED5D4F8900005289F
:1052000008D8DFE800F0030D130303032E46ADB901
:1052100018E000BF012601252078800620D451E047
:1052200004F10800012104F08BFA04E004F12800E5
:10523000012104F019FB05462E461DB12078800699
:105240000ED43FE0D8F82C00D4F8901020F00700DE
:1052500000250843C8F82C003E462078800631D54A
:10526000D4F88C004FEA3070052809D8DFE800F048
:10527000040E1404040400BF2F46ADB918E000BFAB
:10528000012701252078400620D451E004F10800D0
:10529000002104F055FA04E004F12800022104F092
:1052A000E3FA05462F461DB1207840060ED43FE0B4
:1052B000D8F82800D4F88C1020F0E04000250843EE
:1052C000C8F8280037462078400631D5D4F8980031
:1052D0004FEAB020052809D8DFE800F0040E1404D6
:1052E000040400BF2E46ADB918E000BF0126012519
:1052F0002078000620D454E004F10800002104F0D6
:105300001FFA04E004F12800022104F0ADFA05467A
:105310002E461DB1207800060ED442E0D8F82C00AD
:10532000D4F8981020F4E05000250843C8F82C0069
:105330003E462078000634D5D4F89C004FEA703001
:1053400005280FD8DFE800F004141A04040400BF95
:105350002F46E5B12068010727D4C1063ED40003DB
:1053600055D475E00127012520680107F5D51CE01B
:1053700004F10800002104F0E3F904E004F128003E
:10538000022104F071FA0546002D2F46E2D1D8F82B
:105390002C00D4F89C1020F4604000250843C8F885
:1053A0002C00374620680107D7D5D4F88000B0F527
:1053B000805F09D104F12800022104F055FA002889
:1053C00018BF0127D4F88000D8F8281021F44051E4
:1053D0000843C8F828002068C106C0D5D4F8940056
:1053E000B0F5807F09D104F12800022104F03CFAD5
:1053F000002818BF0127D4F89400D8F82C1021F405
:1054000040710843C8F82C002068000320D5D4F868
:10541000A000B0F5003F0FD0B0F5803F06D078BBBC
:1054200004F10800002104F08BF904E004F12800E5
:10543000022104F019FA05462E4655B9D8F82C0079
:10544000D4F8A01020F4403000250843C8F82C0000
:105450003E46A07840072BD5D4F88400B0F5401F15
:105460000BD0B0F5001F11D0B0F5801F2AD1D8F8AD
:10547000000040F40030C8F800002F46CDB90DE020
:1054800001260125A0784007E6D411E004F12800A8
:10549000012104F0E9F905462F4655B9D8F828004E
:1054A000D4F8841020F4401000250843C8F82800E0
:1054B0003746A078C0070AD13E462168880016D535
:1054C00033E000BF01270125A078C007F4D0206D8C
:1054D000B0F5803F10D018BBD8F8000040F4003081
:1054E000C8F800002E4685B1216888001DD4606888
:1054F0008A0326D465E000BF04F10800022104F00D
:105500001FF90546002D2E46EED1D8F82000216D5A
:1055100020F4803000250843C8F82000CCE700BF05
:105520000126012521688800E1D504F12800022127
:1055300004F09AF9002818BF0126D4E900108A0364
:105540003FD5E26F6FF0010303EB3223022B0BD345
:105550004FEA322343B1012B40F0AA80D8F8003043
:1055600043F40033C8F8003025B3CA022CD48A02B1
:1055700034D44A003CD4CA0F49D1090251D4C107DE
:105580005AD1810763D441076CD4010776D4C10690
:1055900000F18080800607D504F12800022104F084
:1055A00063F9002818BF0125002D18BF01252846E2
:1055B000BDE8F087D8F8283023F440731A43C8F8C0
:1055C00028203546CA02D2D5D8F82420236F22F0ED
:1055D00000421A43C8F824208A02CAD5D8F82420E9
:1055E000A36E22F080721A43C8F824204A00C2D564
:1055F00058F81C2C22F4004248F81C2CD4F8B42093
:1056000058F81C3C1A4348F81C2CCA0FB5D0D8F8DF
:105610002020636D22F040521A43C8F8202009026E
:10562000ADD5D8F82810D4F8882021F440011143D2
:10563000C8F82810C107A4D004F10800002104F024
:105640007FF8002818BF0546606881079BD504F1E4
:105650000800012104F074F8002818BF05466068AE
:10566000410792D504F10800022104F069F80028EE
:1056700018BF0546606801077FF589AF04F128006F
:10568000002104F0F1F8002818BF05466068C10643
:105690007FF580AF04F12800012104F0E5F800282F
:1056A00018BF0546606880067FF57EAF74E700BFCF
:1056B0000125CA027FF55BAF86E700BFD4F8B000D2
:1056C0004FF6CF7358F81C2CC0F2FF0300F4407162
:1056D00022F47C5203EA10136FF31F30B1F5407FC0
:1056E00008BF1A43002548F81C2CD8F8441008437A
:1056F000C8F84400FFF7CBBC2DE9F04381B0002887
:1057000000F02A8142F200080446C5F200288946CA
:10571000D8F8000000F00F0088420ED2D8F8000040
:1057200020F00F0040EA0900C8F80000D8F8000097
:1057300000F00F00484540F00F81206844F2184700
:105740004107C5F602070AD521693A6802F07002DE
:10575000914204D93A6822F070021143396001077E
:105760000AD561697A6802F07002914204D97A68B8
:1057700022F0700211437960C1060AD5A1697A68E6
:1057800002F4E062914204D97A6822F4E0621143A3
:10579000796081060AD5E169BA6802F07002914227
:1057A00004D9BA6822F070021143B96010F0020106
:1057B0000AD0E2683B6803F00F039A4204D93B68C1
:1057C00023F00F031A433A60C20746D0386820F42A
:1057D0007061D4E90102012841EA0201396009D06F
:1057E00003280DD0022811D157F8181C890340F165
:1057F000B38010E057F8181CC90540F1AD800AE0ED
:1058000057F8181C890140F1A78004E057F8181CCC
:10581000490740F1A18057F8081C21F0070108430F
:1058200047F8080CFEF7D4FC064641F2883500BF65
:1058300057F8080C616800F03800B0EBC10F09D0D0
:10584000FEF7C6FC801BA842F2D9032001B0BDE8D8
:10585000F08300BF206800F0020151B1E1683A68AE
:1058600002F00F02914204D23A6822F00F02114373
:105870003960D8F8001001F00F0149450DD9D8F86A
:10588000001021F00F0141EA0901C8F80010D8F812
:10589000001001F00F0149455ED141070AD5216989
:1058A0003A6802F07002914204D23A6822F0700223
:1058B0001143396001070AD561697A6802F0700204
:1058C000914204D27A6822F0700211437960C106D5
:1058D0000AD5A1697A6802F4E062914204D27A683A
:1058E00022F4E0621143796080060AD5E069B96864
:1058F00001F07001884204D2B96821F070010843B8
:10590000B86000F0B5F839684CF236433A68C0F632
:105910000003C1F3032102F00F02595C9A5C01F00D
:105920001F0120FA01F102F01F0040F2040221FAE7
:1059300000F0C2F20002106040F2080040F20002E3
:10594000C2F20040C2F200020068116001B0BDE87E
:10595000F043FEF789BC00BF012001B0BDE8F08331
:1059600080B500F085F844F218414CF23643C5F694
:105970000201C0F600030A68096801F00F01C2F3D2
:105980000322595C9A5C02F01F0220FA02F201F035
:105990001F0040F2040122FA00F0C2F20001086088
:1059A00040F20001C2F200010A6080BD0000000068
:1059B00080B500F05DF844F2184C4CF23641C5F663
:1059C000020CC0F60001DCF80020DCF8003003F027
:1059D0000F03C2F30322CB5C8A5C02F01F02D040AB
:1059E00003F01F0240F2040320FA02F2C2F20003A5
:1059F0001A6040F20003C2F200031860DCF80400F1
:105A0000C0F30210085C00F01F0022FA00F080BD15
:105A100080B500F02DF844F2184C4CF23641C5F632
:105A2000020CC0F60001DCF80020DCF8003003F0C6
:105A30000F03C2F30322CB5C8A5C02F01F02D0404A
:105A400003F01F0240F2040320FA02F2C2F2000344
:105A50001A6040F20003C2F200031860DCF8040090
:105A6000C0F30220085C00F01F0022FA00F080BDA5
:105A700044F20041C5F602010869C0F3C2000328E0
:105A800010D002282ED098BB0868800649F200008A
:105A9000C0F2D03058BF70470968C1F3C101C84097
:105AA000704700BF8A6A886AC0F3051CC86ABCF1E7
:105AB000000F4B6B22D000F0010002F003024042C5
:105AC000022A00EAD3006FF35F3000EE100AB8EE4E
:105AD000400A15D0C2B90868800619D49FED281A6B
:105AE00023E000BF47F64000C0F27D10704700BFC2
:105AF00040F60010C0F23D00704700BF0020704724
:105B00009FED1E1A11E000BF9FED1B1A0DE000BFB4
:105B1000086849F20002C0F2D032C0F3C10022FA94
:105B200000F001EE100AB8EE411A086B9FED153A2D
:105B30006FF35F2002EE100A086BC0F34620B8EE48
:105B4000422A013000EE032A00EE10CAB7EE003AF6
:105B5000B8EE400A81EE000A32EE031A20EE010A86
:105B600001EE100AB8EE411A80EE010ABCEEC00A3E
:105B700010EE100A704700BF0024744A20BCBE4BD0
:105B80000024744C00000039F0B581B0002800F00A
:105B9000D5800446007844F20046C007C5F60206E8
:105BA00022D12078800768D5306910F03801B06ABA
:105BB00042D0182908BF5FEA80703DD0E0683168A4
:105BC000002800F0258121F0190108433060FEF71C
:105BD000FFFA05463068400748D4FEF7F9FA401B43
:105BE0000228F7D977E100BF306900F03801B06AC8
:105BF000102905D018290BD100F00300022807D185
:105C000030688003CDD560680028CAD196E000BF17
:105C10006068002800F03281B0F5A02F00F04681C6
:105C2000B0F5803F00F04681306820F4803030606D
:105C3000306820F4802040E130684007E06801D5FA
:105C400000287BD0316821F0190108433060FEF74D
:105C5000BFFA05463068400708D4FEF7B9FA401B82
:105C600002284FF00300F5D901B0F0BD706821693A
:105C700020F0FE4040EA016070602078C00619D52F
:105C8000306900F03801B06A082906D0182940F0C0
:105C9000818000F0030001287CD13068C00502D566
:105CA000E06980284AD1F068216A20F07C5040EAFF
:105CB0000160F0602078000744D42078800655D435
:105CC0002078400700F17E80656A9DB3306900F05E
:105CD0003800182840F01481012DB16A306B2DD0A6
:105CE00001F00302A36A9A4228D1C1F30511E26AC6
:105CF000914223D10146226B6FF35F21013A914219
:105D00001CD1C0F34622616B01398A4216D1C0F31F
:105D10000642A16B01398A4210D1C0F30660E16BE3
:105D2000013988420AD1706BA16CC0F3CC0081426A
:105D300040F09C81002001B0F0BD00BF012001B007
:105D4000F0BD00BF60690028706F4FD040F00100C7
:105D50007067FEF73DFA0546706F8007ADD4FEF719
:105D600037FA401B0228F7D9B5E000BFA069002828
:105D7000306871D040F480503060FEF729FA054653
:105D8000306880049CD4FEF723FA401B0228F7D920
:105D9000A1E000BFE0690028306800F09F8040F07B
:105DA00080003060FEF714FA054600BF3068C00579
:105DB0003FF579AFFEF70CFA401B02284FF00300C5
:105DC000F4D951E7D6F8000440F48070C6F8000416
:105DD000FEF7FEF9054600BFD6F80004C00529D439
:105DE000FEF7F6F9401B6428F6D974E020F00100B4
:105DF0007067FEF7EDF90546706F80077FF55DAFC0
:105E0000FEF7E6F9401B02284FF00300F4D92BE718
:105E100021F001003060FEF7DBF9054630684007ED
:105E20007FF52BAFFEF7D4F9401B02284FF003009B
:105E3000F4D919E7A068002800F08480052800F054
:105E40009B80012800F09C80306F20F001003067BB
:105E5000306F20F0040096E020F480503060FEF7B0
:105E6000B7F90546306880047FF52AAFFEF7B0F930
:105E7000401B02284FF00300F4D9F5E6306820F407
:105E800080303060306820F480203060FEF7A0F968
:105E9000054600BF306880037FF583AEFEF798F9B2
:105EA000401B64284FF00300F4D9DDE6306840F46D
:105EB00080203060306840F480303060FEF788F930
:105EC000054600BF306880033FF56BAEFEF780F9F2
:105ED000401B6428F6D9032001B0F0BD20F08000FB
:105EE0003060FEF775F905463068C0057FF5E2AE13
:105EF000FEF76EF9401B02284FF00300F4D9B3E619
:105F0000306820F080703060FEF762F9022D05469F
:105F10000CD100BF3068800148D5FEF759F9401B0D
:105F200002284FF00300F5D99EE600BF30688001DB
:105F30007FF500AFFEF74CF9401B02284FF003003D
:105F4000F4D991E6306F20F001003067306F20F017
:105F500004003067FEF73CF9054641F28837306FA0
:105F600080077FF5B1AEFEF733F9401BB8424FF022
:105F70000300F4D978E600BF306F40F004003067CA
:105F8000306F40F001003067FEF722F9054641F21C
:105F9000883700BF306F80073FF596AEFEF718F9DF
:105FA000401BB8424FF00300F4D95DE604F1280726
:105FB000B06A40F2F33188438ECF0843591E40EA5D
:105FC00002104FF47E426FF35F21B06202EB472074
:105FD0004FF4FE0280B2E36B0844A16B02EB014177
:105FE0004FF0FE4201F4FE0102EB0362084402F0AE
:105FF000FE4108443063F06A4FF6F87120F001006A
:10600000F062706BA26C884340EAC2007063F06A71
:10601000216C20F00C000843F062F06A616C20F003
:1060200002000843F062F06A40F48030F062F06AE7
:1060300040F40030F062F06A40F48020F062F06AD0
:1060400040F00100F062306840F080703060FEF790
:10605000BFF80446306880013FF56CAEFEF7B8F833
:10606000001B02284FF00300F4D9FDE5F06A20F090
:106070000100F062FEF7ACF80546FEF7A9F8A84269
:10608000FBD0706B4FF6F871A26C884340EAC200F7
:106090007063F06A40F00100F062002001B0F0BDD2
:1060A000411E0020B0EB116F02D00120704700BFED
:1060B0004EF21002F023CEF2000251604EF6235150
:1060C000CEF200010B700721906011607047000054
:1060D0007047000000000000704700000000000052
:1060E0007047000000000000B0B590F83C20012A85
:1060F00002D10220B0BD00BFD1E9022323F47C53BA
:1061000022F4705242EA030548F2FF73D1E900CE4F
:10611000CEF6F0730EEA030203F5006445EA020EC0
:106120000CEA04050C6903F5C05245EA0E0522404D
:106130002A434D692A4303F560550C6B03F5F04380
:106140002A4023401343026840F2004C42F4806529
:10615000C4F2010C8C69654540F2000CCEF6FF7C60
:10616000CD690CEA044443EA050343EA040318D169
:106170004FF6FF7540F2000CCDF60F458C6ACDF658
:10618000F04C03EA050E0D6A0CEA04544B6A44EA2B
:106190000E0425F0085523F000532543C96A2B430C
:1061A0000B430021536480F83C100846B0BD00004A
:1061B00070B588B0002861D0044690F83D000D46C7
:1061C00028B9002084F83C00204600F05DF8022049
:1061D00084F83D002068211D03F01EFF2068296817
:1061E000AB68032204F03CF820680026816921F0A6
:1061F0000C018161696882691143816141684FF6D0
:106200008F7241F0800141608168CFF6CF721140FA
:10621000816081684FF6F87241F0400181608168C9
:10622000CFF6FE7211408160816841F00401816007
:1062300070210191E968029101A90796CDE90566EF
:10624000CDE9036603F0B4FF2068416821F07001D6
:106250004160416841F050014160012084F84800EC
:1062600084F83E0084F83F0084F8440084F8450038
:1062700084F83D00304608B070BD00BF01263046AE
:1062800008B070BD0000000080B586B040F6000187
:106290000068C4F20001884202D006B080BD00BF91
:1062A00044F2E040C5F60200816841F004018160DB
:1062B000816801F0040101910199016841F0080130
:1062C00001600068002100F00800019001984FF47F
:1062D000E040019002200290059040F60040CDE998
:1062E0000311C5F6020001A9FDF77AFE1E20012167
:1062F0000022FEF761F81E20FEF74AF806B080BDC6
:1063000010B5044690F83E0094F83F30012894F808
:1063100044204FF0010094F8451008BF012B01D034
:1063200010BD00BF012A08BF0129F9D1022084F85D
:106330003E0084F83F00012284F8440084F84500C0
:106340002068C16841F00201C160002103F020FF14
:106350004DF6FF702168C4F20000814214DC40F267
:10636000FF70C4F20000814224DD40F60000C4F258
:106370000000814230D040F60040C4F2000081426B
:106380002AD041F6000023E04FF6FF70C4F200006F
:10639000814215DD0020C4F2010081421CD044F28C
:1063A0000000C4F20100814216D040F20040C4F265
:1063B00001000FE0B1F1804F0ED040F2004007E045
:1063C0004EF20000C4F20000814205D04EF20040BF
:1063D000C4F2000081420AD107228868C0F201029B
:1063E00002400020062A18BFB2F5803F98D0086806
:1063F00040F001000860002010BD00000000000017
:10640000B0B590F83C20012A4FF0020263D080F82A
:106410003D2040F2004C0268C4F2010C42F480635B
:1064200063455368D2F808E002BF23F470034C6858
:1064300023434DF6FF740D68C4F2000423F070038B
:10644000A24243EA0503536014DC40F2FF73C4F236
:1064500000039A4222DD40F60003C4F200039A4290
:106460002ED040F60043C4F200039A4228D041F6F1
:10647000000321E04FF6FF73C4F200039A4213DDDC
:106480000023C4F201039A421AD044F20003C4F27A
:1064900001039A4214D0624512D016E0B2F1804F47
:1064A0000ED040F2004307E04EF20003C4F20003B6
:1064B0009A4205D04EF20043C4F200039A4204D13E
:1064C0002EF080038968194391600022012180F831
:1064D0003D1080F83C201046B0BD000000000000D8
:1064E00051B1082910D0042916D100F145021278C3
:1064F000012A0ED115E000BF90F84420012A08D1EE
:10650000022280F844201BE000F146021278012AA2
:1065100007D00120704700BF00F147021278012A1E
:10652000F7D10222082905D0042907D180F8452097
:1065300006E000BF80F8462002E000BF80F8472058
:10654000026801F00F00042101FA00F0116A814392
:106550001162116A084310624DF6FF70516CC4F26B
:106560000000824241F40040506419DC40F2FF70A8
:10657000C4F2000082422BDD40F60000C4F20000AD
:1065800082423BD040F60040C4F20000824235D047
:1065900041F60000C4F2000082422FD03AE000BF72
:1065A0004FF6FF70C4F2000082421BDD0020C4F2EF
:1065B0000100824222D044F20000C4F20100824273
:1065C0001CD040F20040C4F20100824216D021E00B
:1065D000B2F1804F12D040F20040C4F2000082427B
:1065E0000CD017E04EF20000C4F20000824205D049
:1065F0004EF20040C4F2000082420BD107219068A5
:10660000C0F2010101400020062918BFB1F5803F0A
:1066100000D17047106840F0010010600020704702
:1066200060B310B5044690F83D0028B9002084F806
:106630003C00204600F024F8022084F83D00206849
:10664000211D03F0E9FC012084F8480084F83E0095
:1066500084F83F0084F8400084F8410084F8420048
:1066600084F8430084F8440084F8450084F8460028
:1066700084F8470084F83D00002010BD01207047D9
:1066800080B586B040F6FF720068C4F200020021B7
:1066900090420591CDE90311CDE9011120DD41F2D0
:1066A0000001C4F20001884258D041F60001C4F252
:1066B000000188426AD00021C4F20101884240F002
:1066C000978044F2E840C5F60200816841F001017C
:1066D0008160806800F001000090009806B080BDE5
:1066E00040F20041C4F20001884200F0838040F68D
:1066F0000041C4F2000188427AD144F2E840C5F674
:106700000200016841F008010160016801F0080120
:106710000091009950F8081C41F0010140F8081C54
:1067200050F8080C002100F00100009000980420AF
:1067300001900220029005900020CDE90311C5F6DA
:10674000020001A9FDF74CFC322001210022FDF7D7
:1067500033FE3220FDF71CFE06B080BD44F2E84057
:106760000022C5F60200016841F0100101600068D6
:10677000002100F01000009000983620FDF71CFE6C
:10678000362006B0BDE88040FDF702BE44F2E84086
:10679000C5F60200016841F040010160016801F0A6
:1067A00040010091009950F8081C41F0020140F8A6
:1067B000081C50F8080C002100F00200009000981E
:1067C0004FF48040CDE9031100210190C5F602018C
:1067D00002200290059001F5806001A9FDF700FC00
:1067E0002B2000210022FDF7E7FD2B20FDF7D0FD37
:1067F00006B080BD44F2E8400022C5F60200016800
:1068000041F0020101600068012100F002000090E7
:1068100000981D20FDF7D0FD1D2006B0BDE880408A
:10682000FDF7B6BD0000000090F83D10012927D10A
:10683000022180F83D1001684DF6FF70C4F200009F
:106840008142C86840F00100C8601BDC40F2FF7064
:10685000C4F2000081422DDD40F60000C4F20000C9
:1068600081423DD040F60040C4F20000814237D062
:1068700041F60000C4F20000814231D03CE000BF8C
:10688000012070474FF6FF70C4F2000081421BDD0B
:106890000020C4F20100814222D044F20000C4F280
:1068A000010081421CD040F20040C4F2010081424C
:1068B00016D021E0B1F1804F12D040F20040C4F276
:1068C000000081420CD017E04EF20000C4F200003C
:1068D000814205D04EF20040C4F2000081420BD14B
:1068E00007228868C0F2010202400020062A18BF71
:1068F000B2F5803F00D17047086840F001000860A1
:10690000002070470000000010B590F83C20012ADC
:106910004FF0020200F0B78080F83D208822D0F8C6
:1069200000E0CFF6CE72DEF808301A40CEF808202C
:106930000B686F2B0EDDB3F1101F39DAB3F5005F72
:1069400048DA702B00F0A280B3F5805F00F09480ED
:10695000E4E000BF2F2B35DD4F2B41DC302B00F066
:106960007F80402B40F0DA8043F6FF72D1F804C0FC
:10697000C4F20102C968DEF820309645DEF8202016
:1069800022F00102CEF8202040F3CA8044F2000237
:10699000C4F20102964500F0CE8044F60002C4F233
:1069A0000102964500F0C78044F20042BFE000BFFC
:1069B0002F21C0F210018B4248DCB3F1101F4FD0E1
:1069C000202149E0002B18BF102B49D0202B47D0A5
:1069D000A4E000BF6ED0B3F5801F41D09EE000BFA1
:1069E000502B7BD0602B40F0998040F200444EF455
:1069F0008062C4F20104D1F804C0C968DEF8203016
:106A0000A242DEF8202022F01002CEF8202002BFA1
:106A1000DEF8202022F04002CEF82020DEF81820F8
:106A200022F4704242EA013123F0A002CEF818109D
:106A300042EA0C11CEF820104FF68872DEF80810EA
:106A4000CFF6CF721140673114E000BF3021C0F2A1
:106A500010018B4204D04021C0F210018B425DD165
:106A60004FF68872DEF80810CFF6CF721140194346
:106A700041F00701CEF808100022012180F83D10F6
:106A8000002180F83C10104610BD00BFD1E901C3C1
:106A9000C968DEF8082043EA0C0322F47F4243EA87
:106AA00001211143CEF80810DEF8081041F07701FB
:106AB000E0E700BFD1E901C3C968DEF8082043EA76
:106AC0000C0322F47F4243EA01211143CEF808105F
:106AD000DEF8081041F48041CCE700BF43F6FF72B6
:106AE000D1F804C0C4F20102C968DEF8203096452E
:106AF000DEF8202022F00102CEF8202038DD44F21A
:106B00000002C4F2010296453DD044F60002C4F2F0
:106B10000102964537D044F2004230E00122ACE752
:106B20000022C4F20102964505D040F20042C4F2B0
:106B30000102964505D1DEF8202022F00402CEF8AD
:106B40002020DEF8182022F0F00242EA011123F0A2
:106B50000A02CEF8181042EA0C01CEF820104FF6C7
:106B60008872DEF80810CFF6CF721140473181E706
:106B70000022C4F20102964505D040F20042C4F260
:106B80000102964505D1DEF8202022F00402CEF85D
:106B90002020DEF8182022F0F00242EA011123F052
:106BA0000A02CEF8181042EA0C01CEF820104FF677
:106BB0008872DEF80810CFF6CF721140573159E7CE
:106BC000002857D02DE9F04381B0044690F83D00ED
:106BD0000D4628B9002084F83C00204600F04CF80F
:106BE000022084F83D0020684BF6F872CFF6FE7262
:106BF000816811408160211D03F00EFA20684FF674
:106C0000FF79D0F808808269D0F820C0AF69D5E953
:106C1000026122EA090246EA07264FF6FC47BE4314
:106C2000EF6911432A6931432E6A41EA07216F69EE
:106C3000D5E9003E41EA02112CF0AA0242EA0E0216
:106C400043EA080341EA06318360816142EA0711A1
:106C50000162012084F8480084F83E0084F83F0077
:106C600084F8440084F8450084F83D00002001B019
:106C7000BDE8F0830120704780B586B00068B0F1B0
:106C8000804F01D006B080BD44F2E040C5F602005E
:106C9000816841F001018160816801F00101019189
:106CA0000199016841F001010160006801A900F04B
:106CB0000100019001980320019002200290002021
:106CC000CDE90300012005900020C5F60200FDF784
:106CD00087F906B080BD000080B590F83E200429F9
:106CE00090F83F3090F844E090F845C00AD0B9B928
:106CF000012A4FF0010208BFBEF1010F34D0104647
:106D000080BD00BF0122012B08BFBCF1010FF6D1ED
:106D1000022180F83F1080F84510006820E000BF95
:106D2000012A4FF0010208BF012BE8D1BEF1010F8B
:106D300008BFBCF1010FE2D14FF0020280F83E2003
:106D400080F83F2080F8442080F8452089B1006811
:106D5000016A21F001010162016A41F00101016251
:106D600010216FF0100208E0022180F83E1080F838
:106D70004410006801216FF00102036A1A400262A8
:106D8000026A114301620168002241F001010160C1
:106D9000104680BD0000000080B540F6000201688A
:106DA000C4F20002914215D040F60042C4F2000243
:106DB000914217D1007F042818BF80BD40F22C40BB
:106DC0000821C2F2004001F073F8BDE88040FAF7F4
:106DD00023B900BF007F012804D1BDE8804001F045
:106DE00087BF00BF80BD0000F0B581B0044690F8B9
:106DF0003C00012802D1022001B0F0BD0D464FEA4F
:106E0000B20103294FF0010084F83C0000F29280A7
:106E1000DFE801F0020C3C682068EB68D5E900125D
:106E200003F01EFA206850F8181F56E0206840F260
:106E3000004640F48062C4F20106D5E900C1EB6867
:106E4000D0F820E0B242026A22F01002026202BFD1
:106E5000026A22F04002026209024FF2FF0650F875
:106E6000182FB14363F30F3122F4734211430CF036
:106E70000A022EF0A003016043EA0211816001685A
:106E800021F440610160A96809024FE0206840F2E6
:106E9000004240F48066C4F20102D5E900C3E9680B
:106EA000D0F820E061F307139642026A22F4807260
:106EB000026202BF026A22F48062026250F81C2F52
:106EC00022F0F30243EA02010CF00A022EF42063DE
:106ED000016043EA02214160016821F00C01016078
:106EE000A96823E021684FF2FF07D5E900E3D5E95F
:106EF00002C50E6A1B02086ABB4365F30F3320F418
:106F000080500862084626F4204750F81C2F22F4CF
:106F100073421A430EF00A03026047EA03320A6220
:106F2000016821F4406101604FEA0C2102681143BD
:106F300001600020002184F83C1001B0F0BD000089
:106F400060B310B5044690F83D0028B9002084F8DD
:106F50003C00204600F024F8022084F83D00206820
:106F6000211D03F059F8012084F8480084F83E0000
:106F700084F83F0084F8400084F8410084F842001F
:106F800084F8430084F8440084F8450084F84600FF
:106F900084F8470084F83D00002010BD01207047B0
:106FA000704700000000000080B589B10A1F4FEA59
:106FB000B20EBEF1030F21D8DFE80EF002283840F0
:106FC00000F13F0292F800C0082925D13CE000BF43
:106FD00090F83E2090F84430012A4FF0010208BF9B
:106FE000012B3AD1022280F83E2080F844204FEA5B
:106FF000B1030122032B30D877E000BF00F1430238
:1070000092F800C0082907D11EE000BF00F140023D
:1070100092F800C0082917D0042903D100F14502D5
:1070200014E000BF00F1470210E000BF00F1410290
:1070300092F800C00829EFD106E000BF00F142023B
:1070400092F800C00829E7D100F146021378012226
:10705000BCF1010F08BF012B02D0104680BD00BF5C
:10706000BEF1030F0CD8DFE80EF003132B3300BF83
:10707000022280F83F20022208290FD12EE000BF13
:10708000022280F843200222082907D126E000BF0F
:10709000022280F84020022208291FD0042907D1AB
:1070A00080F845204FEAB1030122032BD5D81CE01C
:1070B00080F847204FEAB1030122032BCDD814E01A
:1070C000022280F8412002220829E7D106E000BF11
:1070D000022280F8422002220829DFD180F84620CF
:1070E0004FEAB1030122032BB7D8D0F800C04CF20D
:1070F0006040C0F6000050F82300DCF80C30184364
:10710000CCF80C0001F01F00DCF8201002FA00F0AF
:107110008143CCF820104DF6FF71DCF82020C4F23A
:10712000000110438C45CCF8200015DC40F2FF70C4
:10713000C4F20000844525DD40F60000C4F20000E2
:10714000844531D040F60040C4F2000084452BD085
:1071500041F6000024E000BF4FF6FF70C4F20000CB
:10716000844515DD0020C4F2010084451CD044F2A2
:107170000000C4F20100844516D040F20040C4F281
:1071800001000FE0BCF1804F0ED040F2004007E05C
:107190004EF20000C4F20000844505D04EF20040DB
:1071A000C4F2000084450CD10721DCF80800C0F2CD
:1071B000010100220140062918BFB1F5803F3FF4CC
:1071C0004CAFDCF80000002240F00100CCF80000D9
:1071D000104680BD00000000F0B581B00446006894
:1071E000C5680669B10717D515F0020114D06FF014
:1071F00002010161012121778069800704D02046C6
:10720000FFF7CAFD06E000BF204600F09DF82046CB
:1072100000F03AFB00202077700719D515F0040024
:1072200016D020686FF00401016102212177806986
:1072300010F4407F04D02046FFF7AEFD06E000BF0B
:10724000204600F081F8204600F01EFB0020207749
:10725000300717D515F0080014D020686FF008012A
:10726000016104212177C069800703D02046FFF720
:1072700093FD05E0204600F067F8204600F004FB8F
:1072800000202077F00619D515F0100016D02068E0
:107290006FF01001016108212177C06910F4407F6F
:1072A00004D02046FFF778FD06E000BF204600F03E
:1072B0004BF8204600F0E8FA00202077F00718BFCE
:1072C00015F0010006D020686FF001010161204631
:1072D00000F0AEFB05F0800716F4025F18BF002F28
:1072E00002D1F00509D410E020686FF40251016169
:1072F0002046FEF7F1FEF00507D537B120686FF4A0
:10730000807101612046FEF7E3FE700609D515F095
:10731000400006D020686FF040010161204600F077
:10732000E3FDB0060CD515F0200009D020686FF001
:1073300020010161204601B0BDE8F040FEF7D0BE5B
:1073400001B0F0BD00000000704700000000000028
:107350002DE9F04190F83C30012B03D10220BDE82B
:10736000F08100BF4FEAB202052A31D8DFE812F0FF
:10737000060038007800B800DE000401036843F618
:10738000FF76C4F201061C6AB3421A6A24F00204B2
:1073900022F001021A621A46D3F804E052F818CF1C
:1073A0008D6844EA0504D1F8008040F30B8144F273
:1073B0000007C4F20107BB4200F00F8144F600074A
:1073C000C4F20107BB4200F0088144F2004700E12B
:1073D0000121002280F83C200846BDE8F08100BF72
:1073E000036840F2004843F48066C4F201081F6A53
:1073F00046451A6A27F0200722F010021A621A4640
:107400005D6852F818CF8C68D1F800E047EA0414A0
:1074100008D11E6A24F0800426F040061E62CE6861
:1074200044EA061443F6FF76C4F20106B34240F381
:10743000F18044F20006C4F20106B34200F0F1808C
:1074400044F60006C4F20106B34200F0EA8044F2BA
:107450000046C4F20106B34200F0E380E8E000BF5A
:10746000036840F2004843F48066C4F201081F6AD2
:1074700046451A6A27F4007722F480721A621A4687
:107480005D6852F81CCF8C68D1F800E047EA04240C
:1074900008D11E6A24F4006426F480661E62CE6859
:1074A00044EA062443F6FF76C4F20106B34240F3F1
:1074B000D78044F20006C4F20106B34200F0D78040
:1074C00044F60006C4F20106B34200F0D08044F254
:1074D0000046C4F20106B34200F0C980CEE000BF0E
:1074E000036843F6FF77C4F20107D3F820C0BB421C
:1074F0001A6A22F480521A621A465C6852F81C6FAB
:107500000D68D1F808E040F3D18044F20007C4F2DE
:107510000107BB4200F0D58044F60007C4F2010722
:10752000BB4200F0CE8044F20047C6E0036843F659
:10753000FF77C4F20107D3F820C0BB421A6A22F4D5
:1075400080321A621A465C6852F8546F0D68D1F89E
:1075500008E040F3D58044F20007C4F20107BB42C3
:1075600000F0D98044F60007C4F20107BB4200F0E6
:10757000D28044F20047CAE0036843F6FF77C4F2C2
:107580000107D3F820C0BB421A6A22F480121A62A3
:107590001A465C6852F8546F0D68D1F808E040F361
:1075A000DB8044F20007C4F20107BB4200F0DF8039
:1075B00044F60007C4F20107BB4200F0D88044F251
:1075C0000047D0E00027C4F20107BB4205D040F2DB
:1075D0000047C4F20107BB4207D11F6A24F0080428
:1075E00027F004071F62CF683C43B34240F3E280B8
:1075F00044F20006C4F20106B34200F0E68044F60D
:107600000006C4F20106B34200F0DF8044F20046F7
:10761000D7E000BF0026C4F20106B34201D04345C3
:1076200006D1D1E905673E4325F4406545EA860564
:1076300048F6FF465D60CFF6FF660CEA060747EAAC
:107640000E279F614F6809699F631C629F6947F419
:1076500000679F619F6927F480679F61A7E000BF73
:107660000026C4F20106B34201D0434506D1D1E958
:1076700005673E4325F4405545EA06154FF68C76DE
:107680005D60CFF6FE760CEA060747EA0E07DF617B
:107690004F680969DF631C62DF6947F00807DF6133
:1076A000DF6927F00407DF61ADE000BF0027C4F207
:1076B0000107BB4205D040F20047C4F20107BB42BC
:1076C00004D14F6924F4804444EA871448F6FF4704
:1076D0005C60CFF6FF673E402CF4005746EA052475
:1076E000DC614E6809691E6447EA0E371F62DF6974
:1076F00047F40067DF61DF6927F48067DF6156E0E8
:107700000027C4F20107BB4205D040F20047C4F293
:107710000107BB4204D14F6924F4803444EA0724B2
:107720004FF68C775C60CFF6FE7703373E402CF443
:10773000003746EA05045C654E6809699E6547EABC
:107740000E471F625F6D47F008075F655F6D27F0AA
:1077500004075F6557E000BF0027C4F20107BB4282
:1077600005D040F20047C4F20107BB4204D14F6983
:1077700024F4802444EA872448F6FF475C60CFF66F
:10778000FF6707F540773E402CF4001746EA0524D2
:107790005C654E680969DE6547EA0E571F625F6DDA
:1077A00047F400675F655F6D27F480675F650902D6
:1077B00029E000BF0026C4F20106B34205D040F222
:1077C0000046C4F20106B34206D12EF44077D1E957
:1077D0000565374347EA050E4FF68C75C3F804E09C
:1077E000CFF6FE750CEA050747EA08079F614F6868
:1077F00009695F631C629F6947F008079F619F6981
:1078000027F004079F6113681943116000210022CB
:1078100080F83C200846BDE8F08100000000000030
:1078200060B310B5044690F83D0028B9002084F8F4
:107830003C00204600F024F8022084F83D00206837
:10784000211D02F0E9FB012084F8480084F83E0085
:1078500084F83F0084F8400084F8410084F8420036
:1078600084F8430084F8440084F8450084F8460016
:1078700084F8470084F83D00002010BD01207047C7
:10788000704700000000000070470000000000008A
:1078900071B10A1F4FEAB202032A11D8DFE802F0E1
:1078A00002161E2400F13F031B78012B13D120E0A8
:1078B00090F83E20012A0ED1022280F83E2032E0CC
:1078C00000F143031B78012B05D112E000F14003C6
:1078D0001B78012B0DD00120704700BF00F1410340
:1078E0001B78012B05D0F6E700F142031B78012B32
:1078F000F1D1032A08D8DFE802F0030B0F1300BF11
:10790000022280F83F200EE0022280F843200AE0A5
:10791000022280F8402006E0022280F8412002E0A6
:10792000022280F84220026801F01F00012101FAC2
:1079300000F0116A814311624EF2FF31C4F200017E
:107940008A42116A40EA0100106215DC40F6FF30FD
:10795000C4F20000824227DCB2F1804F4ED040F2E8
:107960000040C4F20000824248D040F60000C4F259
:107970000000824242D053E043F6FF700021C4F27F
:107980000100C4F20101824244F20000C4F201008D
:107990001EDC4EF20043C4F200039A422ED08A420B
:1079A00024D040F200431DE040F60040C4F2000045
:1079B000824223D041F60000C4F2000082421DD072
:1079C0004EF20000C4F20000824217D028E000BF4F
:1079D00082420BD044F60003C4F201039A4205D060
:1079E00044F20043C4F201039A4219D1536C8A4213
:1079F00043F40041516418BF82420BD107219068C3
:107A0000C0F2010101400020062918BFB1F5803FF6
:107A100006D1704740F20040C4F201008242EDD02E
:107A2000106840F001001060002070470000000066
:107A3000F0B581B02DED068B40F200410068C4F234
:107A40000001884268D041F20001C4F2000188427E
:107A50005ED1F8F719FF40F21006C2F2000686ED7B
:107A60000B0A02F0D5F986ED0C0AF9F7F9FA86ED62
:107A70000D0AF9F7DDFA86ED0E0AF9F7E1FA86ED5F
:107A80000F0A01F06DF97070F9F7E2FAB1EE001A21
:107A90009FEDCE3A9FEDCEAA86ED100AF0EE4A0A8F
:107AA00020EE012A96ED0E1AA2EE031AB0EE410A5C
:107AB00004F0B2FAB0EE408AF8F77AFE86ED110AC9
:107AC000F8F7A2FE86ED120AF8F7CAFEB06986ED55
:107AD000130A04281CD8DFE800F003274FCBE1008D
:107AE00041F200404FF40071C5F60200002200246C
:107AF000FCF766FB9FEDE90A06F14400F0EE400A50
:107B000090EC031AC6E9144402F0F2F83470F46100
:107B1000BDEC068B01B0F0BDBDEC068B01B0BDE83D
:107B2000F040F9F781B900BF41F200404FF4007115
:107B3000C5F602000122FCF743FBDFEDD80A06F18F
:107B40005000B0EE601A06F154019FEDD50AF9F726
:107B500017FB06F1440096ED140AD6ED150A90ECD9
:107B6000031A02F0C5F8F9F787FA0020C6E9040005
:107B7000BDEC068B01B0F0BD41F2004438EE0A0ABC
:107B8000C5F60204B5EE408A4FF40071012220468A
:107B9000F1EE10FAB8BFB0EE408AFCF711FB04F525
:107BA0008064042101222046FCF70AFB40F20C0508
:107BB00040F21000C2F20045C2F20040603095ED84
:107BC000000A01F0E9FC06F1440006F15C0190ECCA
:107BD000030A06F15800F9F7B7FAB0EE481A96ED25
:107BE000160AD6ED170A301D06F10801F9F7ECFA6E
:107BF00095ED000A40F28C05C2F20045D6ED100A60
:107C0000284601F009FDD6ED020A05F1340086EDA3
:107C1000030A01F001FD40F2F40086ED050AD6EDFD
:107C2000010AC2F200409FED9D0A01F0F5FCB0EEA2
:107C3000481AD6ED050A06F1500006F1540186ED0A
:107C4000040AF9F79DFA06F1440096ED140AD6ED00
:107C5000150A90EC031A02F04BF80421002220468A
:107C6000BDEC068B01B0BDE8F040FCF7A9BA00BF3F
:107C700041F200404FF40071C5F602000122FCF70A
:107C80009FFA96ED040AD6ED050A96ED0E1A06F156
:107C9000500006F15401F9F773FAEFE041F20040A9
:107CA0004FF40071C5F602000122FCF789FA06F1D3
:107CB000440006F15C0190EC030A06F15800F9F764
:107CC00043FA307840F2F40440F28C079FED738A57
:107CD0000328C2F20044C2F200471FD8DFE800F0D8
:107CE0000222527A96ED070A9FED701A30EE010AD1
:107CF000B7EE001A9FED6AAA86ED070A9FED679A14
:107D0000B4EE410AF1EE10FA05DB012030700020DC
:107D10007062C6E90700B0EE498A7BE0B0EE48AA7F
:107D200078E000BF96ED090A9FED5F1A30EE011A68
:107D300096ED080A9FED5D2AF0EE4A0A86ED091AD3
:107D4000A1EE020A04F068F9B0EE409A30EE0A0A99
:107D500096ED091A94ED1E2A9FED51AAB5EE409AB0
:107D6000F1EE10FAB8BFB0EE409AB4EE421AF1EE5E
:107D700010FA86ED089A4DDB022030700020B062C8
:107D800048E000BF96ED160A94ED161A31EE400A4F
:107D900096ED089A9FED42AAB0EEC01A9FED410AF7
:107DA000B4EE401AF1EE10FA34DA94ED171A96EDAB
:107DB000172A31EE421AB0EEC11AB4EE401AF1EEB3
:107DC00010FA27DA0320307024E000BFDA2DF237F2
:107DD000DB0FC94004F13405284601F0F1FD2846C7
:107DE000B0EE409A01F000FEB5EE001A40F20C0031
:107DF000C2F2004060EE010A90ED000A40F28C00F1
:107E0000C6ED180AC2F2004001F006FCB0EE48AA26
:107E1000B0EE408AB0EE491A96ED160AD6ED170A72
:107E2000301D06F10801F9F7CFF9B0EE4A0AD6ED98
:107E3000010A204601F0F0FB86ED040AB0EE480A84
:107E4000D6ED020A07F1340001F0E6FBF0EE400A3D
:107E5000B0EE491A86ED050A96ED040A06F15000C7
:107E600006F15401F9F78CF906F150009FED0F2A45
:107E700090EC040A04F1340001F002FE06F1440023
:107E800096ED140AD6ED150A90EC031ABDEC068B9C
:107E900001B0BDE8F04001F02BBF00BF00000000C2
:107EA000CDCC4C3F9A99993E0AD7233B17B7D1378F
:107EB0004FEAB101032907D8DFE801F002080C10EE
:107EC0000068343000687047002070470068383020
:107ED0000068704700683C300068704700684030B8
:107EE00000687047000000007047000000000000BC
:107EF00090F88410012901D1022070472421C0F894
:107F0000881002681368116823F0005321F0010102
:107F100011600021416613602022C0F8882080F89B
:107F20008410084670470000704700000000000001
:107F3000704700000000000070B590F88420012A0E
:107F400002D1022070BD00BF2422C0F88820026840
:107F5000D0F864E0BEF1000FD2F800C0136823F03F
:107F600001031360936823F0606341EA03019160A9
:107F70001AD091684CF2804E9368C0F6000E5B0FE9
:107F80004CF28845C1F34266C0F600051EF8034076
:107F9000E95C2301B3FBF1F11EF80630AE5D1B0175
:107FA000B3FBF6F302E000BF01210123A0F86A1041
:107FB0002021A0F86830C2F800C0C0F88810002165
:107FC00080F88410084670BD70B590F88420012AAE
:107FD00002D1022070BD00BF2422C0F888200268B0
:107FE000D0F864E0BEF1000FD2F800C0136823F0AF
:107FF00001031360936823F0604341EA0301916039
:108000001AD091684CF2804E9368C0F6000E5B0F58
:108010004CF28845C1F34266C0F600051EF80340E5
:10802000E95C2301B3FBF1F11EF80630AE5D1B01E4
:10803000B3FBF6F302E000BF01210123A0F86A10B0
:108040002021A0F86830C2F800C0C0F888100021D4
:1080500080F88410084670BD7047000000000000E2
:1080600070470000000000007047000000000000A2
:1080700070B50446006840F62F01C26911402029FE
:10808000016886680ED101F0200306F080555B1967
:108090001AD0616F002900F07D802046BDE8704055
:1080A000084700BF40F60F031A420DD0012340F2EB
:1080B0002015C1F20003C0F2004506EA030C01EAF4
:1080C000050313EB0C0367D1E36E012B05D112F00E
:1080D000100318BF11F010034CD1D3020AD516F4C7
:1080E000800307D04FF4801101622046BDE8704044
:1080F000FFF7B6BF100606D501F0800006F40003B6
:10810000C01840F0A18150066ED511F040006BD030
:10811000206850E8000F216820F0400041E800028C
:10812000F2B1206850E8000F216820F0400041E8DB
:108130000002002A1FBF206850E8000F216820F0CD
:1081400040001CBF41E80002002A09D0206850E826
:10815000000F216820F0400041E80002002AD7D13A
:108160002020C4F888000020A0672046BDE87040A9
:1081700000F06EBD102101628068400616D4B4F88C
:108180005C00B4F85E10B4F85E20002A18BF884284
:1081900040F08A8170BD00BFD30718BF11F480730F
:1081A0002ED1930706F0010E36D440E0D4F88000BB
:1081B00040F20F42C4F202020168914200F34A8188
:1081C0006F22C4F20202914200F3F0813F22C4F216
:1081D0000202914200F306821022C4F2020291428E
:1081E00000F0258228221FE2100240F14B8111F09D
:1081F000804000F047812046BDE87040FFF72CBF6B
:1082000001230362D4F8903043F00103C4F89030A6
:10821000930706F0010E0AD5BEF1000F07D0022326
:108220000362D4F8903043F00403C4F8903053074D
:108230000AD5BEF1000F07D004230362D4F89030B2
:1082400043F00203C4F8903013070CD501F020036B
:1082500053EA0C0307D008230362D4F8903043F0AC
:108260000803C4F8903013050BD511F0806308D0D3
:108270004FF400630362D4F8903043F02003C4F855
:108280009030D4F89030002B3FF484AF12F02002ED
:108290000AD001F0200106F08052891804D0616FE5
:1082A00011B1204688472068D4F89010806800F00B
:1082B000400001F02801401806D12046FFF7D4FE07
:1082C0000020C4F8900070BD206850E8000F2168BD
:1082D00020F4907041E80002F2B1206850E8000FED
:1082E000216820F4907041E80002002A1FBF206836
:1082F00050E8000F216820F490701CBF41E8000294
:10830000002A09D0206850E8000F216820F49070FE
:1083100041E80002002AD7D14FF6FE70CEF6FF707A
:10832000216851E8021F2268014042E80213DBB1D4
:10833000216851E8021F2268014042E80213002B25
:108340001FBF216851E8021F226801401CBF42E89C
:108350000213002B08D0216851E8021F2268014057
:1083600042E80213002BDBD1E06E012827D1206800
:1083700050E8000F216820F0100041E80002F2B13F
:10838000206850E8000F216820F0100041E800024A
:10839000002A1FBF206850E8000F216820F010005D
:1083A0001CBF41E80002002A09D0206850E8000FF5
:1083B000216820F0100041E80002002AD7D12020D7
:1083C000C4F88C000020E066216860678868400679
:1083D00064D5206850E8020F216820F0400041E891
:1083E0000202F2B1206850E8020F216820F040003C
:1083F00041E80202002A1FBF206850E8020F2168EE
:1084000020F040001CBF41E80202002A09D0206889
:1084100050E8020F216820F0400041E80202002AE3
:10842000D7D1D4F88000C8B34AF2E951C0F60001B0
:108430000165FAF755FB00283FF4ACAED4F8800094
:10844000016DBDE870400847A16F00297FF425AE9B
:10845000A0E600BF40F26F42C4F20202914200F374
:10846000B18040F23F42C4F20202914200F3C28066
:1084700040F21042C4F20202914200F0D88040F271
:108480002842D1E0D0017FF585AEB1F1FF3FC8BFF2
:1084900070BD2046BDE87040FFF74ABD2046BDE8EC
:1084A0007040FFF7E1BD00BF401A216851E8001F8E
:1084B000226821F4907142E80013F3B1216851E879
:1084C000001F226821F4907142E80013002B1FBFA7
:1084D000216851E8001F226821F490711CBF42E816
:1084E0000013002B09D0216851E8001F226821F4F5
:1084F000907142E80013002BD7D14FF6FE71CEF6F3
:10850000FF71226852E8022F23680A4043E80226DE
:10851000DEB1226852E8022F23680A4043E80226AF
:10852000002E1FBF226852E8022F23680A401CBF9A
:1085300043E80226002E08D0226852E8022F236862
:108540000A4043E80226002EDBD12021C4F88C101B
:108550000021E1666167216851E8001F226821F06F
:10856000100142E80013F3B1216851E8001F2268AE
:1085700021F0100142E80013002B1FBF216851E8D1
:10858000001F226821F010011CBF42E80013002BDD
:1085900009D0216851E8001F226821F0100142E84B
:1085A0000013002BD7D181B210E100BF9F22C4F28B
:1085B0000202914228DC7022C4F20202914236D0BB
:1085C000882231E040F29F42C4F20202914223DC51
:1085D00040F27042C4F20202914228D040F2884236
:1085E00022E000BF4022C4F2020291421FD0582272
:1085F0001AE000BF40F24042C4F20202914216D09B
:1086000040F2584210E000BFA022C4F202029142A0
:108610000DD0B82208E000BF40F2B842C4F2020216
:10862000914204D040F2A042C4F2020291424A6850
:10863000B4F85C3091B2002900F0C080994280F01B
:10864000BD80A4F85E20C069B0F5807F00F0A980ED
:10865000206850E8000F216820F4807041E8000293
:10866000F2B1206850E8000F216820F4807041E8E2
:108670000002002A1FBF206850E8000F216820F484
:1086800080701CBF41E80002002A09D0206850E831
:10869000000F216820F4807041E80002002AD7D141
:1086A000206850E8020F216820F0010041E8020232
:1086B000F2B1206850E8020F216820F0010041E883
:1086C0000202002A1FBF206850E8020F216820F034
:1086D00001001CBF41E80202002A09D0206850E8CE
:1086E000020F216820F0010041E80202002AD7D1E0
:1086F000206850E8020F216820F0400041E80202A3
:10870000F2B1206850E8020F216820F0400041E8F3
:108710000202002A1FBF206850E8020F216820F0E3
:1087200040001CBF41E80202002A09D0206850E83E
:10873000020F216820F0400041E80202002AD7D150
:108740002020C4F88C000020E066206850E8000F6C
:10875000216820F0100041E80002F2B1206850E8E2
:10876000000F216820F0100041E80002002A1FBF1E
:10877000206850E8000F216820F010001CBF41E87D
:108780000002002A09D0206850E8000F216820F07C
:10879000100041E80002002AD7D1D4F88000F9F790
:1087A00007FF02202067B4F85C00B4F85E10401A9E
:1087B00081B22046BDE87040FFF7B6BB8B427FF424
:1087C000E9ACC069B0F5807F7FF4E4AC022020679B
:1087D0002046BDE87040FFF7A7BB00000000000086
:1087E00010B5E0B10446D0F8880028B9002084F81C
:1087F0008400204600F028F82420C4F8880020686F
:10880000A16A0268002922F00101016002D020461D
:1088100001F0BEFD204602F077FA012802D10120C6
:1088200010BD00BF2068416821F49041416081681B
:1088300021F02A018160016841F0010101602046B8
:10884000BDE8104001F014BE2DE9F041B4B0694616
:10885000044601F10800B021F7F790FD41F2000154
:108860002068C4F20101884202D034B0BDE8F08132
:1088700001200090684600260196FCF7E9F908B14E
:10888000F8F746FC44F2E04040F21008C5F602005A
:10889000C4F20208016941F010010161016901F0AF
:1088A00010012F912F99016841F0010101600068CA
:1088B0002FA900F001002F902F984FF4C0602F9047
:1088C0000220CDE930060720339000203296C5F60D
:1088D0000200FBF785FB40F258252920C2F2004533
:1088E0004FF48067C5E901064FF48070C5F8008039
:1088F000C5E907062846EE60C5E90476AE616E62FA
:10890000FAF76AFE08B1F8F703FCC4F8805008F1E2
:108910001800AC6340F2D025C2F2004528602A203E
:1089200068604020A8600020C5E90307C5E905008C
:10893000C5E9070068622846FAF74EFE08B1F8F765
:10894000E7FB252000210022E567AC63FBF734FD3F
:108950002520FBF71DFD34B0BDE8F08100000000CC
:1089600010B50446D0F88C00202809D196460A4656
:108970000120002918BFBEF1000F03D110BD00BFB8
:10898000022010BD4FF0000CC4F86CC040F600404F
:108990002168C5F60000814203D04868000200F15A
:1089A000A780A2652220A4F85CE0C4F890C0C4F8B7
:1089B0008C00D4F88000F8B14AF2E1714AF65923EC
:1089C000C0F60001C0F60003C0E90F134AF2F151EE
:1089D0000023C0F60001C164216803652431734699
:1089E000FBF72AF940B11020C4F890002020C4F809
:1089F0008C00012010BD00BF206938B3206850E80A
:108A0000000F216840F4807041E80002F2B1206854
:108A100050E8000F216840F4807041E80002002A0D
:108A20001FBF206850E8000F216840F480701CBF11
:108A300041E80002002A09D0206850E8000F2168B0
:108A400040F4807041E80002002AD7D1206850E845
:108A5000020F216840F0010041E80202F2B12068F3
:108A600050E8020F216840F0010041E80202002AAC
:108A70001FBF206850E8020F216840F001001CBFB2
:108A800041E80202002A09D0206850E8020F21685C
:108A900040F0010041E80202002AD7D1206850E8E6
:108AA000020F216840F0400041E80202F2B1206864
:108AB00050E8020F216840F0400041E80202002A1D
:108AC0001FBF206850E8020F216840F040001CBF23
:108AD00041E80202002A09D0206850E8020F21680C
:108AE00040F0400041E80202002AD7D1002010BD2A
:108AF000206850E8000F216840F0806041E80003E2
:108B0000002B3FF44EAF206850E8000F216840F082
:108B1000806041E80003002B1FBF206850E8000F71
:108B2000216840F080601CBF41E80003002B3FF447
:108B300038AF206850E8000F216840F0806041E8BD
:108B40000003002BD4D12CE741F200010068C4F2ED
:108B50000101884218BF704702F0CEBE000000003D
:108B600041F200010068C4F20101884218BF704759
:108B700002F0C2BE00000000B0B50446D0F8880084
:108B8000202831D100294FF001005BD0002A134684
:108B900008BFB0BD21650025A4F854302120A4F8F9
:108BA0005630C4F89050C4F88800E06FF0B14AF233
:108BB000F1524AF6713CC0F60002C26422684AF6DD
:108BC000314E2832C0F6000CC0F6000E0565C0E933
:108BD0000FCEFBF731F848B11020C4F890002020E8
:108BE000C4F888000120B0BD0220B0BD206840213B
:108BF0000162206850E8020F216840F0800041E8DF
:108C000002020AB3206850E8020F216840F0800099
:108C100041E80202002A1FBF206850E8020F2168C5
:108C200040F080001CBF41E80202002A0CD02068FE
:108C300050E8020F216840F0800041E80202002A5B
:108C4000D7D10020B0BD00BF0020B0BD00000000A3
:108C500010B541F200010068C4F20101884218BF5A
:108C600010BD40F2E400C2F200008188C2881144C5
:108C700001F07F01818000210170C180EFF3108439
:108C800072B6017811B184F3108810BD41888288D2
:108C9000914209D280218288914209D041888288FC
:108CA000914209D9418808E0418882889142F5D1F2
:108CB00084F3108810BD00BF8021828801230370D7
:108CC0008A1AC280808840F24C5192B2C2F20041AE
:108CD000014440F27840C2F20040FFF74DFF84F3B8
:108CE000108810BD00000000704700000000000068
:108CF00070B540F600444FF48051C5F6020420469A
:108D0000FBF756FA05464FF400512046FBF750FAA0
:108D100006464FF480412046FBF74AFA710041EACB
:108D2000850141EA0002501EC1B240F25020C2F259
:108D30000040062902700DD24CF22442C0F6000217
:108D4000515C4CF29042C0F60002417052F8211082
:108D5000416070BD0021417070BD00000000000046
:108D600040F25020C2F200404078704700000000FE
:108D700070B540F24010C2F20000FDF7C1FA40F6B3
:108D800000444FF48051C5F602042046FBF710FA68
:108D900005464FF400512046FBF70AFA06464FF409
:108DA00080412046FBF704FA710041EA850141EA5F
:108DB0000002501EC1B240F25020C2F2004006290B
:108DC00002700DD24CF22442C0F60002515C4CF20B
:108DD0009042C0F60002417052F82110416070BD0F
:108DE0000021417070BD0000FEE70000000000009F
:108DF00010B594B001A8402100241394CDE911448A
:108E0000F7F7BCFA40F2701042F20001C2F20040E3
:108E1000C4F2020101604FF4803141600821816099
:108E2000C0E9044104830121C16180F8204004634A
:108E3000C0E90F4480F844408164F9F739F908B17A
:108E4000F8F766F9052011A9CDE9110440F2701078
:108E50001394C2F20040F8F767FF08B1F8F758F929
:108E600040F27014C2F200442046F8F73DFA0420A4
:108E70000121C0F6600001900920029002200390B9
:108E800040F2FF70049004200590002006908DF8B9
:108E900025000A918021ADF82C008DF82E00CDE937
:108EA0000C118DF8380001A92046F8F739FA08B1FD
:108EB000F8F72EF914B010BD70B590B068462821AF
:108EC0001830F7F75BFA40F2E01042F20011C2F2FC
:108ED0000040C4F202010025012601604FF48031F8
:108EE000416008218160C0E904510583C66180F8B2
:108EF00020500563C0E90F5580F844508664F9F7A7
:108F0000D7F808B1F8F704F940F2E014C2F20044CF
:108F10002046F8F7E9F904206946C0F660000090A1
:108F2000092001900220029040F2FF70039004207B
:108F30000996CDE904052046ADF828508DF82A5051
:108F40008DF83450F8F7ECF908B1F8F7E1F810B003
:108F500070BD00000000000080B582B044F2D8402F
:108F60000022C5F60200016841F0010101600068BD
:108F7000002100F00100019001980B20FBF71CFA82
:108F80000B20FBF705FA0C2000210022FBF714FA56
:108F90000C2002B0BDE88040FBF7FAB900000000E9
:108FA0002DE9F04387B044F2E0404FF00009C5F6E8
:108FB0000200CDF8189041F2004400220168C5F685
:108FC000020441F02001016001684FF4007601F0D5
:108FD000200101910199016841F08001016001685F
:108FE00001F0800101910199016841F001010160E6
:108FF000016801F0010101910199016841F010013E
:109000000160016801F0100101910199016841F0CE
:1090100002010160016801F00201019101990168FA
:1090200041F008010160016801F008010191019916
:10903000016841F04001016000684FF4007100F0E8
:109040004000019001982046FBF7BAF804F58065CE
:109050000421002228464FF00408FBF7B1F80296DD
:1090600002AE204631460127CDF81490CDE90379B0
:10907000FAF7B6FF28463146CDE90287CDE90499D3
:10908000FAF7AEFF07B0BDE8F08300000000000073
:1090900010B58CB040F2943041F60002C2F20040AC
:1090A00000210B91C4F20002CDE909110791CDE92D
:1090B0000511CDE90311CDE90111C0E9002181605D
:1090C0004FF6FF72C0E903218161FDF7A9FA08B1EB
:1090D000F8F71EF84FF48050089040F2943008A939
:1090E000C2F20040FDF710FC08B1F8F711F840F2A9
:1090F0009430C2F20040FDF723FF08B1F8F708F8FA
:1091000040F2943005A9C2F200400024059407946F
:10911000FDF776F908B1F7F7FBFF012001A9CDE9CA
:1091200002040520049040F294300022C2F2004074
:109130000194FDF759FE08B1F7F7EAFF0CB010BD36
:10914000B0B5A0B000256846342100241A94C4F2BA
:109150000105CDE918441694CDE91444CDE9124433
:10916000CDE91044CDE90E440D94F7F707F940F22C
:1091700048306021C2F20040C0E90054816043F2EF
:10918000B651C0E903140121416180218161FDF7DD
:1091900047FA08B1F7F7BCFF4FF48050179040F240
:1091A000483017A9C2F20040FDF7AEFB08B1F7F74F
:1091B000AFFF40F24830C2F20040FEF731FB08B189
:1091C000F7F7A6FF2020149040F2483014A9C2F20D
:1091D00000400024CDE91544FDF712F908B1F7F776
:1091E00097FF60200DA9CDE90D0440F24830002220
:1091F000C2F200401394CDE90F44CDE91144FEF7CB
:10920000A7F808B1F7F784FF40F248300DA9C2F281
:1092100000400422FEF79CF808B1F7F779FF40F20E
:1092200048300DA9C2F200400822FEF791F808B1BB
:10923000F7F76EFF40F248340020C2F2004402907B
:10924000CDE9000085210890CDE903104FF40051CD
:109250000C90CDE905104FF00071CDE90910694679
:109260002046FCF741FF08B1F7F752FF2068A842FB
:1092700002D020B0B0BD00BF44F2E040C5F602000D
:10928000016841F01001016000681BA900F01000A6
:109290001B901B984FF47C501B9002201C900020C8
:1092A000CDE91D0001201F9041F20000C5F602002B
:1092B000FAF796FE20B0B0BD10B58CB040F2F400C5
:1092C0000024C2F200004FF0804101940722C0E95F
:1092D00000144FF0FF318460C0E90314032184615E
:1092E000CDE9031401210B92CDE90514CDE9091450
:1092F00003A9CDE90724FDF763FC08B1F7F708FFE0
:1093000040F2F4006946C2F2000000940294FDF7B6
:1093100077F808B1F7F7FCFE0CB010BD00000000B4
:1093200080B588B040F2E03040F20042C2F2004026
:1093300000210791C4F20002CDE9051102910260FB
:109340004FF48972C0E9012140F2E732C0E90321FC
:1093500080218161FDF764F908B1F7F7D9FE4FF478
:109360008050049040F2E03004A9C2F20040FDF7C2
:10937000CBFA08B1F7F7CCFE00200190039040F241
:10938000E030C2F2004001A9FDF73AF808B1F7F762
:10939000BFFE08B080BD000010B588B040F240109C
:1093A00040F60001C2F200000024C4F20001029461
:1093B000C0E900144FF6FF718460C0E9031404A9EA
:1093C0008461CDE90444CDE90644FCF7F1FE08B11F
:1093D000F7F79EFE5020019040F2401001A9C2F222
:1093E00000000394FDF70CF808B1F7F791FE08B000
:1093F00010BD00000000000010B58CB040F22C4001
:1094000040F60042C2F2004000210B91C4F200027B
:10941000CDE909110791CDE90511CDE90311CDE998
:10942000011102604FF48972C0E901214FF0FF324F
:109430008161C0E90321FDF7F3F808B1F7F768FE91
:109440004FF48050089040F22C4008A9C2F200402E
:10945000FDF75AFA08B1F7F75BFE40F22C40C2F272
:109460000040FDF76DFD08B1F7F752FE40F22C40C9
:1094700005A9C2F20040002405940794FCF7C0FF40
:1094800008B1F7F745FE012001A9CDE90204072044
:10949000049040F22C400822C2F200400194FDF7F3
:1094A000A3FC08B1F7F734FE0CB010BD00000000BB
:1094B00010B584B040F28C1041F20001C2F20000FD
:1094C00000240294C4F2000101604FF48971C0E9E4
:1094D00001141921C1608461FDF7A2F808B1F7F702
:1094E00017FE40F28C1001A9C2F20000019403940F
:1094F000FCF786FF08B1F7F70BFE04B010BD0000C3
:1095000080B540F2784041F20001C2F20040C4F25E
:1095100001010C2201604FF4E13141600021C0E9FA
:1095200002110161C0E90521C0E90711C0E9091173
:10953000FFF756F908B1F7F7EBFD40F2784000214C
:10954000C2F20040FEF740FD08B1F7F7E1FD40F23E
:1095500078400021C2F20040FEF7EEFC08B1F7F7B8
:10956000D7FD40F27840C2F20040FEF7C1FC00286F
:1095700008BF80BDBDE88040F7F7CABD000000000D
:10958000FEE700000000000080EC060A0021816177
:10959000704700000000000090ED061A90ED013ABF
:1095A000B0EEC12AB4EE401AF1EE10FA14DA0C2132
:1095B000B4EE432AF1EE10FAB8BF082190ED003A5C
:1095C000014491ED002A02EE031A81FE401AB0EE2A
:1095D000410A80ED061A7047B4EE401AF1EE10FA17
:1095E000F5DD1421B4EE432AF1EE10FAB8BF1021D4
:1095F00090ED003A014491ED002A02EE431A81FEFB
:10960000001AB0EE410A80ED061A70470000000013
:10961000FEE700000000000090F83010B0EE401AA5
:109620009FED200AE9B390ED033AB5EE403AF1EE32
:1096300010FA36DD90ED070A31EE601A90ED092A36
:1096400090ED064A20EE020A90ED0A5A33EE033AF4
:10965000A4EE010A90ED084AA4EE050A90ED0B4A2B
:10966000A3EE040A80EE033A90ED040AB4EE403A09
:10967000F1EE10FA06DC90ED050AB4EE403AF1EE98
:1096800010FA06DA90F83110B0EE403A002918BF0F
:109690007047B0EE430A80ED091A80ED0A2A80ED8A
:1096A0000B3A704700000000B7EE003A9FED1A4AEF
:1096B000B9EE006A80ED000A0021416281FEC33AE2
:1096C000F0EE001A21EE066A8162C16240F20111D9
:1096D00083FE043A0186C0ED010A80ED021A23EEF2
:1096E000204A80ED033A33EE035A80ED042AC0EDA0
:1096F000052A23EE047AA4EE036AA5EE007AA5EE0D
:10970000406A31EE010AA1EE217A80ED080A80ED6F
:10971000076A80ED067A7047BD3786350000000085
:1097200020EE811A011D80ED000A81EC031A002150
:10973000C0E90411704700007047000000000000FD
:10974000F0B581B044F22C47C5F6020757F8042C57
:1097500002F00302032A03D1012001B0F0BD00BFD3
:10976000054657F82C0C0C4620F0806047F82C0C6E
:10977000FAF72EFD064600BF57F82C0C000105D560
:10978000FAF726FD801B0228F6D964E057F8040C8E
:10979000EE6895E80E0020F47C30012C40EA0130A0
:1097A000A2F101016FF35F214FF47E4202EB4322ED
:1097B00047F8040C92B24FF0FE4302EB01004FF465
:1097C000FE012A6901EB064101F4FE0103EB02628E
:1097D000084402F0FE410844F8603868696920F0E6
:1097E000C00040EA010038603868A96920F0200014
:1097F00040EA0100386038684FF6F87120F0100038
:1098000038603869EA6920EA01004FF4001140EA43
:10981000C2003861386808BF4FF4801140F0100072
:10982000002C386008BF4FF40021386808433860C6
:1098300057F82C0C40F0806047F82C0CFAF7C8FC65
:10984000044600BF57F82C0C000107D4FAF7C0FCFF
:10985000001B0328F6D3032001B0F0BD002001B0A7
:10986000F0BD000000000000F0B581B044F22C47CC
:10987000C5F6020757F8042C02F00302032A03D1AD
:10988000012001B0F0BD00BF054657F82C0C0C4676
:1098900020F0805047F82C0CFAF79AFC064600BFDF
:1098A00057F82C0C800005D5FAF792FC801B022893
:1098B000F6D964E057F8040CEE6895E80E0020F045
:1098C0007C70012C40EA0150A2F101016FF35F218D
:1098D0004FF47E4202EB432247F8040C92B24FF061
:1098E000FE4302EB01004FF4FE012A6901EB064141
:1098F00001F4FE0103EB0262084402F0FE41084459
:1099000078613868696920F4406040EA0100386095
:109910003868A96920F4007040EA010038603868AE
:109920004FF6F87120F480703860B869EA6920EA6F
:1099300001004FF0807140EAC200B861386808BF8A
:109940004FF4000140F48070002C386008BF4FF4E1
:10995000800138680843386057F82C0C40F080507C
:1099600047F82C0CFAF734FC044600BF57F82C0CCF
:10997000800007D4FAF72CFC001B0328F6D3032041
:1099800001B0F0BD002001B0F0BD000000000000FB
:10999000704700000000000080ED000A9FED060AFD
:1099A00081FE800AC0ED010A80ED021A002180EDDF
:1099B000030AC0E90411704717B7D138000000004E
:1099C00010B590ED050A9FED071A60EE010A90EDC3
:1099D0000E0A044602F022F994ED0D1A30EE010A47
:1099E00010BD00BFDB0FC94090ED0E0A70470000AC
:1099F000B7EE005A9FED1F4A80ED000A9FED1E0A48
:109A000022EE042AB7EE087AA3EE005A002123EED4
:109A1000000A80ED021A22EE212AC4F2FA314161D5
:109A200041F651414CF20642C0ED010A80EE050AB2
:109A3000C0ED031A22EE016A80ED060A22EE840AC6
:109A4000C4F2DE41C4F6C01280ED102A26EE071AD9
:109A500020EE210A80ED041AC0E9071200214163BB
:109A6000C0E90911C0E90B11C0E90E1180ED110A1E
:109A7000704700BF5077D63D7C5944450000000038
:109A800010B52DED048B90ED094A90ED0A3A34EEB5
:109A9000415AB7EE001A33EE616AB0EE428A9FED8A
:109AA000737A0446F0EE411AB4EE475AF1EE10FA1A
:109AB00090ED042A0CDCDFED6E1AB4EE615AF1EE83
:109AC00010FA03DAFFEE001A02E000BFC5EE071A33
:109AD00022EE215AF0EE411AB4EE476AF1EE10FA86
:109AE0000CDCDFED631AB4EE616AF1EE10FA03DA12
:109AF000FFEE001A02E000BFC6EE071A94ED006AFE
:109B000022EE212AA6EE440AE6EE430A94ED016A0B
:109B100030EE450A30EEC27AD4ED060A31EE601A14
:109B200080EE060A87EE066A94ED0B7AA0EE084AEC
:109B300021EE070A94ED0C7A21EE071AA6EE083AF8
:109B400084ED094AA0EE850AA0EE821A84ED0A3A55
:109B500084ED0B0A94ED0D0A84ED0C1A02F0B4F9B1
:109B6000B0EE409A94ED0D0A02F0AEFA94ED0B1AA5
:109B700021EE401A94ED0C0A94ED0F3A94ED074A49
:109B8000A0EE091A94ED080AA1EE083A84ED0F3A06
:109B900023EE002AA4EE012A94ED101AB4EE412A15
:109BA000F1EE10FA06DCB1EE411AB4EE412AF1EE04
:109BB00010FA05DAB0EE412A81EE000A84ED0F0AB0
:109BC00094ED0D0A9FED2B1AA2EE080A84ED0E2AE1
:109BD000B4EE410AF1EE10FA28DAB5EE400A84ED4F
:109BE0000D0AF1EE10FA1DDA30EE010AB5EE400A68
:109BF000F1EE10FA14DA30EE010AB5EE400AF1EE99
:109C000010FABEBF30EE010AB5EE400AF1EE10FACE
:109C100006DA30EE010AB5EE400AF1EE10FAE3DBA7
:109C200084ED0D0ABDEC048B10BD00BF9FED122A20
:109C300030EE020AB4EE410AF1EE10FAA1BF30EEA6
:109C4000020AB4EE410AF1EE10FA30EE020AA4BFA5
:109C5000B4EE410AF1EE10FABFDB30EE020AB4EEC8
:109C6000410AF1EE10FAE3DAB7E700BFCDCCCC3D04
:109C7000CDCCCCBDDB0FC940DB0FC9C0000000005C
:109C8000704700000000000040F20802C2F200022B
:109C900082ED000A40F2DC02C2F20002C2E90001D9
:109CA000704700000000000010B540F2DC04C2F272
:109CB00000042068002808BF10BD0021FDF7E8FD62
:109CC00020680421FDF7E4FD20680821FDF7E0FD90
:109CD00020680021FCF704FC20680421FCF700FC4C
:109CE00020680821BDE81040FCF7FABB0000000026
:109CF00040F2DC00C2F20000016800297ED0416819
:109D0000002908BF7047BFEE004AB7EE005AB5EE13
:109D1000402A9FED3B3AF1EE10FAF5EE401A20EEA4
:109D2000832A35FE043A40F20802F1EE10FAC2F23C
:109D30000002B5EE401A75FE040A9FED327AF1EE8C
:109D400010FA92ED006AFEEE001A87EE061A9FEDF9
:109D50002E7A35FE044AF6EE002AC0EE063AF0EE00
:109D6000474AF0EE475AA4EE017AB0EE424AA0EE1E
:109D7000212A73EEA21AA0EE224AE0EE815A00EEEA
:109D8000901A31EE877A342182EE060AC4F201017C
:109D9000F8EE600A87FE452A9FED1C7A30EE220A13
:109DA000E3EE014A82FE072A35EE800A22EE201AEF
:109DB00084EE062A80FE450ABCEEC11A81ED001A27
:109DC00032EEC22A90ED011A80FE070AB8EE411A5F
:109DD00034EE822A20EE010A82FE451ABCEEC00A49
:109DE00081ED010A81FE070A90ED011AB8EE411AD1
:109DF00020EE010ABCEEC00A81ED020A704700BFE6
:109E0000D7B35D3FCDCC4C3FDD981E3C0000000039
:109E100040F25020C2F2004090ED010A704700006D
:109E2000FAF7DEB900000000B0B59CB044F61804A3
:109E3000022000251195CDE90F55CDE90D55CDE94D
:109E40000B550895C5F60204CDE90655CDE9045534
:109E5000CDE902550195FAF7EFFA0095206820F454
:109E600040402060206800F4404000900098206846
:109E7000800409D4206880045CBF20685FEA8040C9
:109E800002D420688004F2D5012009902C224FF4DE
:109E90008031CDE915200C20199009A80A910221E2
:109EA0001491CDE91211CDE917110024CDE91A441E
:109EB000FBF76AFE10B172B6FEE700BF3F200190CB
:109EC00003204FF48061CDE9020408200490402073
:109ED000CDE90500CDE9071001A80321FBF70CFC33
:109EE00010B172B6FEE700BF1CB0B0BD00000000AC
:109EF0004EF6885042F2000CCEF20000C5F2002C63
:109F0000026842F470020260DCF8000000F00F000A
:109F1000062806D8DCF80000072262F30300CCF81C
:109F2000000044F200404EF67F51C5F60200CEF626
:109F3000F621026842F00102026000220261036819
:109F400019400160DCF80010090706D5DCF80010A4
:109F5000072363F30301CCF8001040F20021826173
:109F6000C261C0F20221026281620021C0F2FF11CF
:109F7000C16240F28021C0F201110163426381633A
:109F8000C26301644264016821F4802101600266B9
:109F9000D0F8D410C90448BF7047D0F8D41043F2A9
:109FA000D20241F48051C0F8D41044F20001C5F24D
:109FB00000210A60D0F8D41021F48051C0F8D410E8
:109FC000704700000000000040F2E030C2F20040A4
:109FD000FDF702B90000000040F24010C2F200009C
:109FE000FDF7FAB80000000040F22C40C2F2004039
:109FF000FDF7F2B80000000040F28C10C2F2000041
:10A00000FDF7EAB80000000040F29430C2F20040D0
:10A01000FDF7E2B80000000010B540F6FF32D0F8BE
:10A0200000E0C4F20002904210DCB0F1804F1ED07C
:10A0300040F20043C4F20003984218D040F60003F7
:10A04000C4F20003984212D016E000BF40F600436D
:10A05000C4F2000398420AD040F20043C4F2010364
:10A06000984204D00023C4F20103984204D12EF098
:10A0700070024B6843EA020E4EF2FF3343F6FF7C58
:10A08000C4F20003C4F2010C984213DD60452BDCDE
:10A090004EF20043C4F20003984242D00023C4F2BF
:10A0A000010398423DD040F20043C4F201039842BC
:10A0B00037D03BE040F2FF73C4F20003984227DD43
:10A0C00040F60003C4F2000398422AD040F6004351
:10A0D000C4F20003984224D04EF20003C4F20003FD
:10A0E00098421ED022E000BF44F20003C4F20103F4
:10A0F000984216D044F60003C4F20103984210D0EF
:10A1000044F20043C4F2010398420AD00EE000BFBB
:10A11000B0F1804F05D040F20043C4F200039842F2
:10A1200004D12EF44072CB6843EA020E4B696045BD
:10A130000A688C68C462826212DD44F20002C4F2D2
:10A140000102904217D044F60002C4F2010290428C
:10A1500011D044F20042C4F2010290420BD00CE054
:10A160000022C4F20102904205D040F20042C4F243
:10A170000102904201D109690163016841F00401C3
:10A180000160012141612EF080011943016010BD81
:10A1900001F01F01012303FA01FC036A23EA0C0307
:10A1A000036202FA01F1026A114301627047000082
:10A1B00070B5036A40F20046026A40F4806422F0FF
:10A1C000100202624268D0F818C08D68C4F201061D
:10A1D00023F02003B442D1F800E043EA051308D18C
:10A1E000046A23F0800324F040040462CC6843EA4C
:10A1F000041343F6FF74C4F20104A04212DD44F2DA
:10A200000004C4F20104A04213D044F60004C4F2D6
:10A210000104A0420DD044F20044C4F20104A04263
:10A2200007D00DE00024C4F20104A04201D0B042E6
:10A2300006D1D1E905452C4322F4406242EA84026A
:10A2400048F6FF444260CFF6FF640CEA040646EA93
:10A250000E22826149688163036270BD00000000C4
:10A2600010B543F6FF7ED0F820C0C4F2010E704551
:10A27000D0F820E02EF0010EC0F820E012DD44F20C
:10A28000000EC4F2010E704518D044F6000EC4F260
:10A29000010E704512D044F2004EC4F2010E70451A
:10A2A0000CD011E040F2000EC4F2010E704505D052
:10A2B00040F2004EC4F2010E704505D1D0F820E006
:10A2C0002EF0040EC0F820E04DF6FF7EC4F2000E22
:10A2D0007045D0F818E019DC40F2FF74C4F20004B5
:10A2E000A0422BDD40F60004C4F20004A0423BD0A3
:10A2F00040F60044C4F20004A04235D041F6000408
:10A30000C4F20004A0422FD03CE000BF4FF6FF741F
:10A31000C4F20004A0421BDD0024C4F20104A042E8
:10A3200022D044F20004C4F20104A0421CD040F246
:10A330000044C4F20104A04216D023E0B0F1804FE3
:10A3400012D040F20044C4F20004A0420CD019E044
:10A350004EF20004C4F20004A04205D04EF20044C4
:10A36000C4F20004A0420DD12EF00304224363F393
:10A3700007122CF00A0301F00A01826119440162FC
:10A3800010BD00BF4EF00102F1E700000000000028
:10A39000816A0A070CD4CA0715D18A071ED44A0756
:10A3A00027D4CA0630D48A0639D44A0655D541E0A6
:10A3B0000268D0F838C0536823F4004343EA0C0322
:10A3C0005360CA07E9D00268D0F82CC0536823F460
:10A3D000003343EA0C0353608A07E0D50268D0F8E3
:10A3E00030C0536823F4803343EA0C0353604A07B8
:10A3F000D7D50268D0F834C0536823F4802343EAE9
:10A400000C035360CA06CED50268D0F83CC09368EE
:10A4100023F4805343EA0C0393608A06C5D502688F
:10A42000D0F840C0936823F4005343EA0C039360D0
:10A430004A0612D50268D0F844C0BCF5801F5368A4
:10A4400023F4801343EA0C03536006D1536823F4CA
:10A45000C00C836C43EA0C035360090658BF704775
:10A460000168C06C4A6822F40022104348607047BB
:10A47000B0B582B004460020C4F89000F9F7A8FEF9
:10A48000216805460A68120737D54FF400110022EB
:10A490006FF07E40009020462B4600F0A1FE58B39E
:10A4A000206850E8000F216820F0800041E8000299
:10A4B000F2B1206850E8000F216820F0800041E8E8
:10A4C0000002002A1FBF206850E8000F216820F01A
:10A4D00080001CBF41E80002002A09D0206850E833
:10A4E000000F216820F0800041E80002002AD7D147
:10A4F0002020C4F8880062E021680868400765D51C
:10A500004FF4800100226FF07E40009020462B46E1
:10A5100000F066FE002859D0206850E8000F21683E
:10A5200020F4907041E80002F2B1206850E8000F7A
:10A53000216820F4907041E80002002A1FBF2068C3
:10A5400050E8000F216820F490701CBF41E8000221
:10A55000002A09D0206850E8000F216820F490708C
:10A5600041E80002002AD7D1206850E8020F216894
:10A5700020F0010041E80202F2B1206850E8020F29
:10A58000216820F0010041E80202002A1FBF206874
:10A5900050E8020F216820F001001CBF41E80202D0
:10A5A000002A09D0206850E8020F216820F001003D
:10A5B00041E80202002AD7D12020C4F88C000320F1
:10A5C000002184F8841002B0B0BD00BF2020C4F880
:10A5D0008800C4F88C000020E0662067002184F821
:10A5E000841002B0B0BD0000806BFDF73DBD0000DF
:10A5F000806B0268D0F88830D0F88CC0916809066A
:10A6000056D5212B54D1016851E8001F026821F072
:10A61000C00142E80013FBB1016851E8001F026865
:10A6200021F0C00142E80013002B1FBF016851E870
:10A63000001F026821F0C0011CBF42E80013002B7C
:10A640000AD0016851E8001F026821F0C00142E809
:10A650000013002BD7D100BF016851E8021F026828
:10A6600021F4000142E80213F3B1016851E8021F2E
:10A67000026821F4000142E80213002B1FBF0168A9
:10A6800051E8021F026821F400011CBF42E80213D6
:10A69000002B09D0016851E8021F026821F4000173
:10A6A00042E80213002BD7D12021C0F8881002689D
:10A6B0009168490640F18980BCF1220F40F0858005
:10A6C000016851E8001F026821F4907142E800130C
:10A6D000F3B1016851E8001F026821F4907142E86B
:10A6E0000013002B1FBF016851E8001F026821F40E
:10A6F00090711CBF42E80013002B09D0016851E89B
:10A70000001F026821F4907142E80013002BD7D19A
:10A710004FF6FE7CCEF6FF7C026852E8022F0368FB
:10A7200002EA0C0243E80221F1B1016851E8021F7C
:10A73000026801EA0C0142E80213002B1FBF016806
:10A7400051E8021F026801EA0C011CBF42E8021333
:10A75000002B09D0016851E8021F026801EA0C01D0
:10A7600042E80213002BD7D1C16E012927D101681D
:10A7700051E8001F026821F0100142E80013F3B114
:10A78000016851E8001F026821F0100142E800133F
:10A79000002B1FBF016851E8001F026821F0100163
:10A7A0001CBF42E80013002B09D0016851E8001FCC
:10A7B000026821F0100142E80013002BD7D12021BC
:10A7C000C0F88C100021C1664167D0F8901041F0AC
:10A7D0001001C0F89010FDF747BC00000000000019
:10A7E0008446C069B0F5807FDCF8380000F0AA80AC
:10A7F0000022A0F85E20026852E8002F036822F4CD
:10A80000807243E80021F9B1016851E8001F026835
:10A8100021F4807142E80013002B1FBF016851E84A
:10A82000001F026821F480711CBF42E80013002B56
:10A830000AD0016851E8001F026821F4807142E8E3
:10A840000013002BD7D100BF016851E8021F026836
:10A8500021F0010142E80213F3B1016851E8021F3F
:10A86000026821F0010142E80213002B1FBF0168BA
:10A8700051E8021F026821F001011CBF42E80213E7
:10A88000002B09D0016851E8021F026821F0010184
:10A8900042E80213002BD7D1016851E8021F026879
:10A8A00021F0400142E80213F3B1016851E8021FB0
:10A8B000026821F0400142E80213002B1FBF01682B
:10A8C00051E8021F026821F040011CBF42E8021358
:10A8D000002B09D0016851E8021F026821F04001F5
:10A8E00042E80213002BD7D12021C0F88C10C16E92
:10A8F000012927D1016851E8001F026821F01001E9
:10A9000042E80013F3B1016851E8001F026821F02A
:10A91000100142E80013002B1FBF016851E8001F1F
:10A92000026821F010011CBF42E80013002B09D07F
:10A93000016851E8001F026821F0100142E800138D
:10A94000002BD7D100220267C16E01291AD1A0F8CD
:10A950005E2040F20F42DCF80010C4F20202914285
:10A9600012DC6F22C4F20202914223DC3F22C4F2C5
:10A97000020291423ADC1022C4F2020291425AD001
:10A98000282255E0FEF7E0B840F26F42C4F202021E
:10A9900091421BDC40F23F42C4F2020291422DDCA4
:10A9A00040F21042C4F20202914244D040F22842E6
:10A9B0003EE000BF9F22C4F20202914228DC7022D6
:10A9C000C4F20202914236D0882231E040F29F4226
:10A9D000C4F20202914223DC40F27042C4F202024D
:10A9E000914228D040F2884222E000BF4022C4F2C7
:10A9F000020291421FD058221AE000BF40F24042AA
:10AA0000C4F20202914216D040F2584210E000BF58
:10AA1000A022C4F2020291420DD0B82208E000BF89
:10AA200040F2B842C4F20202914204D040F2A04285
:10AA3000C4F2020291424A68B0F85C1093B28B42B1
:10AA400038BFA0F85E20B0F85E20891A89B2FDF701
:10AA50006BBA0000000000000146806B0122026713
:10AA6000C26E012A1CD1B0F85C205308A0F85E30F9
:10AA700040F20F430968C4F20203994212DC6F23CB
:10AA8000C4F20203994223DC3F23C4F20203994239
:10AA90003ADC1023C4F2020399425AD0282355E02D
:10AAA000FEF75EB840F26F43C4F2020399421BDC2A
:10AAB00040F23F43C4F2020399422DDC40F21043BE
:10AAC000C4F20203994244D040F228433EE000BF62
:10AAD0009F23C4F20203994228DC7023C4F20203CC
:10AAE000994236D0882331E040F29F43C4F20203FA
:10AAF000994223DC40F27043C4F20203994228D009
:10AB000040F2884322E000BF4023C4F2020399428E
:10AB10001FD058231AE000BF40F24043C4F20203A2
:10AB2000994216D040F2584310E000BFA023C4F26F
:10AB3000020399420DD0B82308E000BF40F2B843A9
:10AB4000C4F20203994204D040F2A043C4F20203CB
:10AB5000994249688BB2934298BFA0F85E10B0F852
:10AB60005E10511A89B2FDF7DFB900000000000045
:10AB7000C169806BB1F5807F02D1FEF769B800BF73
:10AB80000021A0F85610016851E8021F026821F068
:10AB9000800142E80213FBB1016851E8021F02681C
:10ABA00021F0800142E80213002B1FBF016851E829
:10ABB000021F026821F080011CBF42E80213002B33
:10ABC0000AD0016851E8021F026821F0800142E8C2
:10ABD0000213002BD7D100BF016851E8001F0268A3
:10ABE00041F0400142E80013F3B1016851E8001F51
:10ABF000026841F0400142E80013002B1FBF0168CA
:10AC000051E8001F026841F040011CBF42E80013F8
:10AC1000002B09D0016851E8001F026841F0400193
:10AC200042E80013002BD7D170470000000000005D
:10AC3000806BFEF759B8000000F05EBE0000000017
:10AC400010B540F2784440F20C51C2F20044C2F216
:10AC5000004140222046FDF783FE2068016841F054
:10AC60001001016010BD000010B5027840F2E4014F
:10AC7000C2F20001A2B140F24C5C0130C2F2004CC1
:10AC80004C888B88013404F07F049C421FBF4B88A2
:10AC90000CF803204C8010F8012B18BF002AEFD1CC
:10ACA000EFF3108472B6087810B184F3108810BDE9
:10ACB00048888A88904209D280208A88904209D0A8
:10ACC00048888A88904209D9488808E048888A8854
:10ACD0009042F5D184F3108810BD00BF80208A888F
:10ACE00001230B70801AC880898840F24C52C2F24E
:10ACF0000042114482B240F27840C2F20040FDF7B7
:10AD00003BFF84F3108810BDF0B583B004460068A3
:10AD100046F6F31640F6004E22696569D4E902133F
:10AD20000A43E7690168CCF6FF762A4331401143B4
:10AD3000C5F6000E394301604168704521F4405169
:10AD400044F2544C41EA03014160A2694FF2FF43CF
:10AD50001CBF216A0A438168C1F2FF131940C5F67E
:10AD6000020C1143816047F6FF32C16AC4F200024F
:10AD700021F00F01656A90424FF0800341EA05011E
:10AD8000C16219DD41F2FF71C4F2010188422DDC7C
:10AD900047F60041C4F20001884257D041F2000159
:10ADA000C4F20101884239D041F20041C4F20101EC
:10ADB000884233D057E000BF44F6FF31C4F20001AF
:10ADC000884237DD44F60041C4F2000188423DD09C
:10ADD00045F20001C4F20001884237D047F6000175
:10ADE000C4F20001884231D03DE000BF41F60001CD
:10ADF000C4F20101884211D041F60041C4F20101C0
:10AE000088420BD070452ED1DCF8041001F0070207
:10AE1000062A80F081800FF2BC3122E0DCF80010BD
:10AE2000C1F3C202062A80F077804CF23041C0F6AE
:10AE3000000116E044F20041C4F20001884205D04E
:10AE400044F60001C4F2000188420CD1DCF8001085
:10AE500001F00702062A80F05F804CF22A41C0F61A
:10AE600000018B181B78704540F60010C0F23D00C1
:10AE700000F05A80B7F5004F40F08480402B4FF02F
:10AE8000010100F29E81DFE813F0410019019C01ED
:10AE90009C011F019C019C019C0127019C019C01BC
:10AEA0009C019C019C019C019C012F019C019C0127
:10AEB0009C019C019C019C019C019C019C019C01AA
:10AEC0009C019C019C019C019C013F019C019C01F7
:10AED0009C019C019C019C019C019C019C019C018A
:10AEE0009C019C019C019C019C019C019C019C017A
:10AEF0009C019C019C019C019C019C019C019C016A
:10AF00009C019C019C019C019C013D01FAF750FDB4
:10AF1000002840F0D680E5E08023704540F6001020
:10AF2000C0F23D007FF4A6AF9A1E01211E2A00F256
:10AF30007780DFE812F01F0046017B0046014601E2
:10AF4000460183004601460146014601460146018D
:10AF500046018D0046014601460146014601460173
:10AF600046014601460146014601460146014601A9
:10AF700046019A00F9F788FA002800F06680656AB1
:10AF800073E000BF402B4FF0010100F21A81DFE8AF
:10AF900013F04100D90018011801DF001801180151
:10AFA0001801E7001801180118011801180118010B
:10AFB0001801EF00180118011801180118011801F3
:10AFC00018011801180118011801180118011801B9
:10AFD0001801FF00180118011801180118011801C3
:10AFE0001801180118011801180118011801180199
:10AFF0001801180118011801180118011801180189
:10B000001801180118011801180118011801180178
:10B010001801FD00FAF7CCFC002840F09680A5E06E
:10B02000402B40F0CE804FF400401EE06846F9F718
:10B03000DBFA019800287FF4A2AF06E06846F9F732
:10B040006BFB019800287FF49AAF0021B9E000BFA4
:10B050005CF8540C800649F20000C0F2D03004D5F0
:10B060005CF8541CC1F3C101C8404CF2464162680F
:10B07000C0F6000131F81510B0FBF1F002EB42010F
:10B0800088424FF00101C0F09C801303984200F207
:10B090009880010E0023000210EB520041F10001E4
:10B0A000F5F734F94FF60052A0F54071C0F20F02E7
:10B0B0009142C0F08080012183E000BFFAF7A8FC34
:10B0C00080B1656A20E000BF6846F9F78DFA019803
:10B0D0000028F6D106E000BF6846F9F71DFB01988D
:10B0E0000028EED100216CE05CF8540C800649F297
:10B0F0000000C0F2D03007D55CF8541CC1F3C10188
:10B10000C84001E04FF400404CF24641C0F6000157
:10B1100031F81510B0FBF1F061684A0802EB40000D
:10B120004FF6EF72B0FBF1F0A0F11001914207D899
:10B130004FF6F0710140C0F3420008443BE000BF0D
:10B1400001213EE0FAF764FC80B1656A20E000BFAF
:10B150006846F9F749FA01980028F6D106E000BFE1
:10B160006846F9F7D9FA01980028EED1002128E0C5
:10B170005CF8540C800649F20000C0F2D03007D5CC
:10B180005CF8541CC1F3C101C84001E04FF4004019
:10B190004CF246416268C0F6000131F81510B0FB70
:10B1A000F1F000EB5200B0FBF2F0A0F110014FF60D
:10B1B000EF72914204D82168C860002101E000BF0D
:10B1C00001214FF00110A0660020C4E91D000846CF
:10B1D00003B0F0BD02040810204000000000000091
:10B1E0002DE9F041804600680D46C7693940491B8A
:10B1F000B1FA81F14909914225D1069C34B3164632
:10B20000611C29D1C1692940491BB1FA81F1490961
:10B21000B14218D1C1692940491BB1FA81F14909EC
:10B22000B14201BFC1692940491BB1FA81F104BF94
:10B230004909B14207D1C1692940491BB1FA81F1DD
:10B240004909B142DED00020BDE8F081F8F7C0FF27
:10B250000320BDE8F08100BF1F4607E0C069284019
:10B26000401BB0FA80F04009B042ECD1F8F7B0FFD3
:10B27000C01BA04200F2B680D8F800000168490760
:10B28000ECD5402D18BF802DE8D0C169090700F129
:10B29000AD80C1690905E1D54FF400610162D8F8BC
:10B2A000000050E8000FD8F8001020F4907041E83A
:10B2B000000222B3D8F8000050E8000FD8F80010C0
:10B2C00020F4907041E80002002A1FBFD8F8000067
:10B2D00050E8000FD8F8001020F490701CBF41E82F
:10B2E0000002002A0BD0D8F8000050E8000FD8F870
:10B2F000001020F4907041E80002002ACFD14FF6F0
:10B30000FE70CEF6FF70D8F8001051E8021FD8F892
:10B310000020014042E802130BB3D8F8001051E8B6
:10B32000021FD8F80020014042E80213002B1FBF83
:10B33000D8F8001051E8021FD8F8002001401CBFC7
:10B3400042E80213002B0AD0D8F8001051E8021F7F
:10B35000D8F80020014042E80213002BD3D1D8F8DE
:10B360006C0001282FD1D8F8000050E8000FD8F861
:10B37000001020F0100041E8000222B3D8F80000CD
:10B3800050E8000FD8F8001020F0100041E800024B
:10B39000002A1FBFD8F8000050E8000FD8F80010AE
:10B3A00020F010001CBF41E80002002A0BD0D8F8A2
:10B3B000000050E8000FD8F8001020F0100041E81D
:10B3C0000002002ACFD12020C8F88C000021C8F844
:10B3D0006C10C8F87410C8F89000032088F8841026
:10B3E000BDE8F0810320BDE8F08100BF08210162C3
:10B3F000D8F8000050E8000FD8F8001020F4907042
:10B4000041E8000222B3D8F8000050E8000FD8F855
:10B41000001020F4907041E80002002A1FBFD8F805
:10B42000000050E8000FD8F8001020F490701CBF06
:10B4300041E80002002A0BD0D8F8000050E8000FC5
:10B44000D8F8001020F4907041E80002002ACFD113
:10B450004FF6FE70CEF6FF70D8F8001051E8021FCC
:10B46000D8F80020014042E802130BB3D8F80010CE
:10B4700051E8021FD8F80020014042E80213002BD7
:10B480001FBFD8F8001051E8021FD8F80020014073
:10B490001CBF42E80213002B0AD0D8F8001051E874
:10B4A000021FD8F80020014042E80213002BD3D13C
:10B4B000D8F86C0001282FD1D8F8000050E8000F10
:10B4C000D8F8001020F0100041E8000222B3D8F8AC
:10B4D000000050E8000FD8F8001020F0100041E8FC
:10B4E0000002002A1FBFD8F8000050E8000FD8F86B
:10B4F000001020F010001CBF41E80002002A0BD011
:10B50000D8F8000050E8000FD8F8001020F0100024
:10B5100041E80002002ACFD12020C8F88C0000208A
:10B52000C8F86C00C8F874000821C8F8901088F8B2
:10B5300084000120BDE8F08180B540F27840C2F27D
:10B5400000400068C169C90603D510210162FFF7F8
:10B5500073FB40F27840C2F20040BDE88040FCF747
:10B5600087BD000000000000FEE7000000000000B2
:10B57000B5EE001A9FED1E2AA0EE021A9FED1E2ABC
:10B58000BDEEC10AB5EE401AF1EE10FA10EE100A47
:10B59000B8BF013800EE100AB8EEC00A31EE400A1A
:10B5A0009FED141A20EE010ABCEEC01A30EE022AFA
:10B5B00011EE100A410A4CF2AC4118BF002000FE07
:10B5C000020AC0F6000101EE100A01EB800090EDC6
:10B5D000012AB8EE411A30EE410AB7EE001A31EEF8
:10B5E000401A20EE020A90ED002AA1EE020A7047EE
:10B5F00083F9223E00000044000000C40000000067
:10B600009FED1E1A20EE010A9FED1E2ABDEEC01A04
:10B61000B5EE400AF1EE10FA11EE100AB8BF01388B
:10B6200001EE100AB8EEC11A30EE410A9FED141A6D
:10B6300020EE010ABCEEC01A30EE022A11EE100A0A
:10B64000410A4CF2AC4118BF002000FE020AC0F6CD
:10B65000000101EE100A01EB800090ED012AB8EE26
:10B66000411A30EE410AB7EE001A31EE401A20EED0
:10B67000020A90ED002AA1EE020A704783F9223EE9
:10B6800000000044000000C484B001200090F8F7DE
:10B6900043FE0020019048F21F70029040F201101A
:10B6A00003906846F8F708FE0420F8F745FEF8F71F
:10B6B000A7FDFEF7B9FBFDF773FCFDF74DFCFDF7A9
:10B6C0003FFDFDF72DFEFDF7F7FDFDF765FEFDF7EC
:10B6D00093FEFDF78DFBFDF7EFFBFDF711FFFDF787
:10B6E000D7FCFDF7E5FE40F248309FED660AC2F256
:10B6F0000040DFED650AC168FEF7C6FAFEF7D4FA2E
:10B7000040F28C10C2F20000FBF78EF840F2E030FD
:10B71000C2F20040FBF788F8F5F7BEF8F5F710F82D
:10B72000FDF726FBFDF7E4FAF5F7C2FCFDF7E8FEAE
:10B73000FFF786FA55A0FFF797FAB2EE08BA9FED29
:10B740005CCA9FED5CDA40F28C059FED5B8AF0EEFF
:10B750004C0A9FED5A9AB0EE4B0A9FED59AAB0EEF3
:10B760004D1AF0EE481AB0EE492AF0EE4A2AC2F21B
:10B77000004505F13400FDF797FF40F2F404B0EE08
:10B780004B0AF0EE4C0AB0EE4D1AF0EE481AB0EE4D
:10B79000492AF0EE4A2AC2F200442046FDF784FF0F
:10B7A000B0EE4D1AF0EE481A9FED460A2846DFED3E
:10B7B000460A9FED462ADFED462AFDF775FFB2EEF9
:10B7C00004BAF6EE0E0ABAEE042A40F21005B0EE04
:10B7D000481AC2F20045F0EE4B1A9FED3E0A284689
:10B7E000FDF79EFF9FED3CCAB0EE481A9FED3BDA95
:10B7F000B0EE4C0AF0EE4D0AF0EE491AB0EE4A2ACD
:10B8000005F11800FDF78CFFB0EE4C0AF0EE4D0A82
:10B81000B0EE481AF0EE491AB0EE4A2A05F13000AF
:10B82000FDF77EFFF7EE000AB0EE480A05F148008A
:10B83000B0EE601AF0EE601AFEF7AEF8B3EE042A2E
:10B84000F1EE040AB0EE480AB0EE4B1AF0EE4B1AD5
:10B8500005F16000F0EE422AFDF796FEF1EE001AC7
:10B86000B0EE483A04F134009FED1D0ADFED1D0AE9
:10B870009FED1D1A9FED1D2ADFED1D2AFEF7B8F87A
:10B88000FEE700BF0000704200409C465541525404
:10B8900020444D4120776974682049444C452B4829
:10B8A000542F54432072656164790D0A0000000032
:10B8B0000030B6450000000017B7D13767900A4244
:10B8C00067900AC29FABAD3B14AE17403333334091
:10B8D000333333C06666E63D71AB6D4300083146D5
:10B8E0005C8FBA405760483CADD19A3D00803B45E3
:10B8F000000061440000000010B540F2582040F202
:10B900000F41C2F20040C4F202010068884211DC1B
:10B910006F21C4F20201884222DC3F21C4F20201FD
:10B92000884239DC1021C4F20201884259D0282112
:10B9300054E000BF40F26F41C4F2020188421BDCB8
:10B9400040F23F41C4F2020188422DDC40F2104136
:10B95000C4F20201884244D040F228413EE000BFD8
:10B960009F21C4F20201884228DC7021C4F2020146
:10B97000884236D0882131E040F29F41C4F2020172
:10B98000884223DC40F27041C4F20201884228D090
:10B9900040F2884122E000BF4021C4F20201884207
:10B9A0001FD058211AE000BF40F24041C4F202010A
:10B9B000884216D040F2584110E000BFA021C4F2E6
:10B9C000020188420DD0B82108E000BF40F2B84122
:10B9D000C4F20201884204D040F2A041C4F2020144
:10B9E0008842D0F804E040F2E400C2F20000CEF158
:10B9F000400C1FFA8CF2038999B28A4208BF10BD2D
:10BA000016D99E44CEF1000414F003042ED04189CF
:10BA1000012C418901F1010101F07F0141811BD11C
:10BA20000133AEF13D0189B2032945D324E000BFC3
:10BA30003F2900F28C80594211F00304194660D06E
:10BA40004189012C418901F1010101F07F0141810E
:10BA500036D1591C55E000BF4189022C418901F1C2
:10BA6000010101F07F01418136D10233AEF13D0188
:10BA700089B2032920D300BF418904339CB2418994
:10BA8000944201F1010101F07F0141814189418925
:10BA900001F1010101F07F0141814189418901F1F9
:10BAA000010101F07F0141814189418901F10101D9
:10BAB00001F07F014181DFD3A0F808C010BD00BFB5
:10BAC0004189022C418901F1010101F07F0141818D
:10BAD00010D1991C15E000BF418903334189013120
:10BAE00001F07F014181AEF13D0189B20329E3D329
:10BAF000C2E700BF41894189013101F07F014181E5
:10BB0000D91C3D3B9BB2032B21D300BF8CB2438990
:10BB100043893C2C01F1040103F1010303F07F038D
:10BB200043814389438903F1010303F07F03438188
:10BB30004389438903F1010303F07F034381438970
:10BB4000438903F1010303F07F034381DED31FFA2E
:10BB50008EF14029B0D0012A98BF0122511E02F077
:10BB6000030E89B2032923D34FF6FC731A40002336
:10BB70004489043399B24489914204F1010404F0E8
:10BB80007F0444814489448904F1010404F07F0462
:10BB900044814489448904F1010404F07F04448110
:10BBA0004489448904F1010101F07F014181DFD121
:10BBB000BEF1000F3FF480AF4189BEF1010F418912
:10BBC00001F1010101F07F0141813FF475AF41892D
:10BBD000BEF1020F418901F1010101F07F014181B4
:10BBE0003FF46AAF41894189013101F07F01418110
:10BBF000A0F808C010BD4100080218BF04200A0EBA
:10BC000018BF40F001004FF07F4232EA010108BF47
:10BC100040F00200012808BF0520704770B54FF0C2
:10BC200068422DED048BF0EE408A18EE900AB0EEDB
:10BC3000608A18EE101A02EB4003B3F1654F3CBF67
:10BC400002EB4102B2F1654F7DD200BFC0F3C75392
:10BC5000C1F3C7529A1A1B2A09DD10F0004F14BF16
:10BC60009FED830A9FED830ABDEC048B70BD12F13A
:10BC70001A0F36DA11F0004F09D010F0004F0CBF48
:10BC80009FED7D0A9FED7D0ABDEC048B70BD88EEB3
:10BC9000889A19EE100AFFF7AEFF042808BF00F0DB
:10BCA000E9FA18EE900AFFF7A6FF054618EE100A0B
:10BCB000FFF7A1FF044619EE100AFFF79CFF042DC1
:10BCC00018BF052D08D1042C18BF052C04D100285D
:10BCD00004BF022000F090FBB0EE490ABDEC048BDB
:10BCE00070BD4200B2EB410F3AD910F0004F19BFBE
:10BCF000DFED630A9FED630ADFED630A9FED630AE0
:10BD0000B0EE481A0A46B1EE688A80F00041F0EEC3
:10BD1000418A10460A1A5200B2F1807F34D248405C
:10BD200010F0004FDFED5A1A9FED5A2A1DBFBEEEEC
:10BD3000001A70EEE10A30EE420AB6EE001A08BFB1
:10BD400070EEA10A00E040E008BF30EE020AB0EE5B
:10BD5000682A01EE482A08EE818AC2EE081A15E028
:10BD600011F0004F04BF9FED4C0AF0EE400AD1D015
:10BD700010F0004F19BFDFED490A9FED490ADFEDD2
:10BD8000490A9FED490AC5E7C8EE881A21EEA11AB3
:10BD90009FED462ADFED462A41EE022A9FED452A15
:10BDA00001EE222ADFED442A41EE022A9FED432ACA
:10BDB000BDEC048B01EE222A21EE811A01EE020A6B
:10BDC00030EE210A30EE200A70BD4FF07F42B2EB18
:10BDD000400F28BFB2EB410F09D2F0EE480AB0EE97
:10BDE000680ABDEC048BBDE8704000F038BA40EA48
:10BDF00001035B0008BF41F0FF410BD0B2EB400FE5
:10BE000008BFB2EB410F08D120F0804008EE900A45
:10BE100021F0804108EE101A18E7B2EB400F12BF74
:10BE20005FEA410340F0FF4001F000413FF40EAFF4
:10BE3000B2EB410F12BF5FEA400200F0004041F058
:10BE4000FF413FF403AF4A0092EA40033FF5FEAEE4
:10BE5000002AACBF9FED1A0A9FED1A0A68EE808A8D
:10BE600028EE008A18EE900A18EE101AEEE600008E
:10BE7000DB0FC9BFDB0FC93FDB0F4940DB0F49C0F8
:10BE80000000C9BF22AAFDB90000C93F22AAFD399E
:10BE90000060ED3EC30ACE3700000000000049C03C
:10BEA00022AA7DBA0000494022AA7D3A2DAD65BD87
:10BEB0008FB8D53D0FB511BE61C84C3EA8AAAABE29
:10BEC0000000804F0000802F10EE101A08B5444A81
:10BED0006846B2EB410F28D94FF0E640B0EB410F76
:10BEE00094BF00204FF0FF3000900098002861DBE5
:10BEF00060EE000A10F0010F45D010F0020FDFEDE8
:10BF0000391A9FED391A00EEA11ADFED381A40EE0A
:10BF1000811A21EEA01AF0EE400A40EE010A08BF95
:10BF2000F1EE600AB0EE600A08BD314B21F000422C
:10BF300093423CD911F0004FDFED2E0A20EE201A7B
:10BF4000DFED2D0A19BF31EE601A71EE200A31EED5
:10BF5000201A71EE600ABDEEE01A11EE100A9FED94
:10BF6000271A00F0030000EEC10A9FED251A009089
:10BF700000EEC10A9FED231A00EEC10A9FED221ABE
:10BF800000EEC10AB1E79FED211A9FED210A10F0E2
:10BF9000020F00EE810A9FED1F1A00EE801AB7EE25
:10BFA000000A00EE810A18BFB1EE400A08BD00F099
:10BFB00069F99AE710EE100A4000B0F17F4F3CBFDC
:10BFC000B7EE000A08BD07D14FF0010000F014FAE7
:10BFD000BDE8084000F046B9BDE8084000F03CB9B3
:10BFE000B61F927E336D4CB9DA82083CA0AA2ABEF5
:10BFF000490E494683F9223F0000004B0000C93F2B
:10C0000000A0FD390020A2331A61342CB93AB2BA2B
:10C01000CA9F2A3DDDFFFFBE10B52DED028BF0EE6D
:10C02000408A18EE900AB0EE608A20F00040C0F11D
:10C03000FF40C00F07D118EE100A20F00040C0F1F9
:10C04000FF40C00F2BD018EE101A18EE900AF4F72C
:10C0500020FA00EE100A10EE100A6FEAD05010F02D
:10C06000FF0F04BFBDEC028B10BD18EE900A00F06C
:10C07000004110EE100A00F00040814204BFBDEC08
:10C08000028B10BD18EE101A10EE100ABDEC028BD8
:10C0900061F31E0000EE900A30EE600A10BD18EE4B
:10C0A000900A4FF07F41B1EB400F1CBF18EE100A11
:10C0B0005FEA4000C7D1012000F09EF9BDEC028B81
:10C0C000BDE8104000F0CEB800B510EE101A2DED0E
:10C0D000028B81B0524A6846B2EB410F2ED94FF025
:10C0E000E640B0EB410F94BF00204FF0FF300090CE
:10C0F0000098B0EE408A00286ADB10F0010F4BD0A8
:10C1000068EE080A9FED471A9FED470A00EE810A84
:10C110009FED461A10F0020F00EE801AB7EE000AEB
:10C1200000EE810A02BF01B0BDEC028B00BD00BF72
:10C1300001B0B1EE400ABDEC028B00BD3C4B21F0DA
:10C140000042934241D911F0004FDFED3A0A20EE50
:10C15000201ADFED390A19BF31EE601A71EE200A9C
:10C1600031EE201A71EE600ABDEEE01A11EE100AEF
:10C170009FED321A00F0030000EEC10A9FED301A65
:10C18000009000EEC10A9FED2F1A00EEC10A9FED4C
:10C190002E1A00EEC10AABE728EE080A9FED2B1A13
:10C1A000DFED2B0A10F0020F40EE010A9FED291A75
:10C1B00000EE201A61EE000AB0EE480A08EE200AEE
:10C1C000B6D101B0BDEC028B00BD00F05BF88FE78B
:10C1D00018EE100A4000B0F17F4F0DD218EE100A91
:10C1E000FFF709FD042808BF00F044F8B0EE480A44
:10C1F00001B0BDEC028B00BD09D1012000F0FCF8BC
:10C2000001B0BDEC028B5DF804EB00F02BB801B07F
:10C21000B0EE480ABDEC028B5DF804EB00F01CB8F0
:10C22000B61F927EB93AB2BACA9F2A3DDDFFFFBE61
:10C23000490E494683F9223F0000004B0000C93FE8
:10C2400000A0FD390020A2331A61342C336D4CB9A3
:10C25000DA82083CA0AA2ABE30EE000A704730EE0F
:10C26000200A7047DFED020A80EEA00A7047000046
:10C27000000000009FED020A20EE000A7047000057
:10C28000000000102DE9F0014FF07F42B2EB410FAA
:10C290009FBF4FF0FF310160BDE8F00170474FF0E4
:10C2A000004242EA0123C1F3C752783A551112F015
:10C2B0001F0C434CCCF120067C44C1F3C752A2F1C1
:10C2C00078024FEA621204EB820254F8254008BF5C
:10C2D000D2E9015612D0556804FA0CF425FA06F793
:10C2E0003C43976805FA0CF527FA06F8D26807FA76
:10C2F0000CFCF24045EA08054CEA0206A4FB034C9C
:10C30000A5FB0352A6FB03631D449D4234BF0126D7
:10C3100000261319334416B1934202D903E0934225
:10C3200001D2012200E00022624402F1200C9206B8
:10C33000DC0C42EA443200EE102A5B03DFED210AF6
:10C34000F8EEC01A00EE103A4FEA9C1C11F0004FB4
:10C35000B8EE400AC0F800C020EE201A00EE105AD5
:10C36000DFED190AB8EE400A20EE200A71EE810ACC
:10C3700070EE800A10EE902A02F500626FF30B0255
:10C3800000EE902A70EEE11A31EEC11ADFED101ABC
:10C3900030EE411A9FED0D0A20EE800A01EE210ACF
:10C3A0009FED0C1A00EE810A04BFBDE8F001704752
:10C3B000CCF180510160BDE8F001B1EE400A704758
:10C3C00048010000000000360000802C22AAFD2950
:10C3D000DB0FC92F0000C92F02E008C8121F08C1D7
:10C3E000002AFAD170477047002001E001C1121FF6
:10C3F000002AFBD170470000014908607047000027
:10C4000000000024000000006E83F9A22915444EAC
:10C41000D15727FCC0DD34F5999562DB4190433C50
:10C42000AB6351FE0604050201030004081020401E
:10C430000104081020400000000001020304010272
:10C4400003040607080901000200040006000800B2
:10C450000A000C00100020004000800000010000D5
:10C4600002000000040000000800000010000000AE
:10C47000FDFFFFFFFBFFFFFFF7FFFFFFEFFFFFFFEA
:10C480000101010307010000080402040801010181
:10C490000000000000000000920A863F920A064059
:10C4A000DB0F4940920A8640368DA740000000000D
:10C4B000920E493CB10AC93C2BC3163D2EFB483DA8
:10C4C000752B7B3D04A9963D80B6AF3D36BDC83D7A
:10C4D0002FBCE13D73B2FA3D87CF093E8340163E43
:10C4E000B5AB223EA2102F3ECF6E3B3EC2C5473EAB
:10C4F0000115543E135C603E7F9A6C3ECCCF783E73
:10C50000C07D823E938E883E229A8E3E32A0943E1B
:10C5100086A09A3EE59AA03E128FA63ED47CAC3E01
:10C52000EF63B23E2A44B83E491DBE3E15EFC33EFE
:10C5300053B9C93ECA7BCF3E4136D53E80E8DA3E8C
:10C540004F92E03E7533E63EBBCBEB3EEA5AF13EFE
:10C55000CBE0F63E275DFC3EE4E7003F3D9C033F19
:10C56000824B063F9BF5083F6B9A0B3FDA390E3F33
:10C57000CDD3103F2A68133FD9F6153FC07F183F2F
:10C58000C6021B3FD17F1D3FCBF61F3F9967223F5D
:10C5900025D2243F5636273F1594293F4AEB2B3F9F
:10C5A000DE3B2E3FBB85303FC9C8323FF304353FE9
:10C5B000233A373F4268393F3B8F3B3FF9AE3D3F1F
:10C5C00067C73F3F70D8413F01E2433F03E4453F27
:10C5D00065DE473F12D1493FF8BB4B3F029F4D3FBD
:10C5E000207A4F3F3D4D513F4918533F31DB543F77
:10C5F000E595563F5348583F6AF2593F1A945B3FBE
:10C60000532D5D3F05BE5E3F2146603F97C5613FAC
:10C610005A3C633F59AA643F880F663FD86B673F17
:10C620003CBF683FA7096A3F0C4B6B3F5E836C3F82
:10C6300093B26D3F9ED86E3F73F56F3F0809713F0F
:10C640005213723F4714733FDD0B743F0BFA743F74
:10C65000C6DE753F07BA763FC58B773FF853783F04
:10C660009812793F9DC7793F02737A3FBE147B3F92
:10C67000CDAC7B3F283B7C3FC9BF7C3FAC3A7D3F84
:10C68000CCAB7D3F23137E3FB0707E3F6DC47E3FB9
:10C69000580E7F3F6D4E7F3FAB847F3F0FB17F3F92
:10C6A00097D37F3F43EC7F3F11FB7F3F0000803FEC
:10C6B00011FB7F3F43EC7F3F97D37F3F0FB17F3F1D
:10C6C000AB847F3F6D4E7F3F580E7F3F6DC47E3FF2
:10C6D000B0707E3F23137E3FCCAB7D3FAC3A7D3FB5
:10C6E000C9BF7C3F283B7C3FCDAC7B3FBE147B3F2A
:10C6F00002737A3F9DC7793F9812793FF853783F8C
:10C70000C58B773F07BA763FC6DE753F0BFA743F9D
:10C71000DD0B743F4714733F5213723F0809713F9A
:10C7200073F56F3F9ED86E3F93B26D3F5E836C3F53
:10C730000C4B6B3FA7096A3F3CBF683FD86B673F14
:10C74000880F663F59AA643F5A3C633F97C5613FD3
:10C750002146603F05BE5E3F532D5D3F1A945B3F0F
:10C760006AF2593F5348583FE595563F31DB543FF5
:10C770004918533F3D4D513F207A4F3F029F4D3F57
:10C78000F8BB4B3F12D1493F65DE473F03E4453FCD
:10C7900001E2433F70D8413F67C73F3FF9AE3D3F9D
:10C7A0003B8F3B3F4268393F233A373FF304353FE5
:10C7B000C9C8323FBB85303FDE3B2E3F4AEB2B3FA3
:10C7C0001594293F5636273F25D2243F9967223FAB
:10C7D000CBF61F3FD17F1D3FC6021B3FC07F183FD6
:10C7E000D9F6153F2A68133FCDD3103FDA390E3FF3
:10C7F0006B9A0B3F9BF5083F824B063F3D9C033FE6
:10C80000E4E7003F275DFC3ECBE0F63EEA5AF13E0E
:10C81000BBCBEB3E7533E63E4F92E03E80E8DA3E1E
:10C820004136D53ECA7BCF3E53B9C93E15EFC33E14
:10C83000491DBE3E2A44B83EEF63B23ED47CAC3EB6
:10C84000128FA63EE59AA03E86A09A3E32A0943E64
:10C85000229A8E3E938E883EC07D823ECCCF783E1B
:10C860007F9A6C3E135C603E0115543EC2C5473E44
:10C87000CF6E3B3EA2102F3EB5AB223E8340163E0C
:10C8800087CF093E73B2FA3D2FBCE13D36BDC83DAE
:10C8900080B6AF3D04A9963D752B7B3D2EFB483DF0
:10C8A0002BC3163DB10AC93C920E493C0000000062
:10C8B000920E49BCB10AC9BC2BC316BD2EFB48BDA4
:10C8C000752B7BBD04A996BD80B6AFBD36BDC8BD76
:10C8D0002FBCE1BD73B2FABD87CF09BE834016BE3F
:10C8E000B5AB22BEA2102FBECF6E3BBEC2C547BEA7
:10C8F000011554BE135C60BE7F9A6CBECCCF78BE6F
:10C90000C07D82BE938E88BE229A8EBE32A094BE17
:10C9100086A09ABEE59AA0BE128FA6BED47CACBEFD
:10C92000EF63B2BE2A44B8BE491DBEBE15EFC3BEFA
:10C9300053B9C9BECA7BCFBE4136D5BE80E8DABE88
:10C940004F92E0BE7533E6BEBBCBEBBEEA5AF1BEFA
:10C95000CBE0F6BE275DFCBEE4E700BF3D9C03BF15
:10C96000824B06BF9BF508BF6B9A0BBFDA390EBF2F
:10C97000CDD310BF2A6813BFD9F615BFC07F18BF2B
:10C98000C6021BBFD17F1DBFCBF61FBF996722BF59
:10C9900025D224BF563627BF159429BF4AEB2BBF9B
:10C9A000DE3B2EBFBB8530BFC9C832BFF30435BFE5
:10C9B000233A37BF426839BF3B8F3BBFF9AE3DBF1B
:10C9C00067C73FBF70D841BF01E243BF03E445BF23
:10C9D00065DE47BF12D149BFF8BB4BBF029F4DBFB9
:10C9E000207A4FBF3D4D51BF491853BF31DB54BF73
:10C9F000E59556BF534858BF6AF259BF1A945BBFBA
:10CA0000532D5DBF05BE5EBF214660BF97C561BFA8
:10CA10005A3C63BF59AA64BF880F66BFD86B67BF13
:10CA20003CBF68BFA7096ABF0C4B6BBF5E836CBF7E
:10CA300093B26DBF9ED86EBF73F56FBF080971BF0B
:10CA4000521372BF471473BFDD0B74BF0BFA74BF70
:10CA5000C6DE75BF07BA76BFC58B77BFF85378BF00
:10CA6000981279BF9DC779BF02737ABFBE147BBF8E
:10CA7000CDAC7BBF283B7CBFC9BF7CBFAC3A7DBF80
:10CA8000CCAB7DBF23137EBFB0707EBF6DC47EBFB5
:10CA9000580E7FBF6D4E7FBFAB847FBF0FB17FBF8E
:10CAA00097D37FBF43EC7FBF11FB7FBF000080BFE8
:10CAB00011FB7FBF43EC7FBF97D37FBF0FB17FBF19
:10CAC000AB847FBF6D4E7FBF580E7FBF6DC47EBFEE
:10CAD000B0707EBF23137EBFCCAB7DBFAC3A7DBFB1
:10CAE000C9BF7CBF283B7CBFCDAC7BBFBE147BBF26
:10CAF00002737ABF9DC779BF981279BFF85378BF88
:10CB0000C58B77BF07BA76BFC6DE75BF0BFA74BF99
:10CB1000DD0B74BF471473BF521372BF080971BF96
:10CB200073F56FBF9ED86EBF93B26DBF5E836CBF4F
:10CB30000C4B6BBFA7096ABF3CBF68BFD86B67BF10
:10CB4000880F66BF59AA64BF5A3C63BF97C561BFCF
:10CB5000214660BF05BE5EBF532D5DBF1A945BBF0B
:10CB60006AF259BF534858BFE59556BF31DB54BFF1
:10CB7000491853BF3D4D51BF207A4FBF029F4DBF53
:10CB8000F8BB4BBF12D149BF65DE47BF03E445BFC9
:10CB900001E243BF70D841BF67C73FBFF9AE3DBF99
:10CBA0003B8F3BBF426839BF233A37BFF30435BFE1
:10CBB000C9C832BFBB8530BFDE3B2EBF4AEB2BBF9F
:10CBC000159429BF563627BF25D224BF996722BFA7
:10CBD000CBF61FBFD17F1DBFC6021BBFC07F18BFD2
:10CBE000D9F615BF2A6813BFCDD310BFDA390EBFEF
:10CBF0006B9A0BBF9BF508BF824B06BF3D9C03BFE2
:10CC0000E4E700BF275DFCBECBE0F6BEEA5AF1BE0A
:10CC1000BBCBEBBE7533E6BE4F92E0BE80E8DABE1A
:10CC20004136D5BECA7BCFBE53B9C9BE15EFC3BE10
:10CC3000491DBEBE2A44B8BEEF63B2BED47CACBEB2
:10CC4000128FA6BEE59AA0BE86A09ABE32A094BE60
:10CC5000229A8EBE938E88BEC07D82BECCCF78BE17
:10CC60007F9A6CBE135C60BE011554BEC2C547BE40
:10CC7000CF6E3BBEA2102FBEB5AB22BE834016BE08
:10CC800087CF09BE73B2FABD2FBCE1BD36BDC8BDAA
:10CC900080B6AFBD04A996BD752B7BBD2EFB48BDEC
:10CCA0002BC316BDB10AC9BC920E49BC000000805E
:10CCB000F0CC00080000002010000000D8C30008DD
:10CCC00000CD00080000002410000000D8C30008B8
:10CCD00000CD000810000020C8050000E8C30008CF
:10CCE00010CD000810000024C0050000E8C30008B3
:10CCF0000090D0030090D0030000704203000000B9
:10CD00000000000001000000100000000000C84208
:04000005080002CD20
:00000001FF
