:020000040800F2
:10000000E8050020E1020008F9960008298E0008A2
:1000100069960008B909000861B6000800000000F0
:10002000000000000000000000000000799D0008B2
:10003000210E00080000000021980008199F000808
:10004000FF020008FF020008FF020008FF0200088C
:10005000FF020008799A0008FF020008FF0200086A
:10006000FF020008FF020008FF020008C1090008A3
:10007000D1090008FF020008FF020008FF02000883
:10008000FF020008FF02000899090008FF020008AB
:10009000FF020008FF020008FF020008FF0200083C
:1000A000FF020008FF020008FF020008FF0200082C
:1000B000FF020008C1A00008D1A00008FF0200084C
:1000C000FF020008FF020008FF020008FF0200080C
:1000D000FF02000831B60008FF020008FF02000816
:1000E000FF020008FF0200080000000001A1000854
:1000F000FF020008FF020008FF020008FF020008DC
:10010000FF020008FF020008E1A00008FF0200084B
:10011000FF020008FF020008F1A00008FF0200082B
:10012000FF020008FF020008FF020008FF020008AB
:10013000FF020008FF020008FF020008FF0200089B
:1001400000000000000000000000000000000000AF
:10015000FF020008FF020008FF020008FF0200087B
:10016000FF020008FF020008FF020008FF0200086B
:10017000FF020008FF020008FF0200080000000064
:10018000FF020008FF020008FF020008FF0200084B
:10019000FF020008FF020008FF020008FF0200083B
:1001A000FF020008FF020008FF0200080000000034
:1001B000FF020008FF020008FF020008FF0200081B
:1001C000FF020008FF02000800000000000000001D
:1001D0000000000000000000FF0200080000000016
:1001E000000000000000000000000000000000000F
:1001F0000000000000000000FF020008FF020008ED
:10020000FF020008FF02000800000000FF020008D3
:10021000FF020008FF020008FF020008FF020008BA
:10022000FF02000800000000FF02000800000000BC
:10023000FF020008FF02000800000000FF020008A3
:10024000FF020008FF020008FF020008FF0200088A
:10025000FF020008FF020008FF020008FF0200087A
:10026000FF020008FF020008FF020008FF0200086A
:10027000FF020008FF020008FF0200080000000063
:10028000FF020008FF020008FF020008FF0200084A
:1002900000000000FF020008FF020008000000004C
:1002A00000000000FF020008FF020008FF02000833
:1002B000FF020008FF020008FF020008FF0200081A
:1002C000FF020008FF020008FF020008DFF80CD060
:1002D00000F066F90048004781B70008E8050020F3
:1002E000074880470748804707480047FEE7FEE782
:1002F000FEE7FEE7FEE7FEE7FEE7FEE7FEE7FEE7D6
:1003000019110008E99F0008CD0200082DE9F05FEF
:100310000546002092469B46884606468146402474
:100320001BE0284641464746224600F06BF85346FC
:100330005A46C01A914110D311461846224600F081
:1003400052F82D1A67EB01084F4622460120002182
:1003500000F049F817EB00094E41201EA4F10104FA
:10036000DFDC484631462A464346BDE8F09FD2B21C
:1003700001E000F8012B491EFBD270470022F6E78E
:1003800010B513460A4604461946FFF7F0FF20460B
:1003900010BDF0B4CA17CB0F50405140C61841F100
:1003A00000054FEAC372314628004FF0960303D090
:1003B000B623F0BC00F03FB830460021F9E73EB567
:1003C000CA17CB0F002450405140C0186141DA07D2
:1003D00040F233430094CDE901232246234600F046
:1003E00090F803B030BD202A04DB203A00FA02F175
:1003F000002070479140C2F1200320FA03F3194313
:1004000090407047202A04DB203A21FA02F00021B4
:10041000704721FA02F3D040C2F120029140084314
:10042000194670470029A8BF7047401C490008BF03
:1004300020F00100704710B4B0FA80FC00FA0CF014
:1004400050EA010404BF10BC704749B1CCF120044C
:1004500021FA04F411FA0CF118BF012121430843D9
:10046000A3EB0C01CB1D4FEA00614FEA102042BF05
:10047000002010BC704700EBC35010440029A4BFFB
:1004800010BC7047401C490008BF20F0010010BCA0
:100490007047F0B400F0004221F0004120F000402D
:1004A000CE0DC30DC1F3160141F40001C0F31600D7
:1004B0004C42154640F40000761E09E010EB440063
:1004C00002D582F0004240428842F7D840005B1ECD
:1004D000B342F9DA18B1F0BC0021FFF7ACBF2846EF
:1004E000F0BC704710B5141E73F1000408DA401C0C
:1004F00041F1000192185B411A4301D120F0010043
:1005000010BD2DE9F04D92469B4611B1B1FA81F232
:1005100002E0B0FA80F220329046FFF764FF044612
:100520000F4640EA0A0041EA0B0153465A46084387
:1005300013D0114653EA010019D0C8F140025046C9
:10054000FFF760FF05460E46504659464246FFF704
:100550004AFF084305D0012004E020463946BDE8A3
:10056000F08D0020054346EAE0762C4337430A9895
:100570006305E40AA0EB08000022FD0A44EA4754A0
:100580000A3002D500200146E9E70105101969414A
:10059000DDE9084500196941BDE8F04DA2E700001A
:1005A000064C074D06E0E06840F0010394E80700C0
:1005B00098471034AC42F6D3FFF78CFEECCF00081E
:1005C0002CD000080000000010B50446006842F27C
:1005D000001140F48070C4F20201884218D142F246
:1005E0000830C4F20200006810F4403F18D005F053
:1005F000B7F96168B1F5803F05D0B1F5403F2BD028
:10060000B1F5003F29D1090CB0FBF1F025E000BFA6
:1006100046F20830C5F60200006810F4403FE6D10B
:100620004FF40020002104F00FF96168A1F5802249
:100630004FEAB2420A2A10D8DFE802F006060606A0
:1006400006063C3E404244006FF0010202EA51417E
:10065000B0FBF1F001E000BF80084BF62141C0F291
:10066000BE01884206D82068816821F4407181600B
:1006700010BD00BF47F64101C0F27D11884207D886
:1006800020680122816862F30921816010BD00BFEA
:1006900021684FF28102C0F2FA229042886805D8A0
:1006A000022262F30920886010BD00BF40F4407050
:1006B000886010BD0009D0E74009CEE78009CCE78B
:1006C000C009CAE7000AC8E7B0B5016804468A68ED
:1006D0008868C0074FF0000031D012F0020218BF46
:1006E000B0BD886800F00D0001281FD14FF6C07220
:1006F0008868C7F6FF7210400230886003200860E7
:1007000003F066FD21688968C90701D10020B0BDEA
:10071000054602E08068C007F8D003F059FD401B91
:1007200003282068F6D38168C907F3D0206E40F013
:1007300010002066606E40F0010060660120B0BDD0
:100740002DE9F04148F2A06740F2901840F20025F0
:100750000026C0F20107C2F20048C2F200450024A0
:100760000921404601F028FA04440921284601F0F5
:1007700023FA013F0644F3D100EE104A01EE106A5D
:1007800040F250009FED082AC2F20000B8EE400A85
:10079000B8EE411A80EE020A80ED000A81EE020AEC
:1007A00080ED010ABDE8F0810050C3470000000061
:1007B00040F250009FED122AC2F2000090ED020AB2
:1007C000B8EE400A90ED001A30EE410A9FED0B1A88
:1007D00020EE010AB7EE041A00EE021AB0EE000A8B
:1007E000B8EE042AA1EE002A9FED060A82EE000A66
:1007F00080ED040A90ED040A704700BF3333534084
:1008000000008039EC51B8BE40F250009FED122A32
:10081000C2F2000090ED030AB8EE400A90ED011A12
:1008200030EE410A9FED0B1A20EE010AB7EE041AD2
:1008300000EE021AB0EE000AB8EE042AA1EE002A79
:100840009FED060A82EE000A80ED050A90ED050A8A
:10085000704700BF3333534000008039EC51B8BEBD
:1008600040F25000C2F2000090ED040A90ED051A2B
:1008700030EE010AB1EE400A80ED060A90ED060A5C
:10088000704700000000000040F25000C2F200007B
:1008900090ED010A70470000B0B540F290144FF09F
:1008A0000111C2F2004440F2FF72204600F0B0FC99
:1008B00040F200254FF00111C2F2004540F2FF72F4
:1008C000284600F0A5FC284601F0EEFD204601F088
:1008D000EBFD284601F090F92046BDE8B04001F05C
:1008E0008BB9000000000000F0B581B0044600683C
:1008F0008168C9074CD14FF6C0778168C7F6FF778A
:1009000007F17F0211420BD0206E40F010002066EC
:10091000606E40F001006066012001B0F0BD00BFD4
:100920008168394041F00101816003F051FC42F2DD
:10093000000346F20836C4F20203216803F5807210
:1009400003F54275C5F60206914208BF2E4699424C
:1009500008BF2E4699420546306816D0914214D100
:1009600010F01F0014D110E08868C00704D1886817
:10097000384040F00100886003F02AFC401B2168E9
:10098000032802D30868C007BED00868C007EBD0B0
:10099000002001B0F0BD000080B540F29010C2F21E
:1009A000004001F025FA40F20020C2F20040BDE80C
:1009B000804001F01DBA0000FEE7000000000000CA
:1009C00040F27020C2F2004002F0EAB900000000DC
:1009D00040F2E820C2F2004002F0E2B9000000005C
:1009E00040F20F42D0F800C0C4F20202944511DC7C
:1009F0006F22C4F20202944522DC3F22C4F20202BA
:100A0000944539DC1022C4F2020294455AD02822BF
:100A100054E000BF40F26F42C4F2020294451BDC76
:100A200040F23F42C4F2020294452DDC40F21042F3
:100A3000C4F20202944545D040F228423EE000BF95
:100A40009F22C4F20202944528DC7022C4F2020202
:100A5000944537D0882231E040F29F42C4F202022E
:100A6000944523DC40F27042C4F20202944529D03E
:100A700040F2884222E000BF4022C4F202029445C4
:100A800020D058221AE000BF40F24042C4F20202D5
:100A9000944517D040F2584210E000BFA022C4F2A3
:100AA000020294450ED0B82208E000BF40F2B842DE
:100AB000C4F20202944505D040F2A042C4F2020200
:100AC000944517D10CF0F8024AF6AB23103ACAF657
:100AD000AA23A2FB03310AA35F2AC1F302115B5CC4
:100AE00040F2FF312CEA0101C36588BF0431816502
:100AF000084670472CF0FF0181650846704700BF2B
:100B0000000610160006101670B540F26F44D0F8BB
:100B100000C0C4F20204D0F858E0A4451ADC9F25B6
:100B2000C4F20205AC4533DC5725C4F20205AC45DE
:100B30005ADC1025C4F20205AC4500F09880282547
:100B4000C4F20205AC4500F092804025C4F20205D3
:100B50008AE000BF45F22F45C5F60205AC452DDC05
:100B600040F2B745C4F20205AC454BDC40F270459B
:100B7000C4F20205AC457AD040F28845C4F20205C1
:100B8000AC4574D040F2A045C4F202056CE000BF51
:100B900040F22745C4F20205AC4543DCA025C4F26F
:100BA0000205AC4563D0B825C4F20205AC455ED061
:100BB00040F21045C4F2020556E000BF45F26B4515
:100BC000C5F60205AC453FDC45F23045C5F60205E9
:100BD000AC454CD045F24445C5F60205AC4546D07F
:100BE00045F258453EE000BF5825C4F20205AC4529
:100BF0003DD07025C4F20205AC4538D08825C4F23A
:100C0000020531E040F2B845C4F20205AC452ED0F1
:100C100045F20845C5F60205AC4528D045F21C450D
:100C200020E000BF40F22845C4F20205AC451ED0CA
:100C300040F24045C4F20205AC4518D040F2584598
:100C4000C4F2020510E000BF45F26C45C5F602058E
:100C5000AC450CD045F29445C5F60205AC4506D02E
:100C600045F28045C5F60205AC4540F0D580456E9D
:100C7000C66E002E866E6E601CBFD0E91C566E607C
:100C8000A44515DC9F24C4F20204A4452CDC57249F
:100C9000C4F20204A44551DC1024C4F20204A445A9
:100CA0007AD02824C4F20204A44575D040246FE011
:100CB00045F22F44C5F60204A44529DC40F2B744AE
:100CC000C4F20204A44545DC40F27044C4F20204BC
:100CD000A44561D040F28844C4F20204A4455BD02C
:100CE00040F2A04454E000BF40F22744C4F20204A2
:100CF000A4453FDCA024C4F20204A4454CD0B8248F
:100D0000C4F20204A44547D040F2104440E000BFC2
:100D100045F26B44C5F60204A44555DC45F2304467
:100D2000C5F60204A44561D045F24444C5F6020468
:100D3000A4455BD045F2584454E000BF5824C4F2A7
:100D40000204A44528D07024C4F20204A44523D090
:100D500088241DE040F2B844C4F20204A4451BD02C
:100D600045F20844C5F60204A4453FD045F21C44B0
:100D700038E000BF40F22844C4F20204A4450BD07E
:100D800040F24044C4F20204A44505D040F2584465
:100D9000C4F20204A4453FD18468C06D00F01F0076
:100DA0003F2505FA00F0CEF80800DCF80000402CE2
:100DB00020F48020CCF80000CCF8043023D0CCF80C
:100DC0000810CCF80C2070BD45F26C44C5F6020446
:100DD000A4450BD045F28044C5F60204A44505D0D5
:100DE00045F29444C5F60204A44515D1C46D80684B
:100DF00004F01F040125402805FA04F4CEF804404D
:100E0000CCF8043004D1CCF80820CCF80C1070BD1C
:100E1000CCF80810CCF80C2070BD000000000000D9
:100E200070470000000000002DE9F0412DED048B1B
:100E300040F2740040F20806C2F20000C2F200065E
:100E400000230068426AD6E90401101A63EB01012D
:100E5000B0F1004371F1000302DB013908E000BF8B
:100E60000123C8F20003C31A71F1FF33B8BF013187
:100E7000D6E90637C018326179414FF00008C6E95B
:100E80000A01C6E90580F161FFF799FA41EC100B00
:100E90009FED571B9FED5A8A20EE010B9FED561BCD
:100EA00080EE010BB7EEC00BF0EE480A0BF032FA01
:100EB00030EE081AB5EE400AB1EE009AF0EE480A9C
:100EC000F1EE10FAB8BFB0EE410A20EE091A86ED35
:100ED0000C0AB0EE410A0BF01DFA06F1200330EEC9
:100EE000081AB5EE400AF1EE10FAB8BFB0EE410AAA
:100EF0000FCB141A83EA010780EA020063EB0105B5
:100F0000384386ED0D0AC6E9082307D0601E75F147
:100F10000000B8BF4FF0010886F80180204629463E
:100F2000FFF737FA01EE100A9FED360A3078B2EE7D
:100F3000042A21EE001A01281CD1B0689FED324A24
:100F400003EE100A00287078B8EE433A23EE043A14
:100F50009FED2E4A84EE033A9FED2D4A04FE033A9C
:100F600000284FF000003070B1EE434A03FE043A0F
:100F700086ED033A40F2140181EE021AC2F20041FA
:100F800084EAE57085EAE5730A78B0EBE57163EB16
:100F9000E570DAB1012A03D196ED031A16E000BF1D
:100FA000D1F163024FF0000282410FD30B3996ED6D
:100FB000032A70F1000003D2B0EE421A06E000BF2F
:100FC00031EE021AB6EE002A21EE021A21EE082AAC
:100FD00086ED101A82EE000A86ED0E0A20EE092A2E
:100FE00086ED0F2ABDEC048BBDE8F08100BF00BF89
:100FF00000000060FB211940000000000088C34091
:10100000DB0FC9400000704200401C45C0E1644C49
:10101000000000000000000040F20801C2F20001E0
:101020004A681AB1821A8A6001220A7048607047C1
:1010300040F20800C2F2000090ED0D0A7047000077
:1010400040F20800C2F2000090ED0C0A7047000068
:1010500040F20800C2F2000090ED0E0A7047000056
:1010600080B540F20800C2F20000D0E90A01FFF7A3
:1010700090F900EE100A80BD40F274000021C2F227
:1010800000000068416240F20800C2F20000C0E9BE
:101090000C11C0E90E110164C0E90411C0E9061188
:1010A000C0E90811C0E90A11C0E9011101807047C7
:1010B00010B540F274043C21C2F20004204605F051
:1010C0000BFE20680024446240F2F830C2F2004077
:1010D00005F0AAFB40F244400821C2F2004005F0AE
:1010E00063FF40F20800C2F20000C0E90C44C0E90E
:1010F0000E440464C0E90444C0E90644C0E908445D
:10110000C0E90A44C0E90144048010BD00000000A9
:1011100072B600BFFEE7000044F60400C5F6020008
:10112000816841F0020181600168890409D4016885
:1011300089045CBF01685FEA814102D401688904C7
:10114000F2D57047000000009FED0A2A20EE823A97
:101150009FED094AA0EE043A30EEC10AA1EE023A30
:101160009FED061A20EE010A80ED003A81ED000A9B
:10117000704700BFABAAAABEABAA2A3F3ACD133F25
:10118000B0B52DED088BB0EE40AAB0EE410A0C468A
:101190000546B0EE418AB0EE609A0AF065FAB0EE0C
:1011A00040BAB0EE480A0AF0A7FA20EE491A2BEE30
:1011B000092AABEE0A1AA0EE0A2A85ED001A84ED80
:1011C000002ABDEC088BB0BDB0B52DED088BB0EE9C
:1011D00040AAB0EE410A0C460546B0EE418AB0EE98
:1011E000609A0AF041FAB0EE40BAB0EE480A0AF04E
:1011F00083FA20EE091A2BEE092AABEE0A1AA0EEAA
:101200004A2A85ED001A84ED002ABDEC088BB0BD9A
:1012100070B582B000230193044690F85C00012869
:1012200002D1022002B070BD012084F85C0020468B
:1012300015460E46FFF748FA216E18B141F010012D
:101240004CE000BF41F202124FF6C0739143C3F667
:10125000FE7302312166216806F4803605F0804570
:101260008A682E4413404FF2FF72C2F2C3523344D5
:1012700003F100438B608B68B3F1FF3F2ADC019BD5
:1012800001330193019B93421DD88B68B3F1FF3F5B
:1012900020DC019B01330193019B934213D88B689F
:1012A000B3F1FF3F16DC019B01330193019B934295
:1012B00009D88B68B3F1FF3F0CDC019B013301932C
:1012C000019B9342D7D9206E40F0100020F002011C
:1012D000012003E0216E012262F301012166002159
:1012E00084F85C1002B070BD00688168826801F00B
:1012F000040102F0080289180AD14FF6FF72C16892
:10130000C7F6DF72114001F10041C1600020704753
:10131000012070470000000070470000000000003E
:101320002DE9F04F81B00022009290F85C20012A54
:1013300006D14FF00208404601B0BDE8F08F00BF73
:101340000269002A4FF0010280F85C2002D04F6A47
:10135000012F19D14A68092A3DD10A68CB6A4FF496
:10136000785707EA524223B103F07C030F6B3B43EB
:101370001A43036844F20006C0F21046DF6C37409F
:101380001743DF64826626E0C66E1EB1836E0022BC
:101390000AE000BFCB6A7A1E23B103F07C030E6B18
:1013A00033431A4300233E46D1E9007505F01F057B
:1013B000C7F38467AF403A43771E42EA0302C0E9AD
:1013C0001A2708D1036844F20006C0F21046DF6C09
:1013D00037403A43DA64036846F2083C4FF6FF7E32
:1013E000C5F6020C9A68C0F20F0E12072AD40A68DA
:1013F000002A13D4ACF54274A3420FD092FAA2F49F
:1014000012EA0E0FB4FA84F408BF940E04F01F021F
:10141000012404FA02F2DC692243DA61DA6891F805
:10142000294091F82A50002C22F440144FEA4552EA
:1014300002D0224305E000BF91F8285044EA055449
:101440002243DA609A689C6802F0040204F00804FF
:10145000121915D1CA6ABAB10A6BAAB191F829203A
:10146000012A19D1026E4FF0010842F020020266F3
:1014700091F83440012C19D01C6924F0020429E0B1
:101480004FF0000894E100BF91F82920012ADA68A2
:1014900003D142F0007202E0DA6822F000724FF0ED
:1014A0000008DA6091F83440012CE5D1ACF54274C3
:1014B000A34200F0CB804FF61D651C69CFF60045B6
:1014C00002272C40CFF6FF77D1E90E56344307EBC5
:1014D00005452C431C610C6807278E68C4F34065E2
:1014E000C4F3045403EB8505A7406A6906FA04F4C3
:1014F000BA43ACF54277BB4242EA04026A6131D09A
:1015000041F20002C5F60042126802F07042B2F1E8
:10151000805F40F091804A69DC680E2505EA54043A
:1015200002FA04F40D69042D00F0D98003F1600281
:101530000E6806F0F84652F8257007F000473C4365
:10154000344342F825400C6991F8215052F8246048
:10155000012D26F0004608BF06F1004642F824603F
:1015600026E100BF4FF604520C69CFF6FF72042C3F
:101570004D695CF802607BD14FF65852CFF6FF728E
:101580005CF802201A6E0E68C2F3846216EA0E043A
:10159000C6F3846596FAA6F6B6FA86F6374608BF0D
:1015A0002F46BA420CD11A6E22F000421A660A681F
:1015B00002EA0E04C2F3846592FAA2F2B2FA82F64B
:1015C0005A6E37465A6E002C08BF2F46C2F384620B
:1015D000BA420CD15A6E22F000425A660A6802EAF8
:1015E0000E04C2F3846592FAA2F2B2FA82F69A6EFF
:1015F00037469A6E002C08BF2F46C2F38462BA4267
:101600000CD19A6E22F000429A660A6802EA0E0431
:10161000C2F3846592FAA2F2B2FA82F6DA6E002C74
:10162000DA6E08BF2E46C2F38462B24240F0C08038
:10163000DA6E22F00042BAE0DA684C69DD68D20660
:101640004FEA550544D405F00E0243E04FF6085426
:10165000CFF6FF745CF8045025F4FF75D1E90E67EE
:1016600035433D4345F002054CF8045033E700BFD5
:10167000ACF52A724FF2000BD1F800A0062752F801
:101680002490C0F2FF3B07EA96060AF0F84A09EAFE
:101690000B07B5400AEB0706354345F0004542F815
:1016A00024500C69CD6952F8246026F080763543C9
:1016B00042F824500C6991F8205052F82460012D12
:1016C00026F0007608BF06F1007642F824606FE04D
:1016D00005F0080294400D69042D7FF427AF1A6EBF
:1016E0001A6E0C6814EA0E0994FAA4F7B7FA87F593
:1016F000C4F384662F4608BF3746C2F38462BA42F9
:101700000FD11A6E04F0F84402F0004222441A6627
:101710000C6804EA0E09C4F3846694FAA4F2B2FADF
:1017200082F55A6E2F465A6EB9F1000F08BF374640
:10173000C2F38462BA420FD15A6E04F0F84402F048
:10174000004222445A660C6804EA0E09C4F3846617
:1017500094FAA4F2B2FA82F59A6E2F469A6EB9F113
:10176000000F08BF3746C2F38462BA420FD1DA6E67
:1017700004F0F84402F000422244DA660C6804EAFD
:101780000E09C4F3846694FAA4F2B2FA82F5DA6E12
:10179000B9F1000FDA6E08BF3546C2F38462AA427F
:1017A00006D1DA6E04F0F84402F000422244DA6610
:1017B0009A68D20740F09681ACF542790D684B45A6
:1017C000CE680DD006F01802D3F8C0102EFA02F23F
:1017D00005EA0E07B9432A401143C3F8C01010E0D0
:1017E0004FF6A85106F01807CFF6FF712EFA07F74B
:1017F00005EA0E042F405CF80120A2433A434CF85E
:1018000001200021C4F2527101F52D02964240F0F0
:10181000138146F20002C5F6020293423CD042F226
:101820000012C4F20202934226D042F20002C4F235
:101830000202934246D11F22C1F2F04295426BDD73
:1018400040F2FF72C2F63062954243DD40F600027C
:10185000C2F63062954200F0BF8041F20002C3F24E
:101860006022954200F08C800022C4F22132954221
:1018700000F0CD80B6E000BF1F21C1F2F0418D42E3
:1018800022DC0721C0F690418D4259DC0221C0F2D2
:1018900030418D424AD165E01F21C1F2F0418D42B5
:1018A00024DC0721C0F690418D426FDC0221C0F29A
:1018B00030418D4256D00421C0F660018D423AD0AD
:1018C0009AE000BF0021A2E040F2FF71C2F6306151
:1018D0008D4249DC2021C1F2F0418D423CD040F2E2
:1018E0000041C2F600218D4211D07BE040F2FF7131
:1018F000C2F630618D425DDC2021C1F2F0418D42A3
:101900002AD040F20041C2F600218D4274D140F647
:101910000001C2F630617AE00721C0F690418D42A5
:101920000EDC0221C0F230418D421BD00421C0F6F2
:1019300060018D4256D14021C1F6201167E000BF01
:101940000821C0F690418D4230D01021C1F2C00173
:101950008D4225D046E000BF40F20021C2F2B051D6
:1019600055E000BF012152E040F60001C2F63061AF
:101970008D4231D041F20001C3F260218D4231D15C
:1019800042F20001C3F2906141E000BF0821C0F6BD
:1019900090418D420AD01021C1F2C0018D422BD15D
:1019A00040F20011C2F2801131E000BF8021C1F687
:1019B00050512CE040F60001C2F630618D420BD050
:1019C00042F20001C3F290618D4215D144F2000150
:1019D000C3F6C0211BE000BF41F20001C3F2602149
:1019E00015E000BF00220021C4F68432954204BFF6
:1019F0000021C4F6B8710AE044F200020021C3F6E7
:101A0000C022954204BF48F20001C3F6F0614B4585
:101A100012D091FAA1F24FF6C137B2FA82F2C0F2B7
:101A20000A07394208BF8A0E02F01F01012202FA9A
:101A300001F1DA691143D961B5F1FF3F52DC42F29D
:101A4000001243F48071C4F20202914242F200019A
:101A5000C4F2020138D18A68D1F808711743FA0735
:101A60003AD101F5807201F542779342624608BF90
:101A70003A468B4240F2000108BF3A46CCF252711E
:101A800017688D4207F0E07108BF17F4000231D0EB
:101A90000022CCF22132954208BF17F0807245D067
:101AA0000022CCF6843295421CD117F4800208BF84
:101AB0004B4517D1DCF8002022F0E072114341F4CD
:101AC0008001CCF800100DE04FF60052CFF6FF7207
:101AD0005CF80270FA07C4D0016E4FF0010841F0C3
:101AE00020010166002180F85C10404601B0BDE88D
:101AF000F08F00BF4B45F5D1DCF8002022F0E072FA
:101B0000114342F6635241F40001CCF8001040F258
:101B10000801C0F23E52C2F2004109688909A1FBE6
:101B200002129109022202EB41010DE04B45D9D18D
:101B3000DCF8002022F0E072114341F08071CCF813
:101B40000010CFE700990139009100990029C9D010
:101B500000990139009100990029C3D000990139F9
:101B60000091009900291FBF009901390091009947
:101B700018BF0029B6D0E5E710B542F200010068B1
:101B8000C4F20201884218BF10BD40F29010092132
:101B9000C2F2004000F010F840F250040921C2F2F5
:101BA0000004A06040F20020C2F2004000F004F8FF
:101BB000E06010BD0000000040F20F1291420DD015
:101BC00040F2152291420DD040F21B320068914242
:101BD00014BF80308C300068704700BF00688430CC
:101BE0000068704700688830006870470000000097
:101BF000704700000000000070B542F2001546F288
:101C00000833C4F202050446006805F50272C5F601
:101C10000203A5F58071A84208BF1346884208BF99
:101C200013461E688168090710D4C168C06C10F49F
:101C3000C07F07D1002905D4206E40F02000206627
:101C4000012070BD94F85C00012801D1022070BD14
:101C5000012084F85C002046FEF746FE20B10021FA
:101C600084F85C1070BD00BF206EC00502D4002057
:101C700003E000BF606E20F00800606643F20101DF
:101C8000206E884306F01F0100F580502066206812
:101C9000A84200D119B9226E22F480122266602275
:101CA0000260002284F85C20C268920203D5426878
:101CB00042F48062426062696FF04003082A4FF08C
:101CC000200208BF6FF02003466808BF402233405F
:101CD00043604368A84242EA0302426007D10729F1
:101CE00012D8012202FA01F111F0C10F0CD0C16823
:101CF000890107D44FF6C0728168C7F6FF721140A0
:101D000008318160002070BD206E40F48010206694
:101D1000002070BD000000007047000000000000BF
:101D20007047000000000000B0B582B090F85C2061
:101D3000012A03D10221084602B0B0BD42F20832A6
:101D400000230193C4F202020093A2F542740368D7
:101D5000A34227D14FF6006E4FF60055CFF6FF7E17
:101D6000CFF6FF7552F80E40535923435B0719D441
:101D7000D1F800C01368BCF1000F23F440441DD01B
:101D80004B6823431360535952F80E502B43DB0723
:101D900022D1136840F61F75AB438968194341EAA5
:101DA0000C0116E0016E41F02001016601210022C4
:101DB00080F85C20084602B0B0BD00BF14605159E5
:101DC00052F80E301943C90708D1116840F61F7345
:101DD000994311600021EAE70021E8E70021E6E7E6
:101DE0007047000000000000704700000000000085
:101DF0002DE9F04F81B046F2083942F20002C5F6F3
:101E00000209C4F202020446006802F5807A02F573
:101E1000427B4946504508BF5946904208BF594643
:101E200006684568B2070F680FD515F002010CD09F
:101E3000206EC00603D4206E40F400602066204669
:101E4000FFF76AFA206802210160710707F01F0896
:101E500002D515F0040104D131074DD515F0080164
:101E60004AD0214651F8602FD20603D40A6842F4C2
:101E700000720A60C26812F4406F37D142F2000368
:101E80000246C4F20203504508BF1A46B8F1090FD2
:101E9000134608BF0346B8F1050F08BF0346B8F163
:101EA000000F08BF0346824208BF1346DA68920457
:101EB0001CD40268120719D5826852070CD44268F4
:101EC00022F00C024260086820F480700860086804
:101ED000C00407D50AE000BF206E04F1640140F0A1
:101EE00010002066086840F0010008602046FFF7F7
:101EF00077FF20680C210160B10602D515F02001A2
:101F000004D171062FD515F040012CD0214651F88F
:101F1000602FD20603D40A6842F400520A6042F2EB
:101F200000020346C4F20202504508BF1346B8F14E
:101F3000070F1A4608BF0246B8F1060F08BF02464F
:101F4000B8F1000F08BF0246834208BF1A46C36CAF
:101F500013F4C07FC368D26876D02046FFF70CFE2A
:101F600020686021016031060CD515F0800109D090
:101F7000206E40F480302066204600F021FA206870
:101F800080210160F1050DD515F480710AD0206E15
:101F900040F4003020662046FFF7BEFE20684FF474
:101FA00080710160B1050DD515F400710AD0206E65
:101FB00040F4802020662046FFF7B2FE20684FF4F0
:101FC00000710160F10624D515F0100121D0E16BFC
:101FD00089B1B8F1000F59D042F20001504508BF55
:101FE000D946C4F20201884208BFD946D9F8001088
:101FF00011F4404F0BD0206E40F480602066606E7C
:1020000040F0020060662046FFF7EEFE20681021D7
:102010000160710514D515F4806111D0216E41F471
:1020200080412166616E41F0080161664FF4806174
:102030000160204601B0BDE8F04FFFF7D9BD00BFF9
:1020400001B0BDE8F08F00BF970106D503F44063EF
:1020500002F40057DB197FF480AF03685B067FF55D
:102060007CAF12F400127FF478AF8268120711D4AB
:10207000426822F060024260086820F480500860E4
:102080000868C0053FF569AF0AE000BFC16889076D
:10209000B1D1BCE7206E04F1640140F0100020666D
:1020A000086840F00100086057E7000000000000E9
:1020B000F0B581B0044600284FF0000000902DD00C
:1020C000206E30B9204600F07FF90020606684F869
:1020D0005C002068816889004FF6C071C5F6FF7109
:1020E00002D582680A4082608268D20031D4826858
:1020F00001F18051114042F6635241F080518160FC
:1021000040F20801C0F23E52C2F20041096889095A
:10211000A1FB0212012101EB921105E001252846E5
:1021200001B0F0BD009901390091009989B1009981
:1021300001390091009961B100990139009100992C
:1021400000291FBF009901390091009918BF00298B
:10215000E8D18168C90009D4216E012541F0100140
:102160002166616E41F00101616600E00025816831
:10217000226E02F0100201F004018918216E59D17B
:1021800021F4817146F2100C023121668168C5F696
:10219000020CC90724D142F2001240F48071C4F24B
:1021A0000202914242F20001C4F2020140F0F080CA
:1021B0008A68D1F808311A43D20711D101F580722B
:1021C00001F5427390421A4618BF0CF53E728842E0
:1021D00008BF1A466168136823F47C131943116021
:1021E000617EE36BACF11006B04243EA413329D083
:1021F000A168194394F82030012B41EA034306D12A
:10220000616A0022CFF6FE7202EB41410B43A16AE4
:1022100021B101F47871E26A11430B43B0421FD03F
:102220004CF20302C168CFF6F07211401943C1604D
:1022300028E000BF41F0100001252066284601B0CB
:10224000F0BD00BFA168D4F80CE0082900F0A6801A
:102250000C2900F0A5801C2940F0A4801021A4E0E6
:1022600044F207025CF8041CCFF6F07211401943E7
:102270004CF8041CDCF80010626B21F04061114343
:10228000CCF800108168826801F0040102F00802B5
:10229000891869D1217EB0424FEA813126D0226B64
:1022A000C36844F20307BB431A431143C16094F867
:1022B0004410012948D14FF61E020169CFF60042B1
:1022C0000126D4E912371140CFF6FF7606EB03431F
:1022D0003943276D1943636D3943226C19430161FA
:1022E000016921F07041114301613AE05CF8042C6E
:1022F00094F8383044F2030E94F8447022EA0E0247
:1023000042EA4302012F41EA02014CF8041C1BD1AE
:102310004FF61E01DCF80000CFF600410840D4E97A
:1023200012120843216D1043626D0843216C104363
:1023300040F00100CCF80000DCF8000020F0704014
:102340000843CCF800000FE00169B04221F0010120
:1023500001610169226C21F0704141EA02010161D1
:1023600002D02046FEF730F920682169026B01296E
:1023700022F00F0102D1E269013A11430163012108
:10238000206E61F301002066284601B0F0BD00BF59
:102390005CF8082CD2073FF411AF21E7002104E0DC
:1023A000082102E0182918BF002141EA0E01194353
:1023B00094F82030012B41EA03433FF421AF26E794
:1023C000704700000000000080B586B042F20012A5
:1023D0000068C4F20202002190420591CDE9031188
:1023E000CDE9011128D042F20001C4F20201884275
:1023F00058D140F28C1144F2D840C2F20041C5F6E7
:1024000002000A68002A02F101020A6008D101688C
:1024100041F020010160016801F020010091009964
:10242000816841F020018160806800F02000009008
:1024300000984FF4006021E040F28C1144F2D84043
:10244000C2F20041C5F602000A68002A02F1010248
:102450000A6008D1016841F020010160016801F0C3
:10246000200100910099816841F02001816080681D
:1024700000F02000009000984FF4005001900320DD
:1024800002900020039041F20040C5F6020001A92D
:1024900001F0A6FD12200121002201F08DFF122083
:1024A00001F076FF06B080BDF0B581B042F20005C4
:1024B00046F20832C4F202050446006805F580764B
:1024C00005F54271C5F60202B04208BF0A46A842AD
:1024D00008BF0A4617688068400703D494F85C0078
:1024E000012803D1022001B0F0BD00BF012084F813
:1024F0005C002046FEF7F8F920B1002184F85C105A
:1025000001B0F0BD206807F01F01B04240F6017332
:1025100018BF0546226E2F1A22EA0303B7FA87F77F
:1025200003F580737A09236600D119B9236E23F469
:1025300080132366236E0027DB044FF0000344BFA3
:10254000676E27F0060767664FF01C07076084F880
:102550005C3042B9092919D8012202FA01F140F28E
:102560002122114212D0C168890104D5216E0122B5
:1025700062F30D3121664FF6C0728168C7F6FF72B3
:10258000114004318160002001B0F0BD206E40F4A4
:1025900080102066E8688001F5D5206E012161F386
:1025A0000D302066002001B0F0BD000000000000EA
:1025B0002DE9F041044601F00BFE3CB3054694F8CA
:1025C0003500022826D1276840F20F46C4F20206E1
:1025D00040F26F483868B74220F0010038606FF071
:1025E0000E00C4F202081DDC6F21C4F202018F420A
:1025F0002ADC3F21C4F202018F4241DC1021C4F2E7
:1026000002018F4263D028215CE000BF0120BDE8B9
:10261000F08100BF802060650120002184F8341023
:10262000BDE8F08147451BDC40F23F41C4F20201A6
:102630008F422DDC40F21041C4F202018F4246D09D
:1026400040F228413EE000BF9F21C4F202018F42C8
:1026500028DC7021C4F202018F4238D0882131E099
:1026600040F29F41C4F202018F4223DC40F27041EC
:10267000C4F202018F422AD040F2884122E000BF1A
:102680004021C4F202018F4221D058211AE000BF3C
:1026900040F24041C4F202018F4218D040F258414A
:1026A00010E000BFA021C4F202018F420FD0B82178
:1026B00008E000BF40F2B841C4F202018F4206D0E8
:1026C00040F2A041C4F202018F42394607D1394697
:1026D000386820F01E0041F8140B6FF080000A6883
:1026E000474500EA020008601ADC9F20C4F202009D
:1026F000874233DC5720C4F2020087425ADC1020A4
:10270000C4F20200874200F097802820C4F2020041
:10271000874200F091804020C4F202008AE000BFAE
:1027200045F22F40C5F6020087422DDC40F2B7404B
:10273000C4F2020087424BDC40F27040C4F2020057
:10274000874279D040F28840C4F20200874273D0B9
:1027500040F2A040C4F202006CE000BF40F227400B
:10276000C4F20200874243DCA020C4F20200874288
:1027700062D0B820C4F2020087425DD040F210401F
:10278000C4F2020056E000BF45F26B40C5F60200FD
:1027900087423FDC45F23040C5F6020087424BD00D
:1027A00045F24440C5F60200874245D045F2584004
:1027B0003EE000BF5820C4F2020087423CD07020A7
:1027C000C4F20200874237D08820C4F2020031E010
:1027D00040F2B840C4F2020087422DD045F20840D2
:1027E000C5F60200874227D045F21C4020E000BF1A
:1027F00040F22840C4F2020087421DD040F240401F
:10280000C4F20200874217D040F25840C4F20200DE
:1028100010E000BF45F26C40C5F6020087420BD0C5
:1028200045F29440C5F60200874205D045F280404B
:10283000C5F60200874205D1206E016821F480713F
:10284000016000BF3868C00710D001F0C1FC401B18
:102850000628F7D320206065032084F83500012086
:10286000002184F83410BDE8F08100BF2068B04238
:1028700010DC6F21C4F2020188421DDC3F21C4F24A
:102880000201884234DC1021C4F20201884255D092
:1028900028214FE040451BDC40F23F41C4F20201D9
:1028A00088422DDC40F21041C4F20201884245D03A
:1028B00040F228413EE000BF9F21C4F2020188425D
:1028C00028DC7021C4F20201884237D0882131E02F
:1028D00040F29F41C4F20201884223DC40F2704181
:1028E000C4F20201884229D040F2884122E000BFB0
:1028F0004021C4F20201884220D058211AE000BFD2
:1029000040F24041C4F20201884217D040F25841DF
:1029100010E000BFA021C4F2020188420ED0B8210D
:1029200008E000BF40F2B841C4F20201884205D07D
:1029300040F2A041C4F2020188425BD1D4E91612F0
:1029400002F01F023F2303FA02F28A6040455BDC7B
:102950009F21C4F20201884214DC5721C4F2020113
:10296000884227DC1021C4F20201884200F0A280D4
:102970002821C4F20201884200F09C804021C4F268
:10298000020195E040F22741C4F2020188421FDCB7
:10299000A021C4F20201884200F08C80B821C4F268
:1029A0000201884200F0868040F21041C4F2020128
:1029B0007EE000BF5821C4F2020188427AD0702123
:1029C000C4F20201884275D08821C4F202016FE08E
:1029D00040F22841C4F2020188426BD040F24041EB
:1029E000C4F20201884265D040F25841C4F20201AB
:1029F0005EE000BFD4E9161202F01F02012303FAC1
:102A000002F24A604045A3DD45F22F41C5F60201BE
:102A1000884217DC40F2B741C4F20201884227DC49
:102A200040F27041C4F20201884243D040F2884132
:102A3000C4F2020188423DD040F2A041C4F202013A
:102A400036E000BF45F26B41C5F6020188421FDC4B
:102A500045F23041C5F6020188422BD045F244418F
:102A6000C5F60201884225D045F258411EE000BF5C
:102A700040F2B841C4F2020188421BD045F208413D
:102A8000C5F60201884215D045F21C410EE000BF98
:102A900045F26C41C5F6020188420BD045F29441E3
:102AA000C5F60201884205D045F28041C5F6020113
:102AB00088420BD1616EA26EE06E4A6030B101684F
:102AC00021F480710160D4E91C014160012084F887
:102AD00035000020002184F83410BDE8F0810000AA
:102AE00080B5D8B190F83510022919D140F20F42C3
:102AF0000168C4F20202914216DC6F23C4F20203A1
:102B0000994227DC3F23C4F2020399423EDC1023A2
:102B1000C4F2020399425FD0282359E0012080BD0E
:102B200080214165012080BD40F26F43C4F2020361
:102B300099421BDC40F23F43C4F2020399422DDC70
:102B400040F21043C4F20203994245D040F22843B8
:102B50003EE000BF9F23C4F20203994228DC7023A9
:102B6000C4F20203994237D0882331E040F29F43F8
:102B7000C4F20203994223DC40F27043C4F2020320
:102B8000994229D040F2884322E000BF4023C4F29A
:102B90000203994220D058231AE000BF40F240437C
:102BA000C4F20203994217D040F2584310E000BF2C
:102BB000A023C4F2020399420ED0B82308E000BF5C
:102BC00040F2B843C4F20203994205D040F2A04358
:102BD000C4F20203994275D191424FF0040280F889
:102BE000352011DC6F20C4F20200814222DC3F203C
:102BF000C4F20200814239DC1020C4F2020081429A
:102C000059D0282054E000BF40F26F40C4F20200C7
:102C100081421BDC40F23F40C4F2020081422DDCC5
:102C200040F21040C4F20200814244D040F22840F9
:102C30003EE000BF9F20C4F20200814228DC7020E9
:102C4000C4F20200814236D0882031E040F29F4039
:102C5000C4F20200814223DC40F27040C4F2020060
:102C6000814228D040F2884022E000BF4020C4F2D8
:102C7000020081421FD058201AE000BF40F24040BD
:102C8000C4F20200814216D040F2584010E000BF6A
:102C9000A020C4F2020081420DD0B82008E000BF9D
:102CA00040F2B840C4F20200814204D040F2A04099
:102CB000C4F202008142086820F001000860002090
:102CC00080BD00BF0A6822F001020A6045F2574247
:102CD000C5F6020291420A6822F00E020A600FDC79
:102CE00045F22F42C5F60202914219DC45F2084234
:102CF000C5F60202914229D045F21C4222E000BFF3
:102D000045F27F42C5F60202914213DC45F2584279
:102D1000C5F60202914219D045F26C4212E000BFA2
:102D200045F23042C5F6020291420FD045F24442CC
:102D300008E000BF45F29442C5F60202914205D078
:102D400045F28042C5F6020291421AD1D0E9181C20
:102D5000D0E916E30A6822F480720A6003F01F01CA
:102D6000012202FA01F1CEF80410816ECCF80410B1
:102D7000C16E31B10A6822F480720A60D0E91C1277
:102D80004A60012180F83510026D002180F834106E
:102D90000AB190470021084680BD000000000000F5
:102DA0002DE9F04782B00021019140F2080104466C
:102DB000C2F2004148F2B512C1F64E32A56D096863
:102DC00040F26F490068C4F20209A1FB02184845AD
:102DD0002E68296816DC9F21C4F2020188422DDC8E
:102DE0005721C4F20201884252DC1021C4F20201D0
:102DF00088427CD02821C4F20201884277D0402149
:102E000070E000BF45F22F42C5F60202904229DC75
:102E100040F2B742C4F20202904245DC40F27041F7
:102E2000C4F20201884262D040F28841C4F2020139
:102E300088425CD040F2A04154E000BF40F22741FC
:102E4000C4F2020188423FDCA021C4F202018842A0
:102E50004DD0B821C4F20201884248D040F210415E
:102E600040E000BF45F26B42C5F60202904275DCBD
:102E700045F23042C5F60202904200F0828045F2EF
:102E80004442C5F6020290427BD045F2584273E0BC
:102E90005821C4F20201884229D07021C4F20201F3
:102EA000884224D088211DE040F2B842C4F20202D8
:102EB00090421CD045F20842C5F60202904260D012
:102EC00045F21C4258E000BF40F22841C4F2020122
:102ED00088420CD040F24041C4F20201884206D040
:102EE00040F25841C4F20201884240F05A83E16D39
:102EF000082201F01F0140F20F4A8A40C4F2020A80
:102F0000324200F0E68050454FF0040312DC6F2798
:102F1000C4F20207B8426FDC3F27C4F20207B8428E
:102F200000F3A4801027C4F20207B84200F0C58065
:102F30002827BDE048456BDC40F23F47C4F202075A
:102F4000B84200F39B8040F21047C4F20207B84237
:102F500000F0B38040F22847AAE000BF45F26C427F
:102F6000C5F6020290420CD045F28042C5F602023C
:102F7000904206D045F29442C5F60202904240F0DB
:102F800010830268E36D03F01F0304279F400F4284
:102F900018BF12F0040621D102279F400F4218BF2C
:102FA00012F002064CD1D940090740F1FA8212F022
:102FB000080100F0F682016821F00E010160012095
:102FC00000FA03F16960606584F835000020E16C67
:102FD00084F83400002940F0DC82E2E211046F60E2
:102FE00026D4910603D4016821F004010160216C0C
:102FF000002940F0CE82D4E29F27C4F20207B842F3
:1030000046DC7027C4F20207B84256D088274FE04A
:1030100040F29F47C4F20207B84241DC40F27047D9
:10302000C4F20207B84248D040F2884740E000BFEF
:10303000D00300F1B382216C002940F0AA82B0E2F3
:1030400011046F6000F1B482910609D4016821F087
:103050000A010160012084F83500002084F8340062
:10306000E16B002940F095829BE200BF4027C4F24B
:103070000207B84221D058271AE000BF40F240476B
:10308000C4F20207B84218D040F2584710E000BF1F
:10309000A027C4F20207B8420FD0B82708E000BF4B
:1030A00040F2A047C4F20207B84206D040F2B84747
:1030B000C4F20207B84218BF082307681F4208D0AD
:1030C000036823F004030360AA60626D42F001020A
:1030D000626501228A4032426FD0504510DC6F2376
:1030E000C4F2020398421DDC3F23C4F2020398425B
:1030F00034DC1023C4F20203984256D028234FE058
:1031000048451BDC40F23F43C4F2020398422DDCE9
:1031100040F21043C4F20203984246D040F22843E2
:103120003EE000BF9F23C4F20203984228DC7023D4
:10313000C4F20203984238D0882331E040F29F4322
:10314000C4F20203984223DC40F27043C4F202034B
:1031500098422AD040F2884322E000BF4023C4F2C4
:103160000203984221D058231AE000BF40F24043A6
:10317000C4F20203984218D040F2584310E000BF56
:10318000A023C4F2020398420FD0B82308E000BF86
:1031900040F2A043C4F20203984206D040F2B84382
:1031A000C4F20203984240F0098243691B0604D529
:1031B000AA60626D42F00202626504228A403242D5
:1031C0006FD0504510DC6F23C4F2020398421DDC1F
:1031D0003F23C4F20203984234DC1023C4F20203FA
:1031E000984256D028234FE048451BDC40F23F432D
:1031F000C4F2020398422DDC40F21043C4F20203F1
:10320000984246D040F228433EE000BF9F23C4F2DC
:103210000203984228DC7023C4F20203984238D09B
:10322000882331E040F29F43C4F20203984223DC3A
:1032300040F27043C4F2020398422AD040F288431D
:1032400022E000BF4023C4F20203984221D0582359
:103250001AE000BF40F24043C4F20203984218D083
:1032600040F2584310E000BFA023C4F2020398428A
:103270000FD0B82308E000BF40F2A043C4F202031D
:10328000984206D040F2B843C4F20203984240F09C
:103290009D8103689B0704D5AA60626D42F0040219
:1032A0006265102202FA01F1314200F0818050453E
:1032B0004FF0080210DC6F23C4F2020398421DDCB9
:1032C0003F23C4F20203984234DC1023C4F2020309
:1032D000984256D028234FE048451BDC40F23F433C
:1032E000C4F2020398422DDC40F21043C4F2020300
:1032F000984246D040F228433EE000BF9F23C4F2EC
:103300000203984228DC7023C4F20203984238D0AA
:10331000882331E040F29F43C4F20203984223DC49
:1033200040F27043C4F2020398422AD040F288432C
:1033300022E000BF4023C4F20203984221D0582368
:103340001AE000BF40F24043C4F20203984218D092
:1033500040F2584310E000BFA023C4F20203984299
:103360000FD0B82308E000BF40F2A043C4F202032C
:10337000984206D040F2B843C4F20203984218BF04
:1033800004220368134213D0A9600168490301684D
:1033900008D4C90508D4016821F008010160216C36
:1033A00021B905E008034FD4216C09B120468847B4
:1033B000E06D00F01F01202000FA01F2324200F01F
:1033C000AB8020681023504510DC6F27C4F2020741
:1033D000B8421DDC3F27C4F20207B84238DC102790
:1033E000C4F20207B8425AD0282753E048451BDCF4
:1033F00040F23F47C4F20207B84231DC40F21047C6
:10340000C4F20207B8424AD040F2284742E000BF67
:103410009F27C4F20207B8422CDC7027C4F20207CF
:10342000B8423CD0882735E040F29F47C4F20207FB
:10343000B84227DC40F27047C4F20207B8422ED0EF
:1034400040F2884726E000BFA16C0029AED1AFE76B
:103450004027C4F20207B84221D058271AE000BF23
:1034600040F24047C4F20207B84218D040F2584731
:1034700010E000BFA027C4F20207B8420FD0B8275F
:1034800008E000BF40F2A047C4F20207B84206D0ED
:1034900040F2B847C4F20207B84218BF02230768D7
:1034A0001F4239D0AA6094F83520042A02681BD143
:1034B00022F016020260426922F080024261226C10
:1034C0000AB9A26C1AB1026822F0080202603F2019
:1034D0008840A860012084F83500216D0020002973
:1034E00084F8340055D15CE0510301680ED4C9055D
:1034F0000ED4016821F010010160012084F835002C
:10350000002084F83400E16B21B905E008034BD4B6
:10351000E16B09B120468847606D002841D0606D9D
:10352000C00734D0042084F8350020684FEA982181
:10353000026822F001020260019A013201928A427D
:103540001AD80268D20717D0019A013201928A4232
:1035500012D80268D2070FD0019A013201928A4232
:103560000AD80268D20707D0019A013201928A4232
:1035700002D80268D207DFD10068C0074FF003000D
:1035800008BF012084F83500002084F83400E16C85
:1035900039B1204602B0BDE8F0470847A16C0029C8
:1035A000F7D102B0BDE8F087616C0029B2D1B3E772
:1035B000D0030DD4616C0029EBD1F2E7026804223C
:1035C0008A4032427FF4FDAD6BE600BF026868E6D8
:1035D000E16B0029DDD1E4E72DE9F04381B0044639
:1035E00000F0F6FD002C00F0AF8040F26F48054679
:1035F0002068C4F20208404516DC9F21C4F2020193
:1036000088422DDC5721C4F20201884254DC10218B
:10361000C4F20201884200F07E802821C4F2020137
:10362000884278D0402171E045F22F41C5F6020171
:10363000884229DC40F2B741C4F20201884247DCEB
:1036400040F27041C4F20201884264D040F28841E5
:10365000C4F2020188425ED040F2A04156E000BFB1
:1036600040F22741C4F20201884241DCA021C4F2A9
:10367000020188424FD0B821C4F2020188424AD0E8
:1036800040F2104142E000BF45F26B41C5F6020135
:10369000884200F3BD8045F23041C5F60201884200
:1036A00000F0C98045F24441C5F60201884200F0AD
:1036B000C28045F25841B9E05821C4F20201884263
:1036C00029D07021C4F20201884224D088211DE053
:1036D00040F2B841C4F2020188421CD045F20841D0
:1036E000C5F60201884200F0A68045F21C419DE02B
:1036F00040F22841C4F2020188420CD040F240411D
:10370000C4F20201884206D040F25841C4F20201DC
:10371000884240F02581022184F83510002184F888
:103720003410016821F00101016000BF20680168C8
:10373000C9070DD000F04CFD401B0628F6D3202011
:103740006065032084F83500012001B0BDE8F083F6
:1037500048F23F0204F108060168CFF610621140FA
:10376000D4F818C06CCE1143D4F824901943E369FF
:103770002943256A0E43B9F1040F43EA060343EADD
:10378000050343EA0C0303D1D4E90B652E4333430D
:10379000666843F48011A6F13F07A6F12905042FBE
:1037A000A6F1470238BF0B46062DA6F14F0E38BFD3
:1037B0000B46022A26F0030238BF0B46BEF1040F67
:1037C00038BF0B46742A08BF0B46B9F1040F0360DB
:1037D000416921F0070141EA090140F0DD80D4E9A7
:1037E0000A53002B41EA050100F0D680BCF5005FCA
:1037F00000F0B880BCF1000F40F0C080022D00F056
:10380000C080012D00F0B480002D00F0BA80C3E02C
:1038100045F26C41C5F6020188420CD045F2804168
:10382000C5F60201884206D045F29441C5F6020170
:10383000884240F0958004F1080E022184F835108A
:10384000002184F834100168A3699EE80450A2F1B5
:103850008005E769B5FA85F566696D09402A4FEA82
:10386000853543EA07026FF3101142EA060208BFEA
:10387000102541EADC0142EA0E02236A294341EAAB
:10388000D20141EA131140F80819C0B2CD214843D2
:103890003C2101EA9020E0652046FDF7A1F8E16DAA
:1038A000012201F01F0102FA01F141602068404548
:1038B00000F381809F21C4F20201884214DC572169
:1038C000C4F20201884227DC1021C4F202018842BE
:1038D00000F0C7802821C4F20201884200F0C180B4
:1038E0004021C4F20201B9E040F22741C4F20201D2
:1038F000884221DCA021C4F20201884200F0B1809C
:10390000B821C4F20201884200F0AB8040F21041BD
:10391000C4F20201A2E000BF5821C4F202018842B1
:1039200000F09F807021C4F20201884200F099806B
:103930008821C4F2020191E040F22841C4F2020160
:10394000884200F08E8040F24041C4F20201884279
:1039500000F0878040F25841C4F202017EE000BFCF
:103960004020EDE6032D17D8DFE805F00E0B0E0220
:10397000A3F1C072B2FA82F2520904E0032D03D31C
:103980000AD1C3F300623AB140206065012084F897
:10399000350001B0BDE8F08341612046FDF720F815
:1039A000E16D3F2201F01F0102FA01F18160206800
:1039B00040457FF77FAF45F22F41C5F602018842AF
:1039C00016DC40F2B741C4F20201884226DC40F224
:1039D0007041C4F20201884243D040F28841C4F2EF
:1039E000020188423DD040F2A041C4F2020135E01C
:1039F00045F26B41C5F6020188421FDC45F23041B9
:103A0000C5F6020188422CD045F24441C5F60201B8
:103A1000884226D045F258411EE000BF40F2B8412E
:103A2000C4F2020188421CD045F20841C5F60201E9
:103A3000884216D045F21C410EE000BF45F26C41B1
:103A4000C5F6020188420CD045F29441C5F6020148
:103A5000884206D045F28041C5F60201884240F016
:103A6000E18045F2574C45F6FC01C5F6020CC5F65F
:103A7000020160450EDC45F22F42C5F6020290427B
:103A800018DC45F20842C5F60202904228D045F201
:103A90001C4221E045F27F42C5F60202904213DC4F
:103AA00045F25842C5F60202904219D045F26C42E6
:103AB00012E000BF45F23042C5F6020290420FD03C
:103AC00045F2444208E000BF45F29442C5F60202C6
:103AD000904205D045F28042C5F60202904247D19D
:103AE00000F0FC024CF6CD43083ACCF6CC43A2FBE6
:103AF0000323A1F1FC05A1F17C061B0905EB83055D
:103B000003F01F02A3682566802B4FF0010303FA20
:103B100002F26666A26605D10020606028607260CD
:103B20001EE000BF6768FBB2013F072F2B60726089
:103B300016D85E1E082E19D2604501F1440237DC0A
:103B400045F22F47C5F60207B84241DC45F2084767
:103B5000C5F60207B84259D045F21C474AE000BFFB
:103B600000206067C4E91B005CE000BFE06E54E029
:103B700000F0F8024AF6AB23103ACAF6AA23A2FBD9
:103B8000032740F20F43C4F2020308253A09984282
:103B900003F1AA06134688BF05EB171340F600058C
:103BA000B042C4F2020505F1800628BF1346A5E71E
:103BB00045F27F47C5F60207B84213DC45F2584785
:103BC000C5F60207B84221D045F26C4712E000BFAB
:103BD00045F23047C5F60207B84217D045F24447D0
:103BE00008E000BF45F28047C5F60207B8420DD095
:103BF00045F29447C5F60207B84207D040F60000E8
:103C0000C4F2020000F1FC0100F5A07201EB830098
:103C10000121E066B1402267616700210160D4E9BB
:103C20001C01416000206065012184F8351001B05D
:103C3000BDE8F08300000000B0B500283CD0054688
:103C400090F83400012801D10220B0BD012085F890
:103C5000340095F83500012828D1022085F8350078
:103C6000002068652868046824F001040460284680
:103C7000FCF74AFF40F20F422868C4F2020240F209
:103C80006F419042C4F2020118DC6F23C4F20203B8
:103C9000984225DC3F23C4F2020398423CDC102307
:103CA000C4F2020398425ED0282357E04FF400602C
:103CB0006865002085F834000120B0BD88421BDC17
:103CC00040F23F43C4F2020398422DDC40F210431D
:103CD000C4F20203984246D040F228433EE000BFBF
:103CE0009F23C4F20203984228DC7023C4F202032B
:103CF000984238D0882331E040F29F43C4F2020357
:103D0000984223DC40F27043C4F2020398422AD066
:103D100040F2884322E000BF4023C4F202039842ED
:103D200021D058231AE000BF40F24043C4F20203FE
:103D3000984218D040F2584310E000BFA023C4F2CC
:103D4000020398420FD0B82308E000BF40F2B84306
:103D5000C4F20203984206D040F2A043C4F2020328
:103D6000984240F02F8103680B2464F344030360FE
:103D70002B6C1BB10823046823430360884219DCC1
:103D80009F23C4F20203984232DC5723C4F2020399
:103D9000984259DC1023C4F20203984200F0968046
:103DA0002823C4F20203984200F090804023C4F21A
:103DB000020389E045F22F43C5F6020398422DDC49
:103DC00040F2B743C4F2020398424BDC40F2704326
:103DD000C4F20203984279D040F28843C4F202034D
:103DE000984273D040F2A043C4F202036CE000BFDB
:103DF00040F22743C4F20203984243DCA023C4F2FA
:103E00000203984262D0B823C4F2020398425DD004
:103E100040F21043C4F2020356E000BF45F26B4388
:103E2000C5F6020398423FDC45F23043C5F6020373
:103E300098424BD045F24443C5F60203984245D020
:103E400045F258433EE000BF5823C4F202039842B3
:103E50003CD07023C4F20203984237D08823C4F2C6
:103E6000020331E040F2B843C4F2020398422DD07D
:103E700045F20843C5F60203984227D045F21C4399
:103E800020E000BF40F22843C4F2020398421DD054
:103E900040F24043C4F20203984217D040F2584324
:103EA000C4F2020310E000BF45F26C43C5F6020302
:103EB00098420BD045F29443C5F60203984205D0D0
:103EC00045F28043C5F60203984274D12B6E1C68FC
:103ED000E40303D51C6844F480741C60EB6E1BB1D2
:103EE0001D6845F480751D60904211DC6F21C4F29D
:103EF000020188421EDC3F21C4F20201884235DC07
:103F00001021C4F20201884255D0282150E000BFA0
:103F100088421BDC40F23F41C4F2020188422DDCA2
:103F200040F21041C4F20201884244D040F22841DC
:103F30003EE000BF9F21C4F20201884228DC7021CC
:103F4000C4F20201884236D0882131E040F29F411C
:103F5000C4F20201884223DC40F27041C4F2020143
:103F6000884228D040F2884122E000BF4021C4F2BC
:103F7000020188421FD058211AE000BF40F24041A0
:103F8000C4F20201884216D040F2584110E000BF4E
:103F9000A021C4F2020188420DD0B82108E000BF80
:103FA00040F2B841C4F20201884204D040F2A0417C
:103FB000C4F202018842016841F001010160002061
:103FC000B0BD00BF0368052464F3430303602B6C9A
:103FD000002B3FF4D3AE0423CDE600000000000028
:103FE0002DE9F04F82B00D68002D00F0DB8000F16C
:103FF000264242F2004302F1FF72C5F602030A278D
:1040000098424FEAB2244FF0000C08BF0927082C51
:104010004FF0000638BF4FEAB2270097002709E0AB
:1040200001370D6835FA07F206F102060CF1040CAF
:1040300000F0B880012202FA07F415EA0408EFD074
:10404000D1F8049009F0030AAAF10105012D13D853
:104050000322D0F808B002FA06F3CD682BEA030376
:10406000B5402B438360C9F300154368A34305FAA9
:1040700007F4234343600DE0BAF1030F0AD18B68C4
:10408000012B07D14FF0030AB3460AFA06F36FEA91
:10409000030E29E00322C36802FA06F4BAF1020F04
:1040A0006FEA040E23EA04038C684FEA470B04FA14
:1040B00006F443EA0403C36016D16FF003020CF068
:1040C0001C0502EA57030F22034402FA05FAD3F84B
:1040D00020900C6929EA0A09AC4044EA09041C62F0
:1040E000D1F8049009F0030A03680AFA0BF503EA11
:1040F0000E0319F4403F43EA0503036090D044F2F5
:10410000F44240F20849C5F60202C5F600091368F8
:1041100043F00203136013680F2203F002030193BC
:1041200027F00303019D0CF00C0553F809E002FA97
:1041300005F4009A2EEA040402FA05F54FF0B04E99
:10414000254343F80950DEF800304D6843EA08047F
:10415000EA0258BF23EA0804CEF8004040F2040EF9
:10416000C5F6000EAC02DEF8002042EA080358BF94
:1041700022EA0803AC03CEF80030DEF8802042EAE1
:10418000080358BF22EA0803ED03CEF88030DEF8BA
:104190007C2042EA080358BF22EA0803CEF87C30AC
:1041A0003EE700BF02B0BDE8F08F00000000000055
:1041B0000069084018BF012070470000000000009F
:1041C000002A08BF09048161704700000000000058
:1041D00040F2E010C2F200000068704700000000EA
:1041E00040F2000040F2E011C2F20040C2F20001D1
:1041F00000780A6810440860704700000000000062
:1042000080B5032000F008F901F032FC44F21841B7
:104210004CF27273C5F60201C0F600030A68096821
:1042200001F00F01C2F30322595C9A5C01F01F01F7
:1042300002F01F02D04040F20C02C2F2004220FA0B
:1042400001F1116040F20801C2F2004108600F2044
:1042500000F00AF800281CBF012080BD00F07CF8A7
:10426000002080BD0000000070B540F20006C2F2E0
:1042700000463178E1B1044640F20800C2F2004045
:104280004FF47A72B2FBF1F10068B0FBF1F001F08B
:1042900007FF0F2C4FF0010508D838B94FF0FF3059
:1042A00000222146002500F087F87460284670BD82
:1042B000012070BD0000000010B54EF6A05E4178F0
:1042C000CEF2000E90F800C04EF8081CDEF8001088
:1042D00021F00101CEF8001041684EF8041C017B6A
:1042E000C37A827A447B1B0643EA0171837B41EAED
:1042F000C241C27B41EA8441447A41EA4341007AA7
:1043000041EA024141EA042141EA400040EA0C004E
:10431000CEF8000010BD00004EF62450CEF2000092
:10432000BFF35F8F016821F48031016000210167D4
:1043300070470000000000004EF6245140F00100DC
:10434000CEF200010867086840F480300860BFF3CF
:104350004F8FBFF36F8F704780B582B044F2F44047
:104360000022C5F60200016841F002010160006808
:10437000002100F0020001900198052000F01CF8D7
:10438000052002B0BDE8804000F002B80000000047
:10439000002848BF704781B200F01F000122490980
:1043A00002FA00F04EF20012CEF2000242F82100B2
:1043B000704700000000000070B54EF60C5C4FF036
:1043C000FF36CEF2000C00F1604505F56445DCF8DF
:1043D0000030C3F3022E8EF00703042B28BF042302
:1043E000BEF1030406FA03F321EA030100F00F0310
:1043F00038BF0024043B0028634406FA04F048BF99
:1044000003F10C05A14022EA0000084300012870D6
:1044100070BD0000000000004EF60C514FF6FF0387
:10442000CEF200010A681A4060F30A2242F080606E
:1044300040F0FD7008607047B0B544F60C05C5F655
:10444000020529684907296806D401F00701081AFE
:1044500018BF0120B0BD00BF21F00701084328604C
:10446000FFF7B6FE044600BF55F8080C800407D4D9
:10447000FFF7AEFE001BB0F57A7FF5D90120B0BD85
:104480000020B0BD0000000080B501F069FA44F2E0
:1044900020414CF27272C5F60201C0F600020968B2
:1044A000C1F30211515C01F01F01C84080BD000042
:1044B00080B544F2304EC5F6020E5EF8083C5EF858
:1044C000081CC1F3051C5EF8041CBCF1000FDEF8EB
:1044D000042019D001F0010103F003034942022B2B
:1044E00001EAD2016FF35F3100EE101AB8EE400A14
:1044F00010D0012B12D01BB95EF8301C890611D4E4
:104500009FED361A1CE000BF00218160C0E9001158
:1045100080BD00BF9FED301A12E000BF9FED2D1A45
:104520000EE000BF5EF8301C49F20002C0F2D0324B
:10453000C1F3C10122FA01F101EE101AB8EE411ADD
:10454000DEF800109FED263A6FF35F2102EE101A9D
:10455000DEF80010C1F34621B8EE422A00EE032A2D
:1045600000EE10CAB7EE003AB8EE400A81EE000A3B
:1045700032EE031A02EE101AB8EE422A20EE010AB9
:1045800032EE031A80EE011ABCEEC11A80ED001A59
:10459000DEF80010C1F3064101EE101AB8EE411A20
:1045A00031EE031A80EE011ABCEEC11A80ED011A39
:1045B000DEF80010C1F3066101EE101AB8EE411AE0
:1045C00031EE031A80EE010ABCEEC00A10EE101A9A
:1045D000816080BD0024744A20BCBE4B0024744C12
:1045E000000000390000000080B544F2384EC5F6E6
:1045F000020E5EF8103C5EF8101C5EF80C2CC1F345
:10460000053CDEF80410BCF1000F15D0C908D20635
:1046100001EAE2716FF35F3100EE101A03F003015B
:104620000229B8EE400A0DD081B95EF8381C89061F
:1046300010D49FED361A1BE000218160C0E9001103
:1046400080BD00BF9FED301A12E000BF9FED2D1A14
:104650000EE000BF5EF8381C49F20002C0F2D03212
:10466000C1F3C10122FA01F101EE101AB8EE411AAC
:10467000DEF800109FED263A6FF35F2102EE101A6C
:10468000DEF80010C1F34621B8EE422A00EE032AFC
:1046900000EE10CAB7EE003AB8EE400A81EE000A0A
:1046A00032EE031A02EE101AB8EE422A20EE010A88
:1046B00032EE031A80EE011ABCEEC11A80ED001A28
:1046C000DEF80010C1F3064101EE101AB8EE411AEF
:1046D00031EE031A80EE011ABCEEC11A80ED011A08
:1046E000DEF80010C1F3066101EE101AB8EE411AAF
:1046F00031EE031A80EE010ABCEEC00A10EE101A69
:10470000816080BD0024744A20BCBE4B0024744CE0
:10471000000000390000000080B544F2404EC5F6AC
:10472000020E5EF8183C5EF8181C5EF8142CC1F3FB
:10473000055CDEF80410BCF1000F15D0C908D205E5
:1047400001EAE2716FF35F3100EE101A03F003012A
:104750000229B8EE400A0DD081B95EF8401C8906E6
:1047600010D49FED361A1BE000218160C0E90011D2
:1047700080BD00BF9FED301A12E000BF9FED2D1AE3
:104780000EE000BF5EF8401C49F20002C0F2D032D9
:10479000C1F3C10122FA01F101EE101AB8EE411A7B
:1047A000DEF800109FED263A6FF35F2102EE101A3B
:1047B000DEF80010C1F34621B8EE422A00EE032ACB
:1047C00000EE10CAB7EE003AB8EE400A81EE000AD9
:1047D00032EE031A02EE101AB8EE422A20EE010A57
:1047E00032EE031A80EE011ABCEEC11A80ED001AF7
:1047F000DEF80010C1F3064101EE101AB8EE411ABE
:1048000031EE031A80EE011ABCEEC11A80ED011AD6
:10481000DEF80010C1F3066101EE101AB8EE411A7D
:1048200031EE031A80EE010ABCEEC00A10EE101A37
:10483000816080BD0024744A20BCBE4B0024744CAF
:10484000000000390000000010B584B0024641F6B7
:10485000FF7300209B1A70EB01032DDA47F6FF73FC
:104860009B1A70EB010380F2918082F400430B43AA
:1048700000F0B88082F480330B4300F0018182F4B1
:104880000022114340F0478144F20040C5F6020087
:10489000816D01F44031B1F5003F00F04B81B1F57D
:1048A000803F00F02781002940F03B810068000133
:1048B00040F137810BE100BF40F2FF739B1A70EBB0
:1048C000010331DB82F480730B4300F09F8082F49C
:1048D0008062114340F01F8144F20041C5F602019D
:1048E000886DC0F34252042A00F21B8148F2000096
:1048F000C0F2BB00DFE812F0C200E800F2000F01D6
:10490000060000BFC86C0A68520700F040520868F1
:1049100002D5002A00F06881C00540F12581B2F17E
:10492000805F00F07A811FE182F400630B4300F0A6
:10493000938082F48052114340F0ED8044F20041B4
:10494000C5F60201086DC0F30232042A00F2E980C4
:1049500048F20000C0F2BB00DFE812F09000B600A1
:10496000C000DD00060000BFC86C0A68520700F0F6
:104970004052086802D5002A00F03681C00540F197
:10498000F380B2F1805F00F04881EDE082F40053E3
:104990000B4300F0858082F48042114340F0BB80DD
:1049A00044F20044C5F60204A06DC0F3027005286D
:1049B00000F2B780DFE810F00600EA00EC00EE003D
:1049C000F400F60000F0CCFF216A4CF27272C0F6DF
:1049D0000002C1F30211515C01F01F01C84004B094
:1049E00010BD00BF44F20040C5F60200016D01F0A9
:1049F0004051B1F1005F00F08780B1F1805F00F0BD
:104A00008D80002940F08D8072E000BF44F20041AB
:104A1000C5F60201086D00F00702042A00F2818049
:104A200048F20000C0F2BB00DFE802F0284E5875E3
:104A3000040000BFC86C0A68520700F040520868C2
:104A400002D5002A00F0D080C00540F18D80B2F17F
:104A5000805F00F0E28087E044F20041C5F6020189
:104A6000886DC0F30262042A5BD848F20000C0F2ED
:104A7000BB00DFE802F0032933506B0008684EE00A
:104A800044F20040C5F60200C16C0068C90346D577
:104A9000000146D501A8FFF7A7FD039804B010BD9B
:104AA00044F20040C5F60200016DC1F30241052940
:104AB00037D8DFE801F003818B95A31D04B0BDE872
:104AC000104000F075BF00BF0868000129D501A89B
:104AD000FFF78AFD019804B010BD00BF0868800090
:104AE0001FD501A8FFF718FE019804B010BD00BF44
:104AF000006858E00068800013D501A8FFF70CFE9D
:104B0000039804B010BD00BF0068000109D501A8DA
:104B1000FFF76AFD029804B010BD00BF0068800175
:104B200002D4002004B010BD01A8FFF7C1FC029818
:104B300004B010BDC16C0268520701F04051026818
:104B400066D5002964D1C2F3C1004FE0C86C0A6881
:104B5000520700F04052086801D5002A44D0C00531
:104B600002D5B2F1805F58D00868B2F1005F00F45E
:104B700000314FF0000004BF47F64000C0F27D1046
:104B8000002908BF084604B010BD00BF206814E02B
:104B900020681CE020684007C3D5206824E000BFDF
:104BA00020682CE0206847F640018003C0F27D11A8
:104BB00001EAE07004B010BD00680001B1D501A8A1
:104BC000FFF712FD029804B010BD00BF006880001E
:104BD000A7D501A8FFF7A0FD029804B010BD00BF43
:104BE000016849079DD50068C0F3C10049F2000182
:104BF000C0F2D03121FA00F004B010BD006840F6D8
:104C00000011C005C0F23D0101EAE07004B010BD22
:104C1000D20509D5B1F1805F06D140F60010C0F28F
:104C20003D0004B010BD00BF0068B1F1005F00F4AA
:104C300000324FF0000004BF47F64000C0F27D1084
:104C4000002A08BF104604B010BD0000000000009C
:104C50002DE9F0470446C07844F22C480007C5F619
:104C6000020833D5606E4FEA305103290CD8DFE8D3
:104C700001F003111D2600BFD8F8001041F40031E7
:104C8000C8F800101BE000BF01266078C0070BD0F9
:104C900020E000BF04F10800022104F0C5FD064633
:104CA00060B16078C00715D1354646E004F12800B0
:104CB000022104F04DFE06460028F2D1606ED8F8BD
:104CC000241021F440110843C8F82400002660781D
:104CD000C007E9D0A06D04280ED83546DFE800F003
:104CE0000412181E1E0000BFD8F80000354640F41C
:104CF0000030C8F8000011E0012501276078400766
:104D00001FD453E004F10800002104F08DFD04E0FD
:104D100004F12800002104F01BFE05462F461DB1BA
:104D2000607840070DD441E0D8F82400A16D20F050
:104D3000070000250843C8F824003746607840077C
:104D400034D5D4F8A4004FEA705005280CD8DFE819
:104D500000F00311171D1D1DD8F8000040F40030AD
:104D6000C8F8000012E000BF0125012660780007A6
:104D700020D455E004F10800002104F055FD04E0C2
:104D800004F12800002104F0E3FD05462E461DB184
:104D9000607800070ED443E0D8F82C00D4F8A410B3
:104DA00020F4600000250843C8F82C003E466078D7
:104DB000000735D5D4F8A8004FEA306005280DD893
:104DC000DFE800F00412181E1E1E00BFD8F8000015
:104DD00040F40030C8F8000012E000BF01250127B0
:104DE000E078800720D44EE004F10800002104F0B0
:104DF0001BFD04E004F12800002104F0A9FD054694
:104E00002F461DB1E07880070ED43CE0D8F82C0086
:104E1000D4F8A81020F0E06000250843C8F82C0062
:104E20003746E07880072ED5E06C4FEA3010032833
:104E30000ED8DFE800F00903130900BFD8F800001E
:104E400040F40030C8F800002E467DB912E000BFE3
:104E5000012501266078C00619D44CE004F1080051
:104E6000022104F0E1FC05462E461DB16078C00623
:104E70000DD440E0D8F82000E16C20F0300000258F
:104E80000843C8F820003E466078C00633D5E06D80
:104E90004FEA303004280DD8DFE800F00412181E65
:104EA0001E0000BFD8F8000040F40030C8F8000031
:104EB00012E000BF01250127607880061FD44EE074
:104EC00004F10800002104F0AFFC04E004F1280024
:104ED000002104F03DFD05462F461DB16078800697
:104EE0000DD43CE0D8F82400E16D20F4E04000252A
:104EF0000843C8F824003746607880062FD5206E16
:104F00004FEA3040052809D8DFE800F0040E140409
:104F1000040400BF2E46ADB918E000BF01250126EC
:104F2000607840061FD44FE004F10800012104F02E
:104F30007BFC04E004F12800012104F009FD054692
:104F40002E461DB1607840060DD43DE0D8F824000F
:104F5000216E20F4E02000250843C8F824003E46D6
:104F60006078400630D5D4F8AC004FEA30700528A0
:104F700008D8DFE800F0030D130303032F46ADB993
:104F800018E000BF012501276078000620D442E028
:104F900004F10800012104F047FC04E004F12800BA
:104FA000012104F0D5FC05462F461DB160780006AE
:104FB0000ED430E0D8F82C00D4F8AC1020F0E0404B
:104FC00000250843C8F82C0037466078000622D533
:104FD000E06E58B1B0F1005F0CD0B0F1805F2FD11E
:104FE000D8F8000040F40030C8F800002E469DB903
:104FF00008E000BF04F10800012104F015FC05469B
:105000002E464DB9D8F82400E16E20F0405000251E
:105010000843C8F824003E46E078C00733D0A06CAF
:10502000032813D8DFE800F008021A08D8F80000B7
:1050300040F40030C8F80000A946BDB91AE000BF2E
:1050400001250126E078C007E9D11CE001254FF0D9
:105050000109A07840061AD51CE000BF04F1080041
:10506000022104F0E1FB0546A9461DB1A0784006E7
:105070000DD50FE0D8F82000A16C20F0030000252A
:105080000843C8F82000B146A078400602D44F4635
:1050900018E000BFD8F8D40340F48070C8F8D403F7
:1050A000FFF796F8064600BFD8F8D403C00507D42A
:1050B000FFF78EF8801B6428F6D90325032701E04B
:1050C0002F468DB12078C00761D0A06F4FEAF00065
:1050D00005283BD8DFE800F004404604040400BF84
:1050E000002D2E4646D149E0D8F84410D4F8B0003F
:1050F000414011F4407F11D0D8F84410D8F8442032
:1051000042F48032C8F84420D8F8442021F4407199
:1051100022F48032C8F84420C8F84410B0F5807FEB
:1051200040F0CE82FFF754F8064641F2883A032554
:10513000032700BFD8F84400800700F1BF82FFF7C3
:1051400047F8801B5045F5D9BCE700BF0125012673
:10515000207880071FD44CE004F10800012104F0FE
:1051600063FB04E004F12800012104F0F1FB054693
:105170002E461DB1207880070DD43AE0D8F82800DB
:10518000A16F20F0380000250843C8F828003E46EB
:10519000207880072DD5606F052809D8DFE800F05A
:1051A000040E1404040400BF2F46ADB918E000BF7C
:1051B00001250127207840071FD44DE004F10800A5
:1051C000012104F031FB04E004F12800012104F086
:1051D000BFFB05462F461DB1207840070DD43BE0AC
:1051E000D8F82800616F20F0070000250843C8F8B0
:1051F00028003746207840072ED5D4F8900005289F
:1052000008D8DFE800F0030D130303032E46ADB901
:1052100018E000BF012601252078800620D451E047
:1052200004F10800012104F0FFFA04E004F1280071
:10523000012104F08DFB05462E461DB12078800625
:105240000ED43FE0D8F82C00D4F8901020F00700DE
:1052500000250843C8F82C003E462078800631D54A
:10526000D4F88C004FEA3070052809D8DFE800F048
:10527000040E1404040400BF2F46ADB918E000BFAB
:10528000012701252078400620D451E004F10800D0
:10529000002104F0C9FA04E004F12800022104F01E
:1052A00057FB05462F461DB1207840060ED43FE03F
:1052B000D8F82800D4F88C1020F0E04000250843EE
:1052C000C8F8280037462078400631D5D4F8980031
:1052D0004FEAB020052809D8DFE800F0040E1404D6
:1052E000040400BF2E46ADB918E000BF0126012519
:1052F0002078000620D454E004F10800002104F0D6
:1053000093FA04E004F12800022104F021FB054691
:105310002E461DB1207800060ED442E0D8F82C00AD
:10532000D4F8981020F4E05000250843C8F82C0069
:105330003E462078000634D5D4F89C004FEA703001
:1053400005280FD8DFE800F004141A04040400BF95
:105350002F46E5B12068010727D4C1063ED40003DB
:1053600055D475E00127012520680107F5D51CE01B
:1053700004F10800002104F057FA04E004F12800C9
:10538000022104F0E5FA0546002D2F46E2D1D8F8B7
:105390002C00D4F89C1020F4604000250843C8F885
:1053A0002C00374620680107D7D5D4F88000B0F527
:1053B000805F09D104F12800022104F0C9FA002815
:1053C00018BF0127D4F88000D8F8281021F44051E4
:1053D0000843C8F828002068C106C0D5D4F8940056
:1053E000B0F5807F09D104F12800022104F0B0FA61
:1053F000002818BF0127D4F89400D8F82C1021F405
:1054000040710843C8F82C002068000320D5D4F868
:10541000A000B0F5003F0FD0B0F5803F06D078BBBC
:1054200004F10800002104F0FFF904E004F1280071
:10543000022104F08DFA05462E4655B9D8F82C0005
:10544000D4F8A01020F4403000250843C8F82C0000
:105450003E46A07840072BD5D4F88400B0F5401F15
:105460000BD0B0F5001F11D0B0F5801F2AD1D8F8AD
:10547000000040F40030C8F800002F46CDB90DE020
:1054800001260125A0784007E6D411E004F12800A8
:10549000012104F05DFA05462F4655B9D8F82800D9
:1054A000D4F8841020F4401000250843C8F82800E0
:1054B0003746A078C0070AD13E462168880016D535
:1054C00033E000BF01270125A078C007F4D0206D8C
:1054D000B0F5803F10D018BBD8F8000040F4003081
:1054E000C8F800002E4685B1216888001DD4606888
:1054F0008A0326D465E000BF04F10800022104F00D
:1055000093F90546002D2E46EED1D8F82000216DE6
:1055100020F4803000250843C8F82000CCE700BF05
:105520000126012521688800E1D504F12800022127
:1055300004F00EFA002818BF0126D4E900108A03EF
:105540003FD5E26F6FF0010303EB3223022B0BD345
:105550004FEA322343B1012B40F0AA80D8F8003043
:1055600043F40033C8F8003025B3CA022CD48A02B1
:1055700034D44A003CD4CA0F49D1090251D4C107DE
:105580005AD1810763D441076CD4010776D4C10690
:1055900000F18080800607D504F12800022104F084
:1055A000D7F9002818BF0125002D18BF012528466E
:1055B000BDE8F087D8F8283023F440731A43C8F8C0
:1055C00028203546CA02D2D5D8F82420236F22F0ED
:1055D00000421A43C8F824208A02CAD5D8F82420E9
:1055E000A36E22F080721A43C8F824204A00C2D564
:1055F00058F81C2C22F4004248F81C2CD4F8B42093
:1056000058F81C3C1A4348F81C2CCA0FB5D0D8F8DF
:105610002020636D22F040521A43C8F8202009026E
:10562000ADD5D8F82810D4F8882021F440011143D2
:10563000C8F82810C107A4D004F10800002104F024
:10564000F3F8002818BF0546606881079BD504F170
:105650000800012104F0E8F8002818BF054660683A
:10566000410792D504F10800022104F0DDF800287A
:1056700018BF0546606801077FF589AF04F128006F
:10568000002104F065F9002818BF05466068C106CE
:105690007FF580AF04F12800012104F059F90028BA
:1056A00018BF0546606880067FF57EAF74E700BFCF
:1056B0000125CA027FF55BAF86E700BFD4F8B000D2
:1056C0004FF6CF7358F81C2CC0F2FF0300F4407162
:1056D00022F47C5203EA10136FF31F30B1F5407FC0
:1056E00008BF1A43002548F81C2CD8F8441008437A
:1056F000C8F84400FFF7CBBC2DE9F04381B0002887
:1057000000F02A8142F200080446C5F200288946CA
:10571000D8F8000000F00F0088420ED2D8F8000040
:1057200020F00F0040EA0900C8F80000D8F8000097
:1057300000F00F00484540F00F81206844F2184700
:105740004107C5F602070AD521693A6802F07002DE
:10575000914204D93A6822F070021143396001077E
:105760000AD561697A6802F07002914204D97A68B8
:1057700022F0700211437960C1060AD5A1697A68E6
:1057800002F4E062914204D97A6822F4E0621143A3
:10579000796081060AD5E169BA6802F07002914227
:1057A00004D9BA6822F070021143B96010F0020106
:1057B0000AD0E2683B6803F00F039A4204D93B68C1
:1057C00023F00F031A433A60C20746D0386820F42A
:1057D0007061D4E90102012841EA0201396009D06F
:1057E00003280DD0022811D157F8181C890340F165
:1057F000B38010E057F8181CC90540F1AD800AE0ED
:1058000057F8181C890140F1A78004E057F8181CCC
:10581000490740F1A18057F8081C21F0070108430F
:1058200047F8080CFEF7D4FC064641F2883500BF65
:1058300057F8080C616800F03800B0EBC10F09D0D0
:10584000FEF7C6FC801BA842F2D9032001B0BDE8D8
:10585000F08300BF206800F0020151B1E1683A68AE
:1058600002F00F02914204D23A6822F00F02114373
:105870003960D8F8001001F00F0149450DD9D8F86A
:10588000001021F00F0141EA0901C8F80010D8F812
:10589000001001F00F0149455ED141070AD5216989
:1058A0003A6802F07002914204D23A6822F0700223
:1058B0001143396001070AD561697A6802F0700204
:1058C000914204D27A6822F0700211437960C106D5
:1058D0000AD5A1697A6802F4E062914204D27A683A
:1058E00022F4E0621143796080060AD5E069B96864
:1058F00001F07001884204D2B96821F070010843B8
:10590000B86000F0B5F839684CF272733A68C0F6C6
:105910000003C1F3032102F00F02595C9A5C01F00D
:105920001F0120FA01F102F01F0040F20C0221FADF
:1059300000F0C2F20042106040F2040040F208029F
:10594000C2F20040C2F200420068116001B0BDE83E
:10595000F043FEF789BC00BF012001B0BDE8F08331
:1059600080B500F085F844F218414CF27273C5F628
:105970000201C0F600030A68096801F00F01C2F3D2
:105980000322595C9A5C02F01F0220FA02F201F035
:105990001F0040F20C0122FA00F0C2F20041086040
:1059A00040F20801C2F200410A6080BD0000000020
:1059B00080B500F05DF844F2184C4CF27271C5F6F7
:1059C000020CC0F60001DCF80020DCF8003003F027
:1059D0000F03C2F30322CB5C8A5C02F01F02D040AB
:1059E00003F01F0240F20C0320FA02F2C2F200435D
:1059F0001A6040F20803C2F200431860DCF80400A9
:105A0000C0F30210085C00F01F0022FA00F080BD15
:105A100080B500F02DF844F2184C4CF27271C5F6C6
:105A2000020CC0F60001DCF80020DCF8003003F0C6
:105A30000F03C2F30322CB5C8A5C02F01F02D0404A
:105A400003F01F0240F20C0320FA02F2C2F20043FC
:105A50001A6040F20803C2F200431860DCF8040048
:105A6000C0F30220085C00F01F0022FA00F080BDA5
:105A700044F20041C5F602010869C0F3C2000328E0
:105A800010D002282ED098BB0868800649F200008A
:105A9000C0F2D03058BF70470968C1F3C101C84097
:105AA000704700BF8A6A886AC0F3051CC86ABCF1E7
:105AB000000F4B6B22D000F0010002F003024042C5
:105AC000022A00EAD3006FF35F3000EE100AB8EE4E
:105AD000400A15D0C2B90868800619D49FED281A6B
:105AE00023E000BF47F64000C0F27D10704700BFC2
:105AF00040F60010C0F23D00704700BF0020704724
:105B00009FED1E1A11E000BF9FED1B1A0DE000BFB4
:105B1000086849F20002C0F2D032C0F3C10022FA94
:105B200000F001EE100AB8EE411A086B9FED153A2D
:105B30006FF35F2002EE100A086BC0F34620B8EE48
:105B4000422A013000EE032A00EE10CAB7EE003AF6
:105B5000B8EE400A81EE000A32EE031A20EE010A86
:105B600001EE100AB8EE411A80EE010ABCEEC00A3E
:105B700010EE100A704700BF0024744A20BCBE4BD0
:105B80000024744C00000039F0B581B0002800F00A
:105B9000D5800446007844F20046C007C5F60206E8
:105BA00022D12078800768D5306910F03801B06ABA
:105BB00042D0182908BF5FEA80703DD0E0683168A4
:105BC000002800F0258121F0190108433060FEF71C
:105BD000FFFA05463068400748D4FEF7F9FA401B43
:105BE0000228F7D977E100BF306900F03801B06AC8
:105BF000102905D018290BD100F00300022807D185
:105C000030688003CDD560680028CAD196E000BF17
:105C10006068002800F03281B0F5A02F00F04681C6
:105C2000B0F5803F00F04681306820F4803030606D
:105C3000306820F4802040E130684007E06801D5FA
:105C400000287BD0316821F0190108433060FEF74D
:105C5000BFFA05463068400708D4FEF7B9FA401B82
:105C600002284FF00300F5D901B0F0BD706821693A
:105C700020F0FE4040EA016070602078C00619D52F
:105C8000306900F03801B06A082906D0182940F0C0
:105C9000818000F0030001287CD13068C00502D566
:105CA000E06980284AD1F068216A20F07C5040EAFF
:105CB0000160F0602078000744D42078800655D435
:105CC0002078400700F17E80656A9DB3306900F05E
:105CD0003800182840F01481012DB16A306B2DD0A6
:105CE00001F00302A36A9A4228D1C1F30511E26AC6
:105CF000914223D10146226B6FF35F21013A914219
:105D00001CD1C0F34622616B01398A4216D1C0F31F
:105D10000642A16B01398A4210D1C0F30660E16BE3
:105D2000013988420AD1706BA16CC0F3CC0081426A
:105D300040F09C81002001B0F0BD00BF012001B007
:105D4000F0BD00BF60690028706F4FD040F00100C7
:105D50007067FEF73DFA0546706F8007ADD4FEF719
:105D600037FA401B0228F7D9B5E000BFA069002828
:105D7000306871D040F480503060FEF729FA054653
:105D8000306880049CD4FEF723FA401B0228F7D920
:105D9000A1E000BFE0690028306800F09F8040F07B
:105DA00080003060FEF714FA054600BF3068C00579
:105DB0003FF579AFFEF70CFA401B02284FF00300C5
:105DC000F4D951E7D6F8000440F48070C6F8000416
:105DD000FEF7FEF9054600BFD6F80004C00529D439
:105DE000FEF7F6F9401B6428F6D974E020F00100B4
:105DF0007067FEF7EDF90546706F80077FF55DAFC0
:105E0000FEF7E6F9401B02284FF00300F4D92BE718
:105E100021F001003060FEF7DBF9054630684007ED
:105E20007FF52BAFFEF7D4F9401B02284FF003009B
:105E3000F4D919E7A068002800F08480052800F054
:105E40009B80012800F09C80306F20F001003067BB
:105E5000306F20F0040096E020F480503060FEF7B0
:105E6000B7F90546306880047FF52AAFFEF7B0F930
:105E7000401B02284FF00300F4D9F5E6306820F407
:105E800080303060306820F480203060FEF7A0F968
:105E9000054600BF306880037FF583AEFEF798F9B2
:105EA000401B64284FF00300F4D9DDE6306840F46D
:105EB00080203060306840F480303060FEF788F930
:105EC000054600BF306880033FF56BAEFEF780F9F2
:105ED000401B6428F6D9032001B0F0BD20F08000FB
:105EE0003060FEF775F905463068C0057FF5E2AE13
:105EF000FEF76EF9401B02284FF00300F4D9B3E619
:105F0000306820F080703060FEF762F9022D05469F
:105F10000CD100BF3068800148D5FEF759F9401B0D
:105F200002284FF00300F5D99EE600BF30688001DB
:105F30007FF500AFFEF74CF9401B02284FF003003D
:105F4000F4D991E6306F20F001003067306F20F017
:105F500004003067FEF73CF9054641F28837306FA0
:105F600080077FF5B1AEFEF733F9401BB8424FF022
:105F70000300F4D978E600BF306F40F004003067CA
:105F8000306F40F001003067FEF722F9054641F21C
:105F9000883700BF306F80073FF596AEFEF718F9DF
:105FA000401BB8424FF00300F4D95DE604F1280726
:105FB000B06A40F2F33188438ECF0843591E40EA5D
:105FC00002104FF47E426FF35F21B06202EB472074
:105FD0004FF4FE0280B2E36B0844A16B02EB014177
:105FE0004FF0FE4201F4FE0102EB0362084402F0AE
:105FF000FE4108443063F06A4FF6F87120F001006A
:10600000F062706BA26C884340EAC2007063F06A71
:10601000216C20F00C000843F062F06A616C20F003
:1060200002000843F062F06A40F48030F062F06AE7
:1060300040F40030F062F06A40F48020F062F06AD0
:1060400040F00100F062306840F080703060FEF790
:10605000BFF80446306880013FF56CAEFEF7B8F833
:10606000001B02284FF00300F4D9FDE5F06A20F090
:106070000100F062FEF7ACF80546FEF7A9F8A84269
:10608000FBD0706B4FF6F871A26C884340EAC200F7
:106090007063F06A40F00100F062002001B0F0BDD2
:1060A000411E0020B0EB116F02D00120704700BFED
:1060B0004EF21002F023CEF2000251604EF6235150
:1060C000CEF200010B700721906011607047000054
:1060D0007047000000000000704700000000000052
:1060E0007047000000000000B0B590F83C20012A85
:1060F00002D10220B0BD00BFD1E9022323F47C53BA
:1061000022F4705242EA030548F2FF73D1E900CE4F
:10611000CEF6F0730EEA030203F5006445EA020EC0
:106120000CEA04050C6903F5C05245EA0E0522404D
:106130002A434D692A4303F560550C6B03F5F04380
:106140002A4023401343026840F2004C42F4806529
:10615000C4F2010C8C69654540F2000CCEF6FF7C60
:10616000CD690CEA044443EA050343EA040318D169
:106170004FF6FF7540F2000CCDF60F458C6ACDF658
:10618000F04C03EA050E0D6A0CEA04544B6A44EA2B
:106190000E0425F0085523F000532543C96A2B430C
:1061A0000B430021536480F83C100846B0BD00004A
:1061B00070B588B0002861D0044690F83D000D46C7
:1061C00028B9002084F83C00204600F05DF8022049
:1061D00084F83D002068211D03F09AFF206829689B
:1061E000AB68032204F0B8F820680026816921F02A
:1061F0000C018161696882691143816141684FF6D0
:106200008F7241F0800141608168CFF6CF721140FA
:10621000816081684FF6F87241F0400181608168C9
:10622000CFF6FE7211408160816841F00401816007
:1062300070210191E968029101A90796CDE90566EF
:10624000CDE9036604F030F82068416821F0700160
:106250004160416841F050014160012084F84800EC
:1062600084F83E0084F83F0084F8440084F8450038
:1062700084F83D00304608B070BD00BF01263046AE
:1062800008B070BD0000000080B586B040F6000187
:106290000068C4F20001884202D006B080BD00BF91
:1062A00044F2E040C5F60200816841F004018160DB
:1062B000816801F0040101910199016841F0080130
:1062C00001600068002100F00800019001984FF47F
:1062D000E040019002200290059040F60040CDE998
:1062E0000311C5F6020001A9FDF77AFE1E20012167
:1062F0000022FEF761F81E20FEF74AF806B080BDC6
:1063000010B5044690F83E0094F83F30012894F808
:1063100044204FF0010094F8451008BF012B01D034
:1063200010BD00BF012A08BF0129F9D1022084F85D
:106330003E0084F83F00012284F8440084F84500C0
:106340002068C16841F00201C160002103F09CFF98
:106350004DF6FF702168C4F20000814214DC40F267
:10636000FF70C4F20000814224DD40F60000C4F258
:106370000000814230D040F60040C4F2000081426B
:106380002AD041F6000023E04FF6FF70C4F200006F
:10639000814215DD0020C4F2010081421CD044F28C
:1063A0000000C4F20100814216D040F20040C4F265
:1063B00001000FE0B1F1804F0ED040F2004007E045
:1063C0004EF20000C4F20000814205D04EF20040BF
:1063D000C4F2000081420AD107228868C0F201029B
:1063E00002400020062A18BFB2F5803F98D0086806
:1063F00040F001000860002010BD00000000000017
:10640000B0B590F83C20012A4FF0020263D080F82A
:106410003D2040F2004C0268C4F2010C42F480635B
:1064200063455368D2F808E002BF23F470034C6858
:1064300023434DF6FF740D68C4F2000423F070038B
:10644000A24243EA0503536014DC40F2FF73C4F236
:1064500000039A4222DD40F60003C4F200039A4290
:106460002ED040F60043C4F200039A4228D041F6F1
:10647000000321E04FF6FF73C4F200039A4213DDDC
:106480000023C4F201039A421AD044F20003C4F27A
:1064900001039A4214D0624512D016E0B2F1804F47
:1064A0000ED040F2004307E04EF20003C4F20003B6
:1064B0009A4205D04EF20043C4F200039A4204D13E
:1064C0002EF080038968194391600022012180F831
:1064D0003D1080F83C201046B0BD000000000000D8
:1064E00051B1082910D0042916D100F145021278C3
:1064F000012A0ED115E000BF90F84420012A08D1EE
:10650000022280F844201BE000F146021278012AA2
:1065100007D00120704700BF00F147021278012A1E
:10652000F7D10222082905D0042907D180F8452097
:1065300006E000BF80F8462002E000BF80F8472058
:10654000026801F00F00042101FA00F0116A814392
:106550001162116A084310624DF6FF70516CC4F26B
:106560000000824241F40040506419DC40F2FF70A8
:10657000C4F2000082422BDD40F60000C4F20000AD
:1065800082423BD040F60040C4F20000824235D047
:1065900041F60000C4F2000082422FD03AE000BF72
:1065A0004FF6FF70C4F2000082421BDD0020C4F2EF
:1065B0000100824222D044F20000C4F20100824273
:1065C0001CD040F20040C4F20100824216D021E00B
:1065D000B2F1804F12D040F20040C4F2000082427B
:1065E0000CD017E04EF20000C4F20000824205D049
:1065F0004EF20040C4F2000082420BD107219068A5
:10660000C0F2010101400020062918BFB1F5803F0A
:1066100000D17047106840F0010010600020704702
:1066200060B310B5044690F83D0028B9002084F806
:106630003C00204600F024F8022084F83D00206849
:10664000211D03F065FD012084F8480084F83E0018
:1066500084F83F0084F8400084F8410084F8420048
:1066600084F8430084F8440084F8450084F8460028
:1066700084F8470084F83D00002010BD01207047D9
:1066800080B586B040F6FF720068C4F200020021B7
:1066900090420591CDE90311CDE9011120DD41F2D0
:1066A0000001C4F20001884258D041F60001C4F252
:1066B000000188426AD00021C4F20101884240F002
:1066C000978044F2E840C5F60200816841F001017C
:1066D0008160806800F001000090009806B080BDE5
:1066E00040F20041C4F20001884200F0838040F68D
:1066F0000041C4F2000188427AD144F2E840C5F674
:106700000200016841F008010160016801F0080120
:106710000091009950F8081C41F0010140F8081C54
:1067200050F8080C002100F00100009000980420AF
:1067300001900220029005900020CDE90311C5F6DA
:10674000020001A9FDF74CFC322001210022FDF7D7
:1067500033FE3220FDF71CFE06B080BD44F2E84057
:106760000022C5F60200016841F0100101600068D6
:10677000002100F01000009000983620FDF71CFE6C
:10678000362006B0BDE88040FDF702BE44F2E84086
:10679000C5F60200016841F040010160016801F0A6
:1067A00040010091009950F8081C41F0020140F8A6
:1067B000081C50F8080C002100F00200009000981E
:1067C0004FF48040CDE9031100210190C5F602018C
:1067D00002200290059001F5806001A9FDF700FC00
:1067E0002B2000210022FDF7E7FD2B20FDF7D0FD37
:1067F00006B080BD44F2E8400022C5F60200016800
:1068000041F0020101600068012100F002000090E7
:1068100000981D20FDF7D0FD1D2006B0BDE880408A
:10682000FDF7B6BD0000000090F83D10012927D10A
:10683000022180F83D1001684DF6FF70C4F200009F
:106840008142C86840F00100C8601BDC40F2FF7064
:10685000C4F2000081422DDD40F60000C4F20000C9
:1068600081423DD040F60040C4F20000814237D062
:1068700041F60000C4F20000814231D03CE000BF8C
:10688000012070474FF6FF70C4F2000081421BDD0B
:106890000020C4F20100814222D044F20000C4F280
:1068A000010081421CD040F20040C4F2010081424C
:1068B00016D021E0B1F1804F12D040F20040C4F276
:1068C000000081420CD017E04EF20000C4F200003C
:1068D000814205D04EF20040C4F2000081420BD14B
:1068E00007228868C0F2010202400020062A18BF71
:1068F000B2F5803F00D17047086840F001000860A1
:10690000002070470000000010B590F83C20012ADC
:106910004FF0020200F0B78080F83D208822D0F8C6
:1069200000E0CFF6CE72DEF808301A40CEF808202C
:106930000B686F2B0EDDB3F1101F39DAB3F5005F72
:1069400048DA702B00F0A280B3F5805F00F09480ED
:10695000E4E000BF2F2B35DD4F2B41DC302B00F066
:106960007F80402B40F0DA8043F6FF72D1F804C0FC
:10697000C4F20102C968DEF820309645DEF8202016
:1069800022F00102CEF8202040F3CA8044F2000237
:10699000C4F20102964500F0CE8044F60002C4F233
:1069A0000102964500F0C78044F20042BFE000BFFC
:1069B0002F21C0F210018B4248DCB3F1101F4FD0E1
:1069C000202149E0002B18BF102B49D0202B47D0A5
:1069D000A4E000BF6ED0B3F5801F41D09EE000BFA1
:1069E000502B7BD0602B40F0998040F200444EF455
:1069F0008062C4F20104D1F804C0C968DEF8203016
:106A0000A242DEF8202022F01002CEF8202002BFA1
:106A1000DEF8202022F04002CEF82020DEF81820F8
:106A200022F4704242EA013123F0A002CEF818109D
:106A300042EA0C11CEF820104FF68872DEF80810EA
:106A4000CFF6CF721140673114E000BF3021C0F2A1
:106A500010018B4204D04021C0F210018B425DD165
:106A60004FF68872DEF80810CFF6CF721140194346
:106A700041F00701CEF808100022012180F83D10F6
:106A8000002180F83C10104610BD00BFD1E901C3C1
:106A9000C968DEF8082043EA0C0322F47F4243EA87
:106AA00001211143CEF80810DEF8081041F07701FB
:106AB000E0E700BFD1E901C3C968DEF8082043EA76
:106AC0000C0322F47F4243EA01211143CEF808105F
:106AD000DEF8081041F48041CCE700BF43F6FF72B6
:106AE000D1F804C0C4F20102C968DEF8203096452E
:106AF000DEF8202022F00102CEF8202038DD44F21A
:106B00000002C4F2010296453DD044F60002C4F2F0
:106B10000102964537D044F2004230E00122ACE752
:106B20000022C4F20102964505D040F20042C4F2B0
:106B30000102964505D1DEF8202022F00402CEF8AD
:106B40002020DEF8182022F0F00242EA011123F0A2
:106B50000A02CEF8181042EA0C01CEF820104FF6C7
:106B60008872DEF80810CFF6CF721140473181E706
:106B70000022C4F20102964505D040F20042C4F260
:106B80000102964505D1DEF8202022F00402CEF85D
:106B90002020DEF8182022F0F00242EA011123F052
:106BA0000A02CEF8181042EA0C01CEF820104FF677
:106BB0008872DEF80810CFF6CF721140573159E7CE
:106BC000002857D02DE9F04381B0044690F83D00ED
:106BD0000D4628B9002084F83C00204600F04CF80F
:106BE000022084F83D0020684BF6F872CFF6FE7262
:106BF000816811408160211D03F08AFA20684FF6F8
:106C0000FF79D0F808808269D0F820C0AF69D5E953
:106C1000026122EA090246EA07264FF6FC47BE4314
:106C2000EF6911432A6931432E6A41EA07216F69EE
:106C3000D5E9003E41EA02112CF0AA0242EA0E0216
:106C400043EA080341EA06318360816142EA0711A1
:106C50000162012084F8480084F83E0084F83F0077
:106C600084F8440084F8450084F83D00002001B019
:106C7000BDE8F0830120704780B586B00068B0F1B0
:106C8000804F01D006B080BD44F2E040C5F602005E
:106C9000816841F001018160816801F00101019189
:106CA0000199016841F001010160006801A900F04B
:106CB0000100019001980320019002200290002021
:106CC000CDE90300012005900020C5F60200FDF784
:106CD00087F906B080BD000080B590F83E200429F9
:106CE00090F83F3090F844E090F845C00AD0B9B928
:106CF000012A4FF0010208BFBEF1010F34D0104647
:106D000080BD00BF0122012B08BFBCF1010FF6D1ED
:106D1000022180F83F1080F84510006820E000BF95
:106D2000012A4FF0010208BF012BE8D1BEF1010F8B
:106D300008BFBCF1010FE2D14FF0020280F83E2003
:106D400080F83F2080F8442080F8452089B1006811
:106D5000016A21F001010162016A41F00101016251
:106D600010216FF0100208E0022180F83E1080F838
:106D70004410006801216FF00102036A1A400262A8
:106D8000026A114301620168002241F001010160C1
:106D9000104680BD0000000080B540F6000201688A
:106DA000C4F20002914215D040F60042C4F2000243
:106DB000914217D1007F042818BF80BD40F24440A3
:106DC0000821C2F2004001F093F8BDE88040FAF7D4
:106DD00023B900BF007F012804D1BDE8804001F045
:106DE000A7BF00BF80BD0000F0B581B0044690F899
:106DF0003C00012802D1022001B0F0BD0D464FEA4F
:106E0000B20103294FF0010084F83C0000F29280A7
:106E1000DFE801F0020C3C682068EB68D5E900125D
:106E200003F09AFA206850F8181F56E0206840F2E4
:106E3000004640F48062C4F20106D5E900C1EB6867
:106E4000D0F820E0B242026A22F01002026202BFD1
:106E5000026A22F04002026209024FF2FF0650F875
:106E6000182FB14363F30F3122F4734211430CF036
:106E70000A022EF0A003016043EA0211816001685A
:106E800021F440610160A96809024FE0206840F2E6
:106E9000004240F48066C4F20102D5E900C3E9680B
:106EA000D0F820E061F307139642026A22F4807260
:106EB000026202BF026A22F48062026250F81C2F52
:106EC00022F0F30243EA02010CF00A022EF42063DE
:106ED000016043EA02214160016821F00C01016078
:106EE000A96823E021684FF2FF07D5E900E3D5E95F
:106EF00002C50E6A1B02086ABB4365F30F3320F418
:106F000080500862084626F4204750F81C2F22F4CF
:106F100073421A430EF00A03026047EA03320A6220
:106F2000016821F4406101604FEA0C2102681143BD
:106F300001600020002184F83C1001B0F0BD000089
:106F400060B310B5044690F83D0028B9002084F8DD
:106F50003C00204600F024F8022084F83D00206820
:106F6000211D03F0D5F8012084F8480084F83E0084
:106F700084F83F0084F8400084F8410084F842001F
:106F800084F8430084F8440084F8450084F84600FF
:106F900084F8470084F83D00002010BD01207047B0
:106FA000704700000000000080B589B10A1F4FEA59
:106FB000B20EBEF1030F21D8DFE80EF002283840F0
:106FC00000F13F0292F800C0082925D13CE000BF43
:106FD00090F83E2090F84430012A4FF0010208BF9B
:106FE000012B3AD1022280F83E2080F844204FEA5B
:106FF000B1030122032B30D877E000BF00F1430238
:1070000092F800C0082907D11EE000BF00F140023D
:1070100092F800C0082917D0042903D100F14502D5
:1070200014E000BF00F1470210E000BF00F1410290
:1070300092F800C00829EFD106E000BF00F142023B
:1070400092F800C00829E7D100F146021378012226
:10705000BCF1010F08BF012B02D0104680BD00BF5C
:10706000BEF1030F0CD8DFE80EF003132B3300BF83
:10707000022280F83F20022208290FD12EE000BF13
:10708000022280F843200222082907D126E000BF0F
:10709000022280F84020022208291FD0042907D1AB
:1070A00080F845204FEAB1030122032BD5D81CE01C
:1070B00080F847204FEAB1030122032BCDD814E01A
:1070C000022280F8412002220829E7D106E000BF11
:1070D000022280F8422002220829DFD180F84620CF
:1070E0004FEAB1030122032BB7D8D0F800C04CF20D
:1070F0009C70C0F6000050F82300DCF80C301843F8
:10710000CCF80C0001F01F00DCF8201002FA00F0AF
:107110008143CCF820104DF6FF71DCF82020C4F23A
:10712000000110438C45CCF8200015DC40F2FF70C4
:10713000C4F20000844525DD40F60000C4F20000E2
:10714000844531D040F60040C4F2000084452BD085
:1071500041F6000024E000BF4FF6FF70C4F20000CB
:10716000844515DD0020C4F2010084451CD044F2A2
:107170000000C4F20100844516D040F20040C4F281
:1071800001000FE0BCF1804F0ED040F2004007E05C
:107190004EF20000C4F20000844505D04EF20040DB
:1071A000C4F2000084450CD10721DCF80800C0F2CD
:1071B000010100220140062918BFB1F5803F3FF4CC
:1071C0004CAFDCF80000002240F00100CCF80000D9
:1071D000104680BD00000000F0B581B00446006894
:1071E000C5680669B10717D515F0020114D06FF014
:1071F00002010161012121778069800704D02046C6
:10720000FFF7CAFD06E000BF204600F09DF82046CB
:1072100000F03AFB00202077700719D515F0040024
:1072200016D020686FF00401016102212177806986
:1072300010F4407F04D02046FFF7AEFD06E000BF0B
:10724000204600F081F8204600F01EFB0020207749
:10725000300717D515F0080014D020686FF008012A
:10726000016104212177C069800703D02046FFF720
:1072700093FD05E0204600F067F8204600F004FB8F
:1072800000202077F00619D515F0100016D02068E0
:107290006FF01001016108212177C06910F4407F6F
:1072A00004D02046FFF778FD06E000BF204600F03E
:1072B0004BF8204600F0E8FA00202077F00718BFCE
:1072C00015F0010006D020686FF001010161204631
:1072D00000F0AEFB05F0800716F4025F18BF002F28
:1072E00002D1F00509D410E020686FF40251016169
:1072F0002046FEF7F1FEF00507D537B120686FF4A0
:10730000807101612046FEF7E3FE700609D515F095
:10731000400006D020686FF040010161204600F077
:1073200003FEB0060CD515F0200009D020686FF0E0
:1073300020010161204601B0BDE8F040FEF7D0BE5B
:1073400001B0F0BD00000000704700000000000028
:107350002DE9F04190F83C30012B03D10220BDE82B
:10736000F08100BF4FEAB202052A31D8DFE812F0FF
:10737000060038007800B800DE000401036843F618
:10738000FF76C4F201061C6AB3421A6A24F00204B2
:1073900022F001021A621A46D3F804E052F818CF1C
:1073A0008D6844EA0504D1F8008040F30B8144F273
:1073B0000007C4F20107BB4200F00F8144F600074A
:1073C000C4F20107BB4200F0088144F2004700E12B
:1073D0000121002280F83C200846BDE8F08100BF72
:1073E000036840F2004843F48066C4F201081F6A53
:1073F00046451A6A27F0200722F010021A621A4640
:107400005D6852F818CF8C68D1F800E047EA0414A0
:1074100008D11E6A24F0800426F040061E62CE6861
:1074200044EA061443F6FF76C4F20106B34240F381
:10743000F18044F20006C4F20106B34200F0F1808C
:1074400044F60006C4F20106B34200F0EA8044F2BA
:107450000046C4F20106B34200F0E380E8E000BF5A
:10746000036840F2004843F48066C4F201081F6AD2
:1074700046451A6A27F4007722F480721A621A4687
:107480005D6852F81CCF8C68D1F800E047EA04240C
:1074900008D11E6A24F4006426F480661E62CE6859
:1074A00044EA062443F6FF76C4F20106B34240F3F1
:1074B000D78044F20006C4F20106B34200F0D78040
:1074C00044F60006C4F20106B34200F0D08044F254
:1074D0000046C4F20106B34200F0C980CEE000BF0E
:1074E000036843F6FF77C4F20107D3F820C0BB421C
:1074F0001A6A22F480521A621A465C6852F81C6FAB
:107500000D68D1F808E040F3D18044F20007C4F2DE
:107510000107BB4200F0D58044F60007C4F2010722
:10752000BB4200F0CE8044F20047C6E0036843F659
:10753000FF77C4F20107D3F820C0BB421A6A22F4D5
:1075400080321A621A465C6852F8546F0D68D1F89E
:1075500008E040F3D58044F20007C4F20107BB42C3
:1075600000F0D98044F60007C4F20107BB4200F0E6
:10757000D28044F20047CAE0036843F6FF77C4F2C2
:107580000107D3F820C0BB421A6A22F480121A62A3
:107590001A465C6852F8546F0D68D1F808E040F361
:1075A000DB8044F20007C4F20107BB4200F0DF8039
:1075B00044F60007C4F20107BB4200F0D88044F251
:1075C0000047D0E00027C4F20107BB4205D040F2DB
:1075D0000047C4F20107BB4207D11F6A24F0080428
:1075E00027F004071F62CF683C43B34240F3E280B8
:1075F00044F20006C4F20106B34200F0E68044F60D
:107600000006C4F20106B34200F0DF8044F20046F7
:10761000D7E000BF0026C4F20106B34201D04345C3
:1076200006D1D1E905673E4325F4406545EA860564
:1076300048F6FF465D60CFF6FF660CEA060747EAAC
:107640000E279F614F6809699F631C629F6947F419
:1076500000679F619F6927F480679F61A7E000BF73
:107660000026C4F20106B34201D0434506D1D1E958
:1076700005673E4325F4405545EA06154FF68C76DE
:107680005D60CFF6FE760CEA060747EA0E07DF617B
:107690004F680969DF631C62DF6947F00807DF6133
:1076A000DF6927F00407DF61ADE000BF0027C4F207
:1076B0000107BB4205D040F20047C4F20107BB42BC
:1076C00004D14F6924F4804444EA871448F6FF4704
:1076D0005C60CFF6FF673E402CF4005746EA052475
:1076E000DC614E6809691E6447EA0E371F62DF6974
:1076F00047F40067DF61DF6927F48067DF6156E0E8
:107700000027C4F20107BB4205D040F20047C4F293
:107710000107BB4204D14F6924F4803444EA0724B2
:107720004FF68C775C60CFF6FE7703373E402CF443
:10773000003746EA05045C654E6809699E6547EABC
:107740000E471F625F6D47F008075F655F6D27F0AA
:1077500004075F6557E000BF0027C4F20107BB4282
:1077600005D040F20047C4F20107BB4204D14F6983
:1077700024F4802444EA872448F6FF475C60CFF66F
:10778000FF6707F540773E402CF4001746EA0524D2
:107790005C654E680969DE6547EA0E571F625F6DDA
:1077A00047F400675F655F6D27F480675F650902D6
:1077B00029E000BF0026C4F20106B34205D040F222
:1077C0000046C4F20106B34206D12EF44077D1E957
:1077D0000565374347EA050E4FF68C75C3F804E09C
:1077E000CFF6FE750CEA050747EA08079F614F6868
:1077F00009695F631C629F6947F008079F619F6981
:1078000027F004079F6113681943116000210022CB
:1078100080F83C200846BDE8F08100000000000030
:1078200060B310B5044690F83D0028B9002084F8F4
:107830003C00204600F024F8022084F83D00206837
:10784000211D02F065FC012084F8480084F83E0008
:1078500084F83F0084F8400084F8410084F8420036
:1078600084F8430084F8440084F8450084F8460016
:1078700084F8470084F83D00002010BD01207047C7
:10788000704700000000000070470000000000008A
:1078900071B10A1F4FEAB202032A11D8DFE802F0E1
:1078A00002161E2400F13F031B78012B13D120E0A8
:1078B00090F83E20012A0ED1022280F83E2032E0CC
:1078C00000F143031B78012B05D112E000F14003C6
:1078D0001B78012B0DD00120704700BF00F1410340
:1078E0001B78012B05D0F6E700F142031B78012B32
:1078F000F1D1032A08D8DFE802F0030B0F1300BF11
:10790000022280F83F200EE0022280F843200AE0A5
:10791000022280F8402006E0022280F8412002E0A6
:10792000022280F84220026801F01F00012101FAC2
:1079300000F0116A814311624EF2FF31C4F200017E
:107940008A42116A40EA0100106215DC40F6FF30FD
:10795000C4F20000824227DCB2F1804F4ED040F2E8
:107960000040C4F20000824248D040F60000C4F259
:107970000000824242D053E043F6FF700021C4F27F
:107980000100C4F20101824244F20000C4F201008D
:107990001EDC4EF20043C4F200039A422ED08A420B
:1079A00024D040F200431DE040F60040C4F2000045
:1079B000824223D041F60000C4F2000082421DD072
:1079C0004EF20000C4F20000824217D028E000BF4F
:1079D00082420BD044F60003C4F201039A4205D060
:1079E00044F20043C4F201039A4219D1536C8A4213
:1079F00043F40041516418BF82420BD107219068C3
:107A0000C0F2010101400020062918BFB1F5803FF6
:107A100006D1704740F20040C4F201008242EDD02E
:107A2000106840F001001060002070470000000066
:107A3000F0B581B02DED048B40F200410068C4F236
:107A40000001884264D041F20001C4F20001884282
:107A50005AD1F8F719FF40F21806C2F2004686ED37
:107A60000A0A02F051FA86ED0B0AF9F7F9FA86EDE7
:107A70000C0AF9F7DDFA86ED0D0AF9F7E1FA86ED61
:107A80000E0A01F08DF9B070F9F7E2FAB1EE001AC2
:107A90009FEDBD3A86ED0F0ADFEDBC0A20EE012A0C
:107AA00096ED0D1AA2EE031AB0EE410A04F032FC74
:107AB000F8F77EFE86ED100AF8F7A6FE86ED110AAD
:107AC000F8F7CEFE307886ED120A04281CD8DFE8DD
:107AD00000F003274FC1E50041F200404FF4007170
:107AE000C5F6020000220024FCF76AFB9FEDA80AFD
:107AF00006F14000F0EE400A90EC031AC6E9134488
:107B000002F072F974703462BDEC048B01B0F0BD08
:107B1000BDEC048B01B0BDE8F040F9F785B900BFBA
:107B200041F200404FF40071C5F602000122FCF75B
:107B300047FBDFEDE90A06F14C00B0EE601A06F1F2
:107B400050019FEDEA0AF9F71BFB06F1400096EDA4
:107B5000130AD6ED140A90EC031A02F045F9F9F76E
:107B60008BFA0020C6E90400BDEC048B01B0F0BD27
:107B700041F200444FF40071C5F602040122204690
:107B8000FCF71EFB04F58064042101222046FCF76B
:107B900017FB40F2040540F2A800C2F20005C2F251
:107BA0000040603095ED000A01F06AFD06F14000EA
:107BB00006F1580190EC030A06F15400F9F7C4FAF3
:107BC00096ED0D1AD6ED160A96ED150A301D06F142
:107BD0000801F9F7F9FA95ED000A40F22415C2F20E
:107BE0000045D6ED0F0A284601F08AFDD6ED020ABF
:107BF00005F1340086ED030A01F082FD40F25810D1
:107C000086ED050AD6ED010AC2F200009FEDB20A28
:107C100001F076FDD6ED050A06F14C0096ED0D1A41
:107C200006F1500186ED040AF9F7AAFA06F14000C0
:107C300096ED130AD6ED140A90EC031A02F0D4F86C
:107C4000042100222046BDEC048B01B0BDE8F040C9
:107C5000FCF7B6BA41F200404FF40071C5F60200DD
:107C60000122FCF7ADFA96ED040AD6ED050A96ED71
:107C70000D1A06F14C0006F15001F9F781FA06F1F0
:107C8000400096ED130AD6ED140A90EC031ABDECF1
:107C9000048B01B0BDE8F04002F0A6B841F200400C
:107CA0004FF40071C5F602000122FCF789FA06F1D3
:107CB000400006F1580190EC030A06F15400F9F770
:107CC00043FA40F2040740F2A800C2F20007C2F2F1
:107CD0000040603097ED000A01F0D2FC707840F26D
:107CE00024159FED7D8AC2F2004503281ED8DFE8E7
:107CF00000F00321518300BF96ED080A9FED7A1A28
:107D000030EE010AB7EE001A00209FED789AF06578
:107D1000B4EE410A86ED080AF1EE10FAC0F28E8048
:107D200001217170C6E90600306287E0B0EE489A22
:107D300084E000BF96ED071A9FED6A2A96ED060AC9
:107D400031EE021A9FED682A40F28C1030EE020AE2
:107D5000C2F2000086ED060A97ED002A86ED071AAA
:107D600021EE003A90ED110AB4EE401A9FED5B0A45
:107D700022EE000A86ED173AF1EE10FA5ADB0320E4
:107D800070700020706255E078F26138DB0FC940F6
:107D90000000000040F28C1096ED150AC2F20000BF
:107DA00096ED062A96ED073A90ED091A23EE022A7F
:107DB00031EE400A97ED001A86ED172AB0EEC04A60
:107DC0009FED460A21EE000A9FED451AB4EE414AA6
:107DD000F1EE10FA2EDA90ED0A2A96ED163A32EE0E
:107DE000432AB0EEC22AB4EE412AF1EE10FA21DAAB
:107DF000032070701EE000BF40F28C14C2F2000439
:107E0000204601F051FE204686ED170A01F060FE83
:107E100006F1680001F038F8B5EE001A40F22410BF
:107E2000C2F2004060EE010A97ED000AC6ED180AA2
:107E300001F066FCB0EE489AB0EE408A06F15400BC
:107E400006F1080190EC030A301DF9F7BDF9B0EE18
:107E5000490A40F25810D6ED010AC2F2000001F0C2
:107E60004FFC86ED040AB0EE480AD6ED020A05F191
:107E7000340001F045FCF0EE400A86ED050A96ED6F
:107E8000040A96ED171A06F14C0006F15001F9F7B5
:107E900077F906F14C009FED142A90EC040A40F2A9
:107EA0008C10C2F2000001F05FFE06F1400096ED7A
:107EB000130AD6ED140A90EC031A01F095FF96ED23
:107EC0000D0A96ED171A30EE410A86ED190ABDEC3F
:107ED000048B01B0F0BD00BF000000008FC2753CF4
:107EE0006F12833A0AD7A33B17B75138CDCC4C3F1A
:107EF0004FEAB101032907D8DFE801F002080C10AE
:107F000000683430006870470020704700683830DF
:107F10000068704700683C30006870470068403077
:107F2000006870470000000070470000000000007B
:107F300090F88410012901D1022070472421C0F853
:107F4000881002681368116823F0005321F00101C2
:107F500011600021416613602022C0F8882080F85B
:107F600084100846704700007047000000000000C1
:107F7000704700000000000070B590F88420012ACE
:107F800002D1022070BD00BF2422C0F88820026800
:107F9000D0F864E0BEF1000FD2F800C0136823F0FF
:107FA00001031360936823F0606341EA0301916069
:107FB0001AD091684CF2BC7E9368C0F6000E5B0F3D
:107FC0004CF2C475C1F34266C0F600051EF80340CA
:107FD000E95C2301B3FBF1F11EF80630AE5D1B0135
:107FE000B3FBF6F302E000BF01210123A0F86A1001
:107FF0002021A0F86830C2F800C0C0F88810002125
:1080000080F88410084670BD70B590F88420012A6D
:1080100002D1022070BD00BF2422C0F8882002686F
:10802000D0F864E0BEF1000FD2F800C0136823F06E
:1080300001031360936823F0604341EA03019160F8
:108040001AD091684CF2BC7E9368C0F6000E5B0FAC
:108050004CF2C475C1F34266C0F600051EF8034039
:10806000E95C2301B3FBF1F11EF80630AE5D1B01A4
:10807000B3FBF6F302E000BF01210123A0F86A1070
:108080002021A0F86830C2F800C0C0F88810002194
:1080900080F88410084670BD7047000000000000A2
:1080A0007047000000000000704700000000000062
:1080B00070B50446006840F62F01C26911402029BE
:1080C000016886680ED101F0200306F080555B1927
:1080D0001AD0616F002900F07D802046BDE8704015
:1080E000084700BF40F60F031A420DD0012340F2AB
:1080F0002015C1F20003C0F2004506EA030C01EAB4
:10810000050313EB0C0367D1E36E012B05D112F0CD
:10811000100318BF11F010034CD1D3020AD516F486
:10812000800307D04FF4801101622046BDE8704003
:10813000FFF7B6BF100606D501F0800006F4000375
:10814000C01840F0A18150066ED511F040006BD0F0
:10815000206850E8000F216820F0400041E800024C
:10816000F2B1206850E8000F216820F0400041E89B
:108170000002002A1FBF206850E8000F216820F08D
:1081800040001CBF41E80002002A09D0206850E8E6
:10819000000F216820F0400041E80002002AD7D1FA
:1081A0002020C4F888000020A0672046BDE8704069
:1081B00000F06EBD102101628068400616D4B4F84C
:1081C0005C00B4F85E10B4F85E20002A18BF884244
:1081D00040F08A8170BD00BFD30718BF11F48073CF
:1081E0002ED1930706F0010E36D440E0D4F880007B
:1081F00040F20F42C4F202020168914200F34A8148
:108200006F22C4F20202914200F3F0813F22C4F2D5
:108210000202914200F306821022C4F2020291424D
:1082200000F0258228221FE2100240F14B8111F05C
:10823000804000F047812046BDE87040FFF72CBF2A
:1082400001230362D4F8903043F00103C4F8903066
:10825000930706F0010E0AD5BEF1000F07D00223E6
:108260000362D4F8903043F00403C4F8903053070D
:108270000AD5BEF1000F07D004230362D4F8903072
:1082800043F00203C4F8903013070CD501F020032B
:1082900053EA0C0307D008230362D4F8903043F06C
:1082A0000803C4F8903013050BD511F0806308D093
:1082B0004FF400630362D4F8903043F02003C4F815
:1082C0009030D4F89030002B3FF484AF12F02002AD
:1082D0000AD001F0200106F08052891804D0616FA5
:1082E00011B1204688472068D4F89010806800F0CB
:1082F000400001F02801401806D12046FFF7D4FEC7
:108300000020C4F8900070BD206850E8000F21687C
:1083100020F4907041E80002F2B1206850E8000FAC
:10832000216820F4907041E80002002A1FBF2068F5
:1083300050E8000F216820F490701CBF41E8000253
:10834000002A09D0206850E8000F216820F49070BE
:1083500041E80002002AD7D14FF6FE70CEF6FF703A
:10836000216851E8021F2268014042E80213DBB194
:10837000216851E8021F2268014042E80213002BE5
:108380001FBF216851E8021F226801401CBF42E85C
:108390000213002B08D0216851E8021F2268014017
:1083A00042E80213002BDBD1E06E012827D12068C0
:1083B00050E8000F216820F0100041E80002F2B1FF
:1083C000206850E8000F216820F0100041E800020A
:1083D000002A1FBF206850E8000F216820F010001D
:1083E0001CBF41E80002002A09D0206850E8000FB5
:1083F000216820F0100041E80002002AD7D1202097
:10840000C4F88C000020E066216860678868400638
:1084100064D5206850E8020F216820F0400041E850
:108420000202F2B1206850E8020F216820F04000FB
:1084300041E80202002A1FBF206850E8020F2168AD
:1084400020F040001CBF41E80202002A09D0206849
:1084500050E8020F216820F0400041E80202002AA3
:10846000D7D1D4F88000C8B34AF2E161C0F6000168
:108470000165FAF735FB00283FF4ACAED4F8800074
:10848000016DBDE870400847A16F00297FF425AE5B
:10849000A0E600BF40F26F42C4F20202914200F334
:1084A000B18040F23F42C4F20202914200F3C28026
:1084B00040F21042C4F20202914200F0D88040F231
:1084C0002842D1E0D0017FF585AEB1F1FF3FC8BFB2
:1084D00070BD2046BDE87040FFF74ABD2046BDE8AC
:1084E0007040FFF7E1BD00BF401A216851E8001F4E
:1084F000226821F4907142E80013F3B1216851E839
:10850000001F226821F4907142E80013002B1FBF66
:10851000216851E8001F226821F490711CBF42E8D5
:108520000013002B09D0216851E8001F226821F4B4
:10853000907142E80013002BD7D14FF6FE71CEF6B2
:10854000FF71226852E8022F23680A4043E802269E
:10855000DEB1226852E8022F23680A4043E802266F
:10856000002E1FBF226852E8022F23680A401CBF5A
:1085700043E80226002E08D0226852E8022F236822
:108580000A4043E80226002EDBD12021C4F88C10DB
:108590000021E1666167216851E8001F226821F02F
:1085A000100142E80013F3B1216851E8001F22686E
:1085B00021F0100142E80013002B1FBF216851E891
:1085C000001F226821F010011CBF42E80013002B9D
:1085D00009D0216851E8001F226821F0100142E80B
:1085E0000013002BD7D181B210E100BF9F22C4F24B
:1085F0000202914228DC7022C4F20202914236D07B
:10860000882231E040F29F42C4F20202914223DC10
:1086100040F27042C4F20202914228D040F28842F5
:1086200022E000BF4022C4F2020291421FD0582231
:108630001AE000BF40F24042C4F20202914216D05A
:1086400040F2584210E000BFA022C4F20202914260
:108650000DD0B82208E000BF40F2B842C4F20202D6
:10866000914204D040F2A042C4F2020291424A6810
:10867000B4F85C3091B2002900F0C080994280F0DB
:10868000BD80A4F85E20C069B0F5807F00F0A980AD
:10869000206850E8000F216820F4807041E8000253
:1086A000F2B1206850E8000F216820F4807041E8A2
:1086B0000002002A1FBF206850E8000F216820F444
:1086C00080701CBF41E80002002A09D0206850E8F1
:1086D000000F216820F4807041E80002002AD7D101
:1086E000206850E8020F216820F0010041E80202F2
:1086F000F2B1206850E8020F216820F0010041E843
:108700000202002A1FBF206850E8020F216820F0F3
:1087100001001CBF41E80202002A09D0206850E88D
:10872000020F216820F0010041E80202002AD7D19F
:10873000206850E8020F216820F0400041E8020262
:10874000F2B1206850E8020F216820F0400041E8B3
:108750000202002A1FBF206850E8020F216820F0A3
:1087600040001CBF41E80202002A09D0206850E8FE
:10877000020F216820F0400041E80202002AD7D110
:108780002020C4F88C000020E066206850E8000F2C
:10879000216820F0100041E80002F2B1206850E8A2
:1087A000000F216820F0100041E80002002A1FBFDE
:1087B000206850E8000F216820F010001CBF41E83D
:1087C0000002002A09D0206850E8000F216820F03C
:1087D000100041E80002002AD7D1D4F88000F9F750
:1087E000E7FE02202067B4F85C00B4F85E10401A7F
:1087F00081B22046BDE87040FFF7B6BB8B427FF4E4
:10880000E9ACC069B0F5807F7FF4E4AC022020675A
:108810002046BDE87040FFF7A7BB00000000000045
:1088200010B5E0B10446D0F8880028B9002084F8DB
:108830008400204600F028F82420C4F8880020682E
:10884000A16A0268002922F00101016002D02046DD
:1088500001F01AFE204602F0D3FA012802D10120CD
:1088600010BD00BF2068416821F4904141608168DB
:1088700021F02A018160016841F001010160204678
:10888000BDE8104001F070BE2DE9F041B4B069467A
:10889000044601F10800B021F7F770FD41F2000134
:1088A0002068C4F20101884202D034B0BDE8F081F2
:1088B00001200090684600260196FCF7C9F908B12E
:1088C000F8F726FC44F2E04040F21008C5F602003A
:1088D000C4F20208016941F010010161016901F06F
:1088E00010012F912F99016841F00101016000688A
:1088F0002FA900F001002F902F984FF4C0602F9007
:108900000220CDE930060720339000203296C5F6CC
:108910000200FBF765FB40F270252920C2F20045FA
:108920004FF48067C5E901064FF48070C5F80080F8
:10893000C5E907062846EE60C5E90476AE616E62B9
:10894000FAF74AFE08B1F8F7E3FBC4F8805008F1E3
:108950001800AC6340F2E825C2F2004528602A20E6
:1089600068604020A8600020C5E90307C5E905004C
:10897000C5E9070068622846FAF72EFE08B1F8F745
:10898000C7FB252000210022E567AC63FBF714FD3F
:108990002520FBF7FDFC34B0BDE8F08100000000AD
:1089A00010B50446D0F88C00202809D196460A4616
:1089B0000120002918BFBEF1000F03D110BD00BF78
:1089C000022010BD4FF0000CC4F86CC040F600400F
:1089D0002168C5F60000814203D04868000200F11A
:1089E000A780A2652220A4F85CE0C4F890C0C4F877
:1089F0008C00D4F88000F8B14AF6D9014AF6513318
:108A0000C0F60001C0F60003C0E90F134AF2E961A5
:108A10000023C0F60001C164216803652431734658
:108A2000FBF70AF940B11020C4F890002020C4F8E8
:108A30008C00012010BD00BF206938B3206850E8C9
:108A4000000F216840F4807041E80002F2B1206814
:108A500050E8000F216840F4807041E80002002ACD
:108A60001FBF206850E8000F216840F480701CBFD1
:108A700041E80002002A09D0206850E8000F216870
:108A800040F4807041E80002002AD7D1206850E805
:108A9000020F216840F0010041E80202F2B12068B3
:108AA00050E8020F216840F0010041E80202002A6C
:108AB0001FBF206850E8020F216840F001001CBF72
:108AC00041E80202002A09D0206850E8020F21681C
:108AD00040F0010041E80202002AD7D1206850E8A6
:108AE000020F216840F0400041E80202F2B1206824
:108AF00050E8020F216840F0400041E80202002ADD
:108B00001FBF206850E8020F216840F040001CBFE2
:108B100041E80202002A09D0206850E8020F2168CB
:108B200040F0400041E80202002AD7D1002010BDE9
:108B3000206850E8000F216840F0806041E80003A1
:108B4000002B3FF44EAF206850E8000F216840F042
:108B5000806041E80003002B1FBF206850E8000F31
:108B6000216840F080601CBF41E80003002B3FF407
:108B700038AF206850E8000F216840F0806041E87D
:108B80000003002BD4D12CE741F200010068C4F2AD
:108B90000101884218BF704702F036BF0000000094
:108BA00041F200010068C4F20101884218BF704719
:108BB00002F02ABF00000000B0B50446D0F88800DB
:108BC000202831D100294FF001005BD0002A134644
:108BD00008BFB0BD21650025A4F854302120A4F8B9
:108BE0005630C4F89050C4F88800E06FF0B14AF2F3
:108BF000E9624AF6694CC0F60002C26422684AF68D
:108C0000295E2832C0F6000CC0F6000E0565C0E9EA
:108C10000FCEFBF711F848B11020C4F890002020C7
:108C2000C4F888000120B0BD0220B0BD20684021FA
:108C30000162206850E8020F216840F0800041E89E
:108C400002020AB3206850E8020F216840F0800059
:108C500041E80202002A1FBF206850E8020F216885
:108C600040F080001CBF41E80202002A0CD02068BE
:108C700050E8020F216840F0800041E80202002A1B
:108C8000D7D10020B0BD00BF0020B0BD0000000063
:108C900010B541F200010068C4F20101884218BF1A
:108CA00010BD40F29C00C2F200408188C28811448D
:108CB00001F07F01818000210170C180EFF31084F9
:108CC00072B6017811B184F3108810BD4188828892
:108CD000914209D280218288914209D041888288BC
:108CE000914209D9418808E0418882889142F5D1B2
:108CF00084F3108810BD00BF802182880123037097
:108D00008A1AC280808840F2645192B2C2F2004155
:108D1000014440F29040C2F20040FFF74DFF84F35F
:108D2000108810BD00000000704700000000000027
:108D300070B540F600444FF48051C5F60204204659
:108D4000FBF736FA05464FF400512046FBF730FAA0
:108D500006464FF480412046FBF72AFA710041EAAB
:108D6000850141EA0002501EC1B240F26C00C2F21D
:108D70000000062902700DD24CF26072C0F60002AB
:108D8000515C4CF2CC72C0F60002417052F82110D6
:108D9000416070BD0021417070BD00000000000006
:108DA00040F26C00C2F20000407870470000000002
:108DB00070B540F2C000C2F20000FDF7A1FA40F623
:108DC00000444FF48051C5F602042046FBF7F0F949
:108DD00005464FF400512046FBF7EAF906464FF4EA
:108DE00080412046FBF7E4F9710041EA850141EA40
:108DF0000002501EC1B240F26C00C2F2000006290F
:108E000002700DD24CF26072C0F60002515C4CF25E
:108E1000CC72C0F60002417052F82110416070BD62
:108E20000021417070BD0000FEE70000000000005E
:108E3000002808BF7047B7EE001AB5EE400AF1EE01
:108E400010FA9FED102AF5EE400A30FE010A9FED60
:108E50000C3AF1EE10FA80ED030A4FF0000120EE1B
:108E6000022A016030FE833A017480ED023A81EEFD
:108E7000021A33EE011A83EE011A80ED011A7047CF
:108E800017B7D138DB0FC94050B110EE101A01F0FE
:108E9000FF41B1F1FF4F07D190ED000A704700BFCD
:108EA0009FED0C0A704700BF017C69B190ED001A7C
:108EB00090ED012A30EE410AA2EE001A80ED001A70
:108EC000B0EE410A704700BF80ED000A0121017435
:108ED000704700BF0000000010B594B001A8402109
:108EE00000241394CDE91144F7F748FA40F29010AA
:108EF00042F20001C2F20040C4F2020101604FF4EC
:108F00008031416008218160C0E90441048301216E
:108F1000C16180F820400463C0E90F4480F84440F8
:108F20008164F9F7C5F808B1F8F7F2F8052011A93E
:108F3000CDE9110440F290101394C2F20040F8F70A
:108F4000F3FE08B1F8F7E4F840F29014C2F20044DE
:108F50002046F8F7C9F904200121C0F6600001900D
:108F6000092002900220039040F2FF700490042038
:108F70000590002006908DF825000A918021ADF81B
:108F80002C008DF82E00CDE90C118DF8380001A9C8
:108F90002046F8F7C5F908B1F8F7BAF814B010BDD3
:108FA00070B590B0684628211830F7F7E7F940F21D
:108FB000002042F20011C2F20040C4F2020100257A
:108FC000012601604FF48031416008218160C0E9D1
:108FD00004510583C66180F820500563C0E90F5530
:108FE00080F844508664F9F763F808B1F8F790F810
:108FF00040F20024C2F200442046F8F775F904203C
:109000006946C0F66000009009200190022002909D
:1090100040F2FF70039004200996CDE90405204634
:10902000ADF828508DF82A508DF83450F8F778F9BB
:1090300008B1F8F76DF810B070BD00000000000036
:1090400080B582B044F2D8400022C5F60200016823
:1090500041F0010101600068002100F00100019071
:1090600001980B20FBF7A8F90B20FBF791F90C20D6
:1090700000210022FBF7A0F90C2002B0BDE88040DF
:10908000FBF786B9000000002DE9F04387B044F2F9
:10909000E0404FF00009C5F60200CDF8189041F20B
:1090A000004400220168C5F6020441F0200101607D
:1090B00001684FF4007601F02001019101990168E7
:1090C00041F080010160016801F080010191019986
:1090D000016841F001010160016801F001010191A5
:1090E0000199016841F010010160016801F010016F
:1090F00001910199016841F002010160016801F0EC
:10910000020101910199016841F0080101600168C3
:1091100001F0080101910199016841F040010160ED
:1091200000684FF4007100F0400001900198204663
:10913000FBF746F804F580650421002228464FF02D
:109140000408FBF73DF8029602AE2046314601279F
:10915000CDF81490CDE90379FAF742FF284631465D
:10916000CDE90287CDE90499FAF73AFF07B0BDE8E7
:10917000F08300000000000010B58CB040F2AC306D
:1091800041F60002C2F2004000210B91C4F200023D
:10919000CDE909110791CDE90511CDE90311CDE91B
:1091A0000111C0E9002181604FF6FF72C0E903217F
:1091B0008161FDF735FA08B1F7F7AAFF4FF4805047
:1091C000089040F2AC3008A9C2F20040FDF79CFBC9
:1091D00008B1F7F79DFF40F2AC30C2F20040FDF756
:1091E000AFFE08B1F7F794FF40F2AC3005A9C2F228
:1091F0000040002405940794FDF702F908B1F7F741
:1092000087FF012001A9CDE902040520049040F266
:10921000AC300022C2F200400194FDF7E5FD08B138
:10922000F7F776FF0CB010BDB0B5A0B000256846CA
:10923000342100241A94C4F20105CDE9184416948F
:10924000CDE91444CDE91244CDE91044CDE90E44F2
:109250000D94F7F793F840F260306021C2F20040BD
:10926000C0E90054816043F2B651C0E90314012102
:10927000416180218161FDF7D3F908B1F7F748FF1B
:109280004FF48050179040F2603017A9C2F20040AE
:10929000FDF73AFB08B1F7F73BFF40F26030C2F24E
:1092A0000040FEF7BDFA08B1F7F732FF2020149016
:1092B00040F2603014A9C2F200400024CDE9154408
:1092C000FDF79EF808B1F7F723FF60200DA9CDE95F
:1092D0000D0440F260300022C2F200401394CDE948
:1092E0000F44CDE91144FEF733F808B1F7F710FF4A
:1092F00040F260300DA9C2F200400422FEF728F8C7
:1093000008B1F7F705FF40F260300DA9C2F2004046
:109310000822FEF71DF808B1F7F7FAFE40F26034B4
:109320000020C2F200440290CDE900006E210890B6
:10933000CDE903104FF400510C90CDE905104FF02A
:109340000071CDE9091069462046FCF7CDFE08B151
:10935000F7F7DEFE2068A84202D020B0B0BD00BF03
:1093600044F2E040C5F60200016841F010010160DE
:1093700000681BA900F010001B901B984FF47C5054
:109380001B9002201C900020CDE91D0001201F90A1
:1093900041F20000C5F60200FAF722FE20B0B0BD8F
:1093A00010B58CB040F274000024C2F200004FF0FF
:1093B000804101940722C0E900144FF0FF3184601E
:1093C000C0E9031403218461CDE9031401210B9248
:1093D000CDE90514CDE9091403A9CDE90724FDF76A
:1093E000EFFB08B1F7F794FE40F274006946C2F251
:1093F000000000940294FDF703F808B1F7F788FE27
:109400000CB010BD0000000080B588B040F2F8300C
:1094100040F20042C2F2004000210791C4F2000273
:10942000CDE90511029102604FF48972C0E9012172
:1094300040F2E732C0E9032180218161FDF7F0F8B5
:1094400008B1F7F765FE4FF48050049040F2F83011
:1094500004A9C2F20040FDF757FA08B1F7F758FE29
:1094600000200190039040F2F830C2F2004001A9C0
:10947000FCF7C6FF08B1F7F74BFE08B080BD00004F
:1094800010B588B040F2C00040F60001C2F2000002
:109490000024C4F200010294C0E900144FF6FF71E9
:1094A0008460C0E9031404A98461CDE90444CDE9D2
:1094B0000644FCF77DFE08B1F7F72AFE5020019024
:1094C00040F2C00001A9C2F200000394FCF798FF2B
:1094D00008B1F7F71DFE08B010BD00000000000045
:1094E00010B58CB040F2444040F60042C2F2004059
:1094F00000210B91C4F20002CDE909110791CDE9D9
:109500000511CDE90311CDE9011102604FF4897213
:10951000C0E901214FF0FF328161C0E90321FDF76D
:109520007FF808B1F7F7F4FD4FF48050089040F24F
:10953000444008A9C2F20040FDF7E6F908B1F7F788
:10954000E7FD40F24440C2F20040FDF7F9FC08B1EB
:10955000F7F7DEFD40F2444005A9C2F200400024C6
:1095600005940794FCF74CFF08B1F7F7D1FD0120F3
:1095700001A9CDE902040720049040F244400822EA
:10958000C2F200400194FDF72FFC08B1F7F7C0FDCF
:109590000CB010BD0000000010B584B040F20C10FB
:1095A00041F20001C2F2000000240294C4F2000162
:1095B00001604FF48971C0E901143221C1608461F6
:1095C000FDF72EF808B1F7F7A3FD40F20C1001A942
:1095D000C2F2000001940394FCF712FF08B1F7F700
:1095E00097FD04B010BD000080B540F2904041F2FC
:1095F0000001C2F20040C4F201010C2201604FF4EC
:10960000E13141600021C0E902110161C0E9052199
:10961000C0E90711C0E90911FFF702F908B1F7F72E
:1096200077FD40F290400021C2F20040FEF7ECFCD2
:1096300008B1F7F76DFD40F290400021C2F2004002
:10964000FEF79AFC08B1F7F763FD40F29040C2F2D2
:109650000040FEF76DFC002808BF80BDBDE88040DB
:10966000F7F756BD00000000FEE700000000000014
:1096700080EC060A002181617047000000000000B4
:1096800090ED061A90ED013AB0EEC12AB4EE401A00
:10969000F1EE10FA14DA0C21B4EE432AF1EE10FACE
:1096A000B8BF082190ED003A014491ED002A02EE86
:1096B000031A81FE401AB0EE410A80ED061A704787
:1096C000B4EE401AF1EE10FAF5DD1421B4EE432A9F
:1096D000F1EE10FAB8BF102190ED003A014491ED7F
:1096E000002A02EE431A81FE001AB0EE410A80ED14
:1096F000061A704700000000FEE7000000000000AE
:1097000090F83010B0EE401A9FED200AE9B390EDCA
:10971000033AB5EE403AF1EE10FA36DD90ED070A65
:1097200031EE601A90ED092A90ED064A20EE020A09
:1097300090ED0A5A33EE033AA4EE010A90ED084A7E
:10974000A4EE050A90ED0B4AA3EE040A80EE033A5C
:1097500090ED040AB4EE403AF1EE10FA06DC90ED1A
:10976000050AB4EE403AF1EE10FA06DA90F831103C
:10977000B0EE403A002918BF7047B0EE430A80EDC2
:10978000091A80ED0A2A80ED0B3A704700000000AC
:10979000B7EE003A9FED1A4AB9EE006A80ED000A72
:1097A0000021416281FEC33AF0EE001A21EE066A02
:1097B0008162C16240F2011183FE043A0186C0ED6C
:1097C000010A80ED021A23EE204A80ED033A33EEBF
:1097D000035A80ED042AC0ED052A23EE047AA4EE94
:1097E000036AA5EE007AA5EE406A31EE010AA1EE09
:1097F000217A80ED080A80ED076A80ED067A7047CD
:10980000BD3786350000000020EE811A011D80ED75
:10981000000A81EC031A0021C0E90411704700001E
:109820007047000000000000F0B581B044F22C4702
:10983000C5F6020757F8042C02F00302032A03D1ED
:10984000012001B0F0BD00BF054657F82C0C0C46B6
:1098500020F0806047F82C0CFAF7BAFC064600BFEF
:1098600057F82C0C000105D5FAF7B2FC801B022832
:10987000F6D964E057F8040CEE6895E80E0020F481
:109880007C30012C40EA0130A2F101016FF35F212D
:109890004FF47E4202EB432247F8040C92B24FF0A1
:1098A000FE4302EB01004FF4FE012A6901EB064181
:1098B00001F4FE0103EB0262084402F0FE41084499
:1098C000F8603868696920F0C00040EA010038603B
:1098D0003868A96920F0200040EA01003860386843
:1098E0004FF6F87120F0100038603869EA6920EA14
:1098F00001004FF4001140EAC2003861386808BF27
:109900004FF4801140F01000002C386008BF4FF475
:10991000002138680843386057F82C0C40F080600C
:1099200047F82C0CFAF754FC044600BF57F82C0CEF
:10993000000107D4FAF74CFC001B0328F6D30320E0
:1099400001B0F0BD002001B0F0BD0000000000003B
:10995000F0B581B044F22C47C5F6020757F8042C45
:1099600002F00302032A03D1012001B0F0BD00BFC1
:10997000054657F82C0C0C4620F0805047F82C0C6C
:10998000FAF726FC064600BF57F82C0C800005D5D8
:10999000FAF71EFC801B0228F6D964E057F8040C85
:1099A000EE6895E80E0020F07C70012C40EA015032
:1099B000A2F101016FF35F214FF47E4202EB4322DB
:1099C00047F8040C92B24FF0FE4302EB01004FF453
:1099D000FE012A6901EB064101F4FE0103EB02627C
:1099E000084402F0FE41084478613868696920F44F
:1099F000406040EA010038603868A96920F40070CE
:109A000040EA0100386038684FF6F87120F4807041
:109A10003860B869EA6920EA01004FF0807140EAD5
:109A2000C200B861386808BF4FF4000140F480708C
:109A3000002C386008BF4FF4800138680843386054
:109A400057F82C0C40F0805047F82C0CFAF7C0FB6C
:109A5000044600BF57F82C0C800007D4FAF7B8FB77
:109A6000001B0328F6D3032001B0F0BD002001B095
:109A7000F0BD000000000000704700000000000082
:109A800080ED000A9FED060A81FE800AC0ED010A02
:109A900080ED021A002180ED030AC0E9041170472D
:109AA00017B7D1380000000010B590ED050A9FED02
:109AB000071A60EE010A90ED0E0A044602F036F92C
:109AC00094ED0D1A30EE010A10BD00BFDB0FC94046
:109AD00090ED0E0A70470000B7EE005A9FED1F4A46
:109AE00080ED000A9FED1E0A22EE042AB7EE087AE6
:109AF000A3EE005A002123EE000A80ED021A22EEA6
:109B0000212AC4F27A41416141F651414CF20642A8
:109B1000C0ED010A80EE050AC0ED031A22EE016ACB
:109B200080ED060A22EE840AC4F2DE41C4F6C012B9
:109B300080ED102A26EE071A20EE210A80ED041A85
:109B4000C0E9071200214163C0E90911C0E90B1106
:109B5000C0E90E1180ED110A704700BF5077D63D65
:109B60007C59C4450000000010B52DED108B90ED20
:109B7000093A9FED7DCA33EE411AB0EE40AA90ED4E
:109B80000A3A044633EE61BAB0EE428A21EE0C1A6C
:109B9000B0EE609A90ED04DAB0EE410A02F0C4FA39
:109BA000B7EE00EAB0EE00FAFFEE008A30EE0E0AE1
:109BB0008FEE000A30EE280A2DEE00DA2BEE0C0AAA
:109BC00094ED04BA02F0B0FA30EE0E0A94ED061AE3
:109BD0003EEE412A94ED0C5A94ED003A94ED094A78
:109BE0008FEE000A94ED0A6A22EE055AA3EE44AA0B
:109BF00030EE280AA3EE469A94ED0B3A22EE032AA1
:109C00002BEE000A3AEE4D3AA1EE0D2AA1EE005AD3
:109C100094ED011A39EE400A83EE013A84ED0B2AE5
:109C200084ED0C5A80EE010A25EE057AA3EE084A6F
:109C3000A0EE086AA2EE027A84ED094A84ED0A6A6F
:109C4000B1EEC70A84ED120A82EE001A85EE000A10
:109C500084ED131A84ED140A94ED0D0A02F0BCF998
:109C6000B0EE409A94ED0D0A02F0ACFB94ED141A9C
:109C700094ED0F3A21EE401A94ED130A94ED074A41
:109C8000A0EE491A94ED080AA1EE083A84ED0F3AC5
:109C900023EE002AA4EE012A94ED101AB4EE412A14
:109CA000F1EE10FA06DCB1EE411AB4EE412AF1EE03
:109CB00010FA05DAB0EE412A81EE000A84ED0F0AAF
:109CC00094ED0D0A9FED291AA2EE080A84ED0E2AE2
:109CD000B4EE410AF1EE10FA1EDB9FED252A00BF1B
:109CE00030EE020AB4EE410AF1EE10FAA1BF30EEF6
:109CF000020AB4EE410AF1EE10FA30EE020AA4BFF5
:109D0000B4EE410AF1EE10FA06DB30EE020AB4EED0
:109D1000410AF1EE10FAE3DAB5EE400A84ED0D0ADD
:109D2000F1EE10FA1DDA30EE010AB5EE400AF1EE5E
:109D300010FA14DA30EE010AB5EE400AF1EE10FA2C
:109D4000BEBF30EE010AB5EE400AF1EE10FA06DAB7
:109D500030EE010AB5EE400AF1EE10FAE3DB84EDD5
:109D60000D0ABDEC108B10BD0AD723BCDB0FC94018
:109D7000DB0FC9C0000000007047000000000000B9
:109D800040F21002C2F2004282ED000A40F2940258
:109D9000C2F20042C2E9000170470000000000006A
:109DA00010B540F29404C2F200442068002808BFB5
:109DB00010BD0021FDF76CFD20680421FDF768FD52
:109DC00020680821FDF764FD20680021FCF788FB6E
:109DD00020680421FCF784FB20680821BDE81040BE
:109DE000FCF77EBB0000000040F29400C2F200408D
:109DF000016800297ED04168002908BF7047BFEE86
:109E0000004AB7EE005AB5EE402A9FED3B3AF1EE1C
:109E100010FAF5EE401A20EE832A35FE043A40F29D
:109E20001002F1EE10FAC2F20042B5EE401A75FED1
:109E3000040A9FED327AF1EE10FA92ED006AFEEE1E
:109E4000001A87EE061A9FED2E7A35FE044AF6EECA
:109E5000002AC0EE063AF0EE474AF0EE475AA4EE6A
:109E6000017AB0EE424AA0EE212A73EEA21AA0EEC9
:109E7000224AE0EE815A00EE901A31EE877A3421C0
:109E800082EE060AC4F20101F8EE600A87FE452A56
:109E90009FED1C7A30EE220AE3EE014A82FE072A89
:109EA00035EE800A22EE201A84EE062A80FE450A4C
:109EB000BCEEC11A81ED001A32EEC22A90ED011AF1
:109EC00080FE070AB8EE411A34EE822A20EE010A1B
:109ED00082FE451ABCEEC00A81ED010A81FE070A26
:109EE00090ED011AB8EE411A20EE010ABCEEC00A4C
:109EF00081ED020A704700BFD7B35D3FCDCC4C3F28
:109F0000DD981E3C0000000040F26C00C2F2000030
:109F100090ED010A70470000FAF762B900000000F6
:109F2000B0B59CB044F61804022000251195CDE987
:109F30000F55CDE90D55CDE90B550895C5F6020431
:109F4000CDE90655CDE90455CDE902550195FAF75D
:109F500073FA0095206820F440402060206800F4E7
:109F60004040009000982068800409D42068800454
:109F70005CBF20685FEA804002D420688004F2D58C
:109F8000012009902C224FF48031CDE915200C20BE
:109F9000199009A80A9102211491CDE91211CDE975
:109FA00017110024CDE91A44FBF7EEFD10B172B68B
:109FB000FEE700BF3F20019003204FF48061CDE910
:109FC0000204082004904020CDE90500CDE90710E7
:109FD00001A80321FBF790FB10B172B6FEE700BFAA
:109FE0001CB0B0BD000000004EF6885042F2000CDC
:109FF000CEF20000C5F2002C026842F4700202604A
:10A00000DCF8000000F00F00062806D8DCF800009D
:10A01000072262F30300CCF8000044F200404EF641
:10A020007F51C5F60200CEF6F621026842F0010229
:10A03000026000220261036819400160DCF8001030
:10A04000090706D5DCF80010072363F30301CCF8F9
:10A05000001040F200218261C261C0F2022102625E
:10A0600081620021C0F2FF11C16240F28021C0F282
:10A070000111016342638163C26301644264016848
:10A0800021F4802101600266D0F8D410C90448BFD1
:10A090007047D0F8D41043F2D20241F48051C0F896
:10A0A000D41044F20001C5F200210A60D0F8D410A7
:10A0B00021F48051C0F8D410704700000000000067
:10A0C00040F2F830C2F20040FDF786B80000000010
:10A0D00040F2C000C2F20000FDF77EB800000000B0
:10A0E00040F24440C2F20040FDF776B800000000A4
:10A0F00040F20C10C2F20000FDF76EB80000000044
:10A1000040F2AC30C2F20040FDF766B8000000003B
:10A1100010B540F6FF32D0F800E0C4F200029042E1
:10A1200010DCB0F1804F1ED040F20043C4F20003B7
:10A13000984218D040F60003C4F20003984212D0AF
:10A1400016E000BF40F60043C4F2000398420AD074
:10A1500040F20043C4F20103984204D00023C4F249
:10A160000103984204D12EF070024B6843EA020EBC
:10A170004EF2FF3343F6FF7CC4F20003C4F2010C3D
:10A18000984213DD60452BDC4EF20043C4F200031D
:10A19000984242D00023C4F2010398423DD040F2DD
:10A1A0000043C4F20103984237D03BE040F2FF7312
:10A1B000C4F20003984227DD40F60003C4F2000316
:10A1C00098422AD040F60043C4F20003984224D0BB
:10A1D0004EF20003C4F2000398421ED022E000BFFA
:10A1E00044F20003C4F20103984216D044F600037F
:10A1F000C4F20103984210D044F20043C4F20103B8
:10A2000098420AD00EE000BFB0F1804F05D040F276
:10A210000043C4F20003984204D12EF44072CB688C
:10A2200043EA020E4B6960450A688C68C462826228
:10A2300012DD44F20002C4F20102904217D044F64B
:10A240000002C4F20102904211D044F20042C4F272
:10A25000010290420BD00CE00022C4F201029042B5
:10A2600005D040F20042C4F20102904201D10969D6
:10A270000163016841F004010160012141612EF098
:10A2800080011943016010BD01F01F01012303FA91
:10A2900001FC036A23EA0C03036202FA01F1026A79
:10A2A000114301627047000070B5036A40F2004636
:10A2B000026A40F4806422F0100202624268D0F820
:10A2C00018C08D68C4F2010623F02003B442D1F80F
:10A2D00000E043EA051308D1046A23F0800324F068
:10A2E00040040462CC6843EA041343F6FF74C4F2EA
:10A2F0000104A04212DD44F20004C4F20104A042B1
:10A3000013D044F60004C4F20104A0420DD044F27C
:10A310000044C4F20104A04207D00DE00024C4F2BE
:10A320000104A04201D0B04206D1D1E905452C4339
:10A3300022F4406242EA840248F6FF444260CFF6CB
:10A34000FF640CEA040646EA0E22826149688163D2
:10A35000036270BD0000000010B543F6FF7ED0F828
:10A3600020C0C4F2010E7045D0F820E02EF0010E9E
:10A37000C0F820E012DD44F2000EC4F2010E704578
:10A3800018D044F6000EC4F2010E704512D044F20B
:10A39000004EC4F2010E70450CD011E040F2000EE8
:10A3A000C4F2010E704505D040F2004EC4F2010E19
:10A3B000704505D1D0F820E02EF0040EC0F820E062
:10A3C0004DF6FF7EC4F2000E7045D0F818E019DC9F
:10A3D00040F2FF74C4F20004A0422BDD40F60004FA
:10A3E000C4F20004A0423BD040F60044C4F2000492
:10A3F000A04235D041F60004C4F20004A0422FD0A0
:10A400003CE000BF4FF6FF74C4F20004A0421BDD25
:10A410000024C4F20104A04222D044F20004C4F299
:10A420000104A0421CD040F20044C4F20104A04246
:10A4300016D023E0B0F1804F12D040F20044C4F2B5
:10A440000004A0420CD019E04EF20004C4F2000453
:10A45000A04205D04EF20044C4F20004A0420DD147
:10A460002EF00304224363F307122CF00A0301F0D9
:10A470000A0182611944016210BD00BF4EF0010261
:10A48000F1E7000000000000816A0A070CD4CA0747
:10A4900015D18A071ED44A0727D4CA0630D48A06A3
:10A4A00039D44A0655D541E00268D0F838C053681F
:10A4B00023F4004343EA0C035360CA07E9D002685F
:10A4C000D0F82CC0536823F4003343EA0C035360E4
:10A4D0008A07E0D50268D0F830C0536823F480338F
:10A4E00043EA0C0353604A07D7D50268D0F834C05A
:10A4F000536823F4802343EA0C035360CA06CED585
:10A500000268D0F83CC0936823F4805343EA0C03FC
:10A5100093608A06C5D50268D0F840C0936823F4DA
:10A52000005343EA0C0393604A0612D50268D0F840
:10A5300044C0BCF5801F536823F4801343EA0C0326
:10A54000536006D1536823F4C00C836C43EA0C03B8
:10A550005360090658BF70470168C06C4A6822F40E
:10A560000022104348607047B0B582B00446002016
:10A57000C4F89000F9F72CFE216805460A68120716
:10A5800037D54FF4001100226FF07E400090204636
:10A590002B4600F0A1FE58B3206850E8000F216858
:10A5A00020F0800041E80002F2B1206850E8000F7E
:10A5B000216820F0800041E80002002A1FBF2068C7
:10A5C00050E8000F216820F080001CBF41E8000225
:10A5D000002A09D0206850E8000F216820F0800090
:10A5E00041E80002002AD7D12020C4F8880062E0A8
:10A5F00021680868400765D54FF4800100226FF09C
:10A600007E40009020462B4600F066FE002859D080
:10A61000206850E8000F216820F4907041E80002A3
:10A62000F2B1206850E8000F216820F4907041E8F2
:10A630000002002A1FBF206850E8000F216820F4A4
:10A6400090701CBF41E80002002A09D0206850E841
:10A65000000F216820F4907041E80002002AD7D151
:10A66000206850E8020F216820F0010041E8020252
:10A67000F2B1206850E8020F216820F0010041E8A3
:10A680000202002A1FBF206850E8020F216820F054
:10A6900001001CBF41E80202002A09D0206850E8EE
:10A6A000020F216820F0010041E80202002AD7D100
:10A6B0002020C4F88C000320002184F8841002B00C
:10A6C000B0BD00BF2020C4F88800C4F88C00002072
:10A6D000E0662067002184F8841002B0B0BD00005D
:10A6E000806BFDF7E1BC0000806B0268D0F8883019
:10A6F000D0F88CC09168090656D5212B54D1016839
:10A7000051E8001F026821F0C00142E80013FBB1CC
:10A71000016851E8001F026821F0C00142E80013FF
:10A72000002B1FBF016851E8001F026821F0C00123
:10A730001CBF42E80013002B0AD0016851E8001F3B
:10A74000026821F0C00142E80013002BD7D100BFFE
:10A75000016851E8021F026821F4000142E8021377
:10A76000F3B1016851E8021F026821F4000142E8D8
:10A770000213002B1FBF016851E8021F026821F479
:10A7800000011CBF42E80213002B09D0016851E808
:10A79000021F026821F4000142E80213002BD7D106
:10A7A0002021C0F8881002689168490640F189802C
:10A7B000BCF1220F40F08580016851E8001F02685B
:10A7C00021F4907142E80013F3B1016851E8001FD1
:10A7D000026821F4907142E80013002B1FBF01684A
:10A7E00051E8001F026821F490711CBF42E8001379
:10A7F000002B09D0016851E8001F026821F4907114
:10A8000042E80013002BD7D14FF6FE7CCEF6FF7C3A
:10A81000026852E8022F036802EA0C0243E80221B0
:10A82000F1B1016851E8021F026801EA0C0142E837
:10A830000213002B1FBF016851E8021F026801EAE2
:10A840000C011CBF42E80213002B09D0016851E83B
:10A85000021F026801EA0C0142E80213002BD7D163
:10A86000C16E012927D1016851E8001F026821F05B
:10A87000100142E80013F3B1016851E8001F0268BB
:10A8800021F0100142E80013002B1FBF016851E8BE
:10A89000001F026821F010011CBF42E80013002BCA
:10A8A00009D0016851E8001F026821F0100142E858
:10A8B0000013002BD7D12021C0F88C100021C166D5
:10A8C0004167D0F8901041F01001C0F89010FDF7EA
:10A8D000EBBB0000000000008446C069B0F5807F3B
:10A8E000DCF8380000F0AA800022A0F85E200268A0
:10A8F00052E8002F036822F4807243E80021F9B186
:10A90000016851E8001F026821F4807142E80013D9
:10A91000002B1FBF016851E8001F026821F48071FD
:10A920001CBF42E80013002B0AD0016851E8001F49
:10A93000026821F4807142E80013002BD7D100BFD8
:10A94000016851E8021F026821F0010142E8021388
:10A95000F3B1016851E8021F026821F0010142E8E9
:10A960000213002B1FBF016851E8021F026821F08B
:10A9700001011CBF42E80213002B09D0016851E815
:10A98000021F026821F0010142E80213002BD7D117
:10A99000016851E8021F026821F0400142E80213F9
:10A9A000F3B1016851E8021F026821F0400142E85A
:10A9B0000213002B1FBF016851E8021F026821F03B
:10A9C00040011CBF42E80213002B09D0016851E886
:10A9D000021F026821F0400142E80213002BD7D188
:10A9E0002021C0F88C10C16E012927D1016851E8DF
:10A9F000001F026821F0100142E80013F3B1016862
:10AA000051E8001F026821F0100142E80013002BFA
:10AA10001FBF016851E8001F026821F010011CBF30
:10AA200042E80013002B09D0016851E8001F0268BA
:10AA300021F0100142E80013002BD7D10022026759
:10AA4000C16E01291AD1A0F85E2040F20F42DCF855
:10AA50000010C4F20202914212DC6F22C4F2020220
:10AA6000914223DC3F22C4F2020291423ADC1022DE
:10AA7000C4F2020291425AD0282255E0FEF784B86F
:10AA800040F26F42C4F2020291421BDC40F23F42AC
:10AA9000C4F2020291422DDC40F21042C4F20202E2
:10AAA000914244D040F228423EE000BF9F22C4F2CF
:10AAB0000202914228DC7022C4F20202914236D096
:10AAC000882231E040F29F42C4F20202914223DC2C
:10AAD00040F27042C4F20202914228D040F2884211
:10AAE00022E000BF4022C4F2020291421FD058224D
:10AAF0001AE000BF40F24042C4F20202914216D076
:10AB000040F2584210E000BFA022C4F2020291427B
:10AB10000DD0B82208E000BF40F2B842C4F20202F1
:10AB2000914204D040F2A042C4F2020291424A682B
:10AB3000B0F85C1093B28B4238BFA0F85E20B0F83A
:10AB40005E20891A89B2FDF70FBA000000000000EC
:10AB50000146806B01220267C26E012A1CD1B0F847
:10AB60005C205308A0F85E3040F20F430968C4F23D
:10AB70000203994212DC6F23C4F20203994223DCE0
:10AB80003F23C4F2020399423ADC1023C4F20203C9
:10AB900099425AD0282355E0FEF702B840F26F439D
:10ABA000C4F2020399421BDC40F23F43C4F20203A9
:10ABB00099422DDC40F21043C4F20203994244D082
:10ABC00040F228433EE000BF9F23C4F202039942B3
:10ABD00028DC7023C4F20203994236D0882331E086
:10ABE00040F29F43C4F20203994223DC40F27043D7
:10ABF000C4F20203994228D040F2884322E000BF09
:10AC00004023C4F2020399421FD058231AE000BF28
:10AC100040F24043C4F20203994216D040F2584336
:10AC200010E000BFA023C4F2020399420DD0B82364
:10AC300008E000BF40F2B843C4F20203994204D0D6
:10AC400040F2A043C4F20203994249688BB2934296
:10AC500098BFA0F85E10B0F85E10511A89B2FDF7E7
:10AC600083B9000000000000C169806BB1F5807FEE
:10AC700002D1FEF70DB800BF0021A0F85610016800
:10AC800051E8021F026821F0800142E80213FBB183
:10AC9000016851E8021F026821F0800142E80213B6
:10ACA000002B1FBF016851E8021F026821F08001DC
:10ACB0001CBF42E80213002B0AD0016851E8021FB2
:10ACC000026821F0800142E80213002BD7D100BFB7
:10ACD000016851E8001F026841F0400142E800139A
:10ACE000F3B1016851E8001F026841F0400142E8F9
:10ACF0000013002B1FBF016851E8001F026841F0DC
:10AD000040011CBF42E80013002B09D0016851E844
:10AD1000001F026841F0400142E80013002BD7D128
:10AD20007047000000000000806BFDF7FDBF0000D1
:10AD300000F06ABE0000000010B540F2904440F2FE
:10AD40002451C2F20044C2F2004140222046FDF7E5
:10AD500027FE2068016841F01001016010BD00006D
:10AD600010B5027840F29C01C2F20041A2B140F25B
:10AD7000645C0130C2F2004C4C888B88013404F0D2
:10AD80007F049C421FBF4B880CF803204C8010F8B6
:10AD9000012B18BF002AEFD1EFF3108472B60878A8
:10ADA00010B184F3108810BD48888A88904209D277
:10ADB00080208A88904209D048888A88904209D9A0
:10ADC000488808E048888A889042F5D184F3108842
:10ADD00010BD00BF80208A8801230B70801AC880B4
:10ADE000898840F26452C2F20042114482B240F2B9
:10ADF0009040C2F20040FDF7DFFE84F3108810BDE2
:10AE0000F0B583B00446006846F6F31640F6004EEF
:10AE100022696569D4E902130A43E7690168CCF63F
:10AE2000FF762A4331401143C5F6000E39430160D5
:10AE30004168704521F4405144F2544C41EA030109
:10AE40004160A2694FF2FF431CBF216A0A43816837
:10AE5000C1F2FF131940C5F6020C1143816047F699
:10AE6000FF32C16AC4F2000221F00F01656A90420C
:10AE70004FF0800341EA0501C16219DD41F2FF7123
:10AE8000C4F2010188422DDC47F60041C4F2000102
:10AE9000884257D041F20001C4F20101884239D002
:10AEA00041F20041C4F20101884233D057E000BFB3
:10AEB00044F6FF31C4F20001884237DD44F6004118
:10AEC000C4F2000188423DD045F20001C4F2000105
:10AED000884237D047F60001C4F20001884231D0E1
:10AEE0003DE000BF41F60001C4F20101884211D0EB
:10AEF00041F60041C4F2010188420BD070452ED1C9
:10AF0000DCF8041001F00702062A80F081800FF2BD
:10AF1000BC3122E0DCF80010C1F3C202062A80F046
:10AF200077804CF26C71C0F6000116E044F20041EB
:10AF3000C4F20001884205D044F60001C4F20001C9
:10AF400088420CD1DCF8001001F00702062A80F0DC
:10AF50005F804CF26671C0F600018B181B7870455B
:10AF600040F60010C0F23D0000F05A80B7F5004FE7
:10AF700040F08480402B4FF0010100F29E81DFE819
:10AF800013F0410019019C019C011F019C019C01CF
:10AF90009C0127019C019C019C019C019C019C013E
:10AFA0009C012F019C019C019C019C019C019C0126
:10AFB0009C019C019C019C019C019C019C019C01A9
:10AFC0009C013F019C019C019C019C019C019C01F6
:10AFD0009C019C019C019C019C019C019C019C0189
:10AFE0009C019C019C019C019C019C019C019C0179
:10AFF0009C019C019C019C019C019C019C019C0169
:10B000009C013D01FAF7D4FC002840F0D680E5E031
:10B010008023704540F60010C0F23D007FF4A6AFDB
:10B020009A1E01211E2A00F27780DFE812F01F002D
:10B0300046017B0046014601460183004601460168
:10B04000460146014601460146018D004601460182
:10B0500046014601460146014601460146014601B8
:10B06000460146014601460146019A00F9F70CFAED
:10B07000002800F06680656A73E000BF402B4FF047
:10B08000010100F21A81DFE813F04100D900180134
:10B090001801DF00180118011801E7001801180154
:10B0A00018011801180118011801EF001801180102
:10B0B00018011801180118011801180118011801C8
:10B0C00018011801180118011801FF0018011801D2
:10B0D00018011801180118011801180118011801A8
:10B0E0001801180118011801180118011801180198
:10B0F0001801180118011801180118011801180188
:10B1000018011801180118011801FD00FAF750FC88
:10B11000002840F09680A5E0402B40F0CE804FF410
:10B1200000401EE06846F9F75FFA019800287FF4B6
:10B13000A2AF06E06846F9F7EFFA019800287FF41D
:10B140009AAF0021B9E000BF5CF8540C800649F2C8
:10B150000000C0F2D03004D55CF8541CC1F3C1012A
:10B16000C8404CF282716268C0F6000131F81510D7
:10B17000B0FBF1F002EB420188424FF00101C0F058
:10B180009C801303984200F29880010E0023000275
:10B1900010EB520041F10001F5F7B8F84FF60052FC
:10B1A000A0F54071C0F20F029142C0F080800121F1
:10B1B00083E000BFFAF72CFC80B1656A20E000BF95
:10B1C0006846F9F711FA01980028F6D106E000BFA9
:10B1D0006846F9F7A1FA01980028EED100216CE049
:10B1E0005CF8540C800649F20000C0F2D03007D55C
:10B1F0005CF8541CC1F3C101C84001E04FF40040A9
:10B200004CF28271C0F6000131F81510B0FBF1F07C
:10B2100061684A0802EB40004FF6EF72B0FBF1F0B4
:10B22000A0F11001914207D84FF6F0710140C0F330
:10B23000420008443BE000BF01213EE0FAF7E8FB92
:10B2400080B1656A20E000BF6846F9F7CDF9019842
:10B250000028F6D106E000BF6846F9F75DFA0198CC
:10B260000028EED1002128E05CF8540C800649F259
:10B270000000C0F2D03007D55CF8541CC1F3C10106
:10B28000C84001E04FF400404CF282716268C0F6A1
:10B29000000131F81510B0FBF1F000EB5200B0FBEB
:10B2A000F2F0A0F110014FF6EF72914204D821683C
:10B2B000C860002101E000BF01214FF00110A0662D
:10B2C0000020C4E91D00084603B0F0BD02040810C8
:10B2D00020400000000000002DE9F0418046006899
:10B2E0000D46C7693940491BB1FA81F149099142BC
:10B2F00025D1069C34B31646611C29D1C169294069
:10B30000491BB1FA81F14909B14218D1C1692940FB
:10B31000491BB1FA81F14909B14201BFC169294014
:10B32000491BB1FA81F104BF4909B14207D1C16992
:10B330002940491BB1FA81F14909B142DED0002010
:10B34000BDE8F081F8F744FF0320BDE8F08100BFBD
:10B350001F4607E0C0692840401BB0FA80F0400952
:10B36000B042ECD1F8F734FFC01BA04200F2B68027
:10B37000D8F8000001684907ECD5402D18BF802D92
:10B38000E8D0C169090700F1AD80C1690905E1D5BF
:10B390004FF400610162D8F8000050E8000FD8F8BF
:10B3A000001020F4907041E8000222B3D8F80000A9
:10B3B00050E8000FD8F8001020F4907041E8000227
:10B3C000002A1FBFD8F8000050E8000FD8F800107E
:10B3D00020F490701CBF41E80002002A0BD0D8F87E
:10B3E000000050E8000FD8F8001020F4907041E8F9
:10B3F0000002002ACFD14FF6FE70CEF6FF70D8F8CB
:10B40000001051E8021FD8F80020014042E8021362
:10B410000BB3D8F8001051E8021FD8F80020014003
:10B4200042E80213002B1FBFD8F8001051E8021F9A
:10B43000D8F8002001401CBF42E80213002B0AD0BC
:10B44000D8F8001051E8021FD8F80020014042E867
:10B450000213002BD3D1D8F86C0001282FD1D8F8D3
:10B46000000050E8000FD8F8001020F0100041E86C
:10B47000000222B3D8F8000050E8000FD8F80010FE
:10B4800020F0100041E80002002A1FBFD8F8000099
:10B4900050E8000FD8F8001020F010001CBF41E861
:10B4A0000002002A0BD0D8F8000050E8000FD8F8AE
:10B4B000001020F0100041E80002002ACFD1202027
:10B4C000C8F88C000021C8F86C10C8F87410C8F8CF
:10B4D0009000032088F88410BDE8F0810320BDE8C7
:10B4E000F08100BF08210162D8F8000050E8000F89
:10B4F000D8F8001020F4907041E8000222B3D8F888
:10B50000000050E8000FD8F8001020F4907041E8D7
:10B510000002002A1FBFD8F8000050E8000FD8F83A
:10B52000001020F490701CBF41E80002002A0BD0EC
:10B53000D8F8000050E8000FD8F8001020F4907000
:10B5400041E80002002ACFD14FF6FE70CEF6FF7020
:10B55000D8F8001051E8021FD8F80020014042E856
:10B5600002130BB3D8F8001051E8021FD8F80020DE
:10B57000014042E80213002B1FBFD8F8001051E829
:10B58000021FD8F8002001401CBF42E80213002B24
:10B590000AD0D8F8001051E8021FD8F80020014066
:10B5A00042E80213002BD3D1D8F86C0001282FD128
:10B5B000D8F8000050E8000FD8F8001020F0100074
:10B5C00041E8000222B3D8F8000050E8000FD8F894
:10B5D000001020F0100041E80002002A1FBFD8F838
:10B5E000000050E8000FD8F8001020F010001CBF39
:10B5F00041E80002002A0BD0D8F8000050E8000F04
:10B60000D8F8001020F0100041E80002002ACFD145
:10B610002020C8F88C000020C8F86C00C8F874001E
:10B620000821C8F8901088F884000120BDE8F08156
:10B6300080B540F29040C2F200400068C169C9067E
:10B6400003D510210162FFF773FB40F29040C2F274
:10B650000040BDE88040FCF72BBD0000000000006A
:10B66000FEE7000000000000B5EE001A9FED1E2A64
:10B67000A0EE021A9FED1E2ABDEEC10AB5EE401AD9
:10B68000F1EE10FA10EE100AB8BF013800EE100A01
:10B69000B8EEC00A31EE400A9FED141A20EE010AFE
:10B6A000BCEEC01A30EE022A11EE100A410A4CF22A
:10B6B000E87118BF002000FE020AC0F6000101EE8A
:10B6C000100A01EB800090ED012AB8EE411A30EE2D
:10B6D000410AB7EE001A31EE401A20EE020A90ED50
:10B6E000002AA1EE020A704783F9223E00000044BE
:10B6F000000000C4000000009FED1E1A20EE010AA9
:10B700009FED1E2ABDEEC01AB5EE400AF1EE10FA0A
:10B7100011EE100AB8BF013801EE100AB8EEC11AD6
:10B7200030EE410A9FED141A20EE010ABCEEC01A59
:10B7300030EE022A11EE100A410A4CF2E87118BFED
:10B74000002000FE020AC0F6000101EE100A01EB23
:10B75000800090ED012AB8EE411A30EE410AB7EEB2
:10B76000001A31EE401A20EE020A90ED002AA1EEF6
:10B77000020A704783F9223E00000044000000C422
:10B7800084B001200090F8F7C7FD0020019048F236
:10B790001F70029040F2011003906846F8F78CFD8C
:10B7A0000420F8F7C9FDF8F72BFDFEF7B9FBFDF70C
:10B7B0006BFCFDF745FCFDF737FDFDF725FEFDF7BA
:10B7C000EFFDFDF75DFEFDF78BFEFDF785FBFDF759
:10B7D000E7FBFDF709FFFDF7CFFCFDF7DDFE40F2CB
:10B7E00060309FED6C0AC2F20040DFED6B0AC16869
:10B7F000FEF7C6FAFEF7D4FA40F20C10C2F20000CF
:10B80000FBF712F840F2F830C2F20040FBF70CF8F8
:10B81000F5F742F8F4F794FFFDF7CAFAFDF788FA56
:10B82000F5F746FCFDF7E0FEFFF786FA5BA0FFF7B1
:10B8300097FAB2EE00BA9FED62CA9FED62DA40F26B
:10B8400024149FED618AF0EE4C0A9FED609AB0EEF1
:10B850004B0A9FED5FAAB0EE4D1AF0EE481AB0EE1B
:10B86000492AF0EE4A2AC2F2004404F13400FDF7FE
:10B870008FFFB0EE4B0AF0EE4C0AB0EE4D1AF0EE30
:10B88000481AB0EE492AF0EE4A2A40F25810C2F2A5
:10B890000000FDF77DFFB0EE4D1AF0EE481A9FED67
:10B8A0004D0A2046DFED4C0A9FED4C2ADFED4C2A75
:10B8B000FDF76EFFB2EE04BAF6EE0E0ABAEE042AF7
:10B8C00040F2A804B0EE481AC2F20044F0EE4B1A5F
:10B8D0009FED440A2046FDF797FF9FED43CAB0EE67
:10B8E000481A9FED42DAB0EE4C0AF0EE4D0AF0EE47
:10B8F000491AB0EE4A2A04F11800FDF785FFB0EEB0
:10B900004C0AF0EE4D0AB0EE481AF0EE491AB0EECD
:10B910004A2A04F13000FDF777FFF7EE000AB0EE97
:10B92000480A04F14800B0EE601AF0EE601AFEF723
:10B93000A7F8B3EE042AF1EE040AB0EE480AB0EE1E
:10B940004B1AF0EE4B1A04F16000F0EE422AFDF7BC
:10B950008FFEF1EE001AB0EE483A40F28C109FEDE7
:10B96000240AC2F20000DFED230A9FED231A9FEDA7
:10B97000232ADFED232AFEF7AFF840F21800F0EE9D
:10B98000480AC2F200409FED1F0A6830FDF750FAE6
:10B99000FEE700BF00809B4300409C465541525447
:10B9A00020444D4120776974682049444C452B4818
:10B9B000542F54432072656164790D0A0000000021
:10B9C00000A0DA440000000017B75138528E33430C
:10B9D000528E33C39FABAD3B14AE1740333333406D
:10B9E000333333C06666E63D71AB6D4300083146C4
:10B9F0005C8FBA405760483CADD19A3D00803B45D2
:10BA00000000964300007A4410B540F2702040F2E6
:10BA10000F41C2F20040C4F202010068884211DC0A
:10BA20006F21C4F20201884222DC3F21C4F20201EC
:10BA3000884239DC1021C4F20201884259D0282101
:10BA400054E000BF40F26F41C4F2020188421BDCA7
:10BA500040F23F41C4F2020188422DDC40F2104125
:10BA6000C4F20201884244D040F228413EE000BFC7
:10BA70009F21C4F20201884228DC7021C4F2020135
:10BA8000884236D0882131E040F29F41C4F2020161
:10BA9000884223DC40F27041C4F20201884228D07F
:10BAA00040F2884122E000BF4021C4F202018842F6
:10BAB0001FD058211AE000BF40F24041C4F20201F9
:10BAC000884216D040F2584110E000BFA021C4F2D5
:10BAD000020188420DD0B82108E000BF40F2B84111
:10BAE000C4F20201884204D040F2A041C4F2020133
:10BAF0008842D0F804E040F29C00C2F20040CEF14F
:10BB0000400C1FFA8CF2038999B28A4208BF10BD1B
:10BB100016D99E44CEF1000414F003042ED04189BE
:10BB2000012C418901F1010101F07F0141811BD10B
:10BB30000133AEF13D0189B2032945D324E000BFB2
:10BB40003F2900F28C80594211F00304194660D05D
:10BB50004189012C418901F1010101F07F014181FD
:10BB600036D1591C55E000BF4189022C418901F1B1
:10BB7000010101F07F01418136D10233AEF13D0177
:10BB800089B2032920D300BF418904339CB2418983
:10BB9000944201F1010101F07F0141814189418914
:10BBA00001F1010101F07F0141814189418901F1E8
:10BBB000010101F07F0141814189418901F10101C8
:10BBC00001F07F014181DFD3A0F808C010BD00BFA4
:10BBD0004189022C418901F1010101F07F0141817C
:10BBE00010D1991C15E000BF41890333418901310F
:10BBF00001F07F014181AEF13D0189B20329E3D318
:10BC0000C2E700BF41894189013101F07F014181D3
:10BC1000D91C3D3B9BB2032B21D300BF8CB243897F
:10BC200043893C2C01F1040103F1010303F07F037C
:10BC300043814389438903F1010303F07F03438177
:10BC40004389438903F1010303F07F03438143895F
:10BC5000438903F1010303F07F034381DED31FFA1D
:10BC60008EF14029B0D0012A98BF0122511E02F066
:10BC7000030E89B2032923D34FF6FC731A40002325
:10BC80004489043399B24489914204F1010404F0D7
:10BC90007F0444814489448904F1010404F07F0451
:10BCA00044814489448904F1010404F07F044481FF
:10BCB0004489448904F1010101F07F014181DFD110
:10BCC000BEF1000F3FF480AF4189BEF1010F418901
:10BCD00001F1010101F07F0141813FF475AF41891C
:10BCE000BEF1020F418901F1010101F07F014181A3
:10BCF0003FF46AAF41894189013101F07F014181FF
:10BD0000A0F808C010BD4100080218BF04200A0EA8
:10BD100018BF40F001004FF07F4232EA010108BF36
:10BD200040F00200012808BF0520704770B54FF0B1
:10BD300068422DED048BF0EE408A18EE900AB0EECA
:10BD4000608A18EE101A02EB4003B3F1654F3CBF56
:10BD500002EB4102B2F1654F7DD200BFC0F3C75381
:10BD6000C1F3C7529A1A1B2A09DD10F0004F14BF05
:10BD70009FED830A9FED830ABDEC048B70BD12F129
:10BD80001A0F36DA11F0004F09D010F0004F0CBF37
:10BD90009FED7D0A9FED7D0ABDEC048B70BD88EEA2
:10BDA000889A19EE100AFFF7AEFF042808BF00F0CA
:10BDB000E7FB18EE900AFFF7A6FF054618EE100AFB
:10BDC000FFF7A1FF044619EE100AFFF79CFF042DB0
:10BDD00018BF052D08D1042C18BF052C04D100284C
:10BDE00004BF022000F08EFCB0EE490ABDEC048BCB
:10BDF00070BD4200B2EB410F3AD910F0004F19BFAD
:10BE0000DFED630A9FED630ADFED630A9FED630ACE
:10BE1000B0EE481A0A46B1EE688A80F00041F0EEB2
:10BE2000418A10460A1A5200B2F1807F34D248404B
:10BE300010F0004FDFED5A1A9FED5A2A1DBFBEEEDB
:10BE4000001A70EEE10A30EE420AB6EE001A08BFA0
:10BE500070EEA10A00E040E008BF30EE020AB0EE4A
:10BE6000682A01EE482A08EE818AC2EE081A15E017
:10BE700011F0004F04BF9FED4C0AF0EE400AD1D004
:10BE800010F0004F19BFDFED490A9FED490ADFEDC1
:10BE9000490A9FED490AC5E7C8EE881A21EEA11AA2
:10BEA0009FED462ADFED462A41EE022A9FED452A04
:10BEB00001EE222ADFED442A41EE022A9FED432AB9
:10BEC000BDEC048B01EE222A21EE811A01EE020A5A
:10BED00030EE210A30EE200A70BD4FF07F42B2EB07
:10BEE000400F28BFB2EB410F09D2F0EE480AB0EE86
:10BEF000680ABDEC048BBDE8704000F02EBB40EA40
:10BF000001035B0008BF41F0FF410BD0B2EB400FD3
:10BF100008BFB2EB410F08D120F0804008EE900A34
:10BF200021F0804108EE101A18E7B2EB400F12BF63
:10BF30005FEA410340F0FF4001F000413FF40EAFE3
:10BF4000B2EB410F12BF5FEA400200F0004041F047
:10BF5000FF413FF403AF4A0092EA40033FF5FEAED3
:10BF6000002AACBF9FED1A0A9FED1A0A68EE808A7C
:10BF700028EE008A18EE900A18EE101AEEE600007D
:10BF8000DB0FC9BFDB0FC93FDB0F4940DB0F49C0E7
:10BF90000000C9BF22AAFDB90000C93F22AAFD398D
:10BFA0000060ED3EC30ACE3700000000000049C02B
:10BFB00022AA7DBA0000494022AA7D3A2DAD65BD76
:10BFC0008FB8D53D0FB511BE61C84C3EA8AAAABE18
:10BFD0000000804F0000802F10EE101A08B5444A70
:10BFE0006846B2EB410F28D94FF0E640B0EB410F65
:10BFF00094BF00204FF0FF3000900098002861DBD4
:10C0000060EE000A10F0010F45D010F0020FDFEDD6
:10C01000391A9FED391A00EEA11ADFED381A40EEF9
:10C02000811A21EEA01AF0EE400A40EE010A08BF84
:10C03000F1EE600AB0EE600A08BD314B21F000421B
:10C0400093423CD911F0004FDFED2E0A20EE201A6A
:10C05000DFED2D0A19BF31EE601A71EE200A31EEC4
:10C06000201A71EE600ABDEEE01A11EE100A9FED83
:10C07000271A00F0030000EEC10A9FED251A009078
:10C0800000EEC10A9FED231A00EEC10A9FED221AAD
:10C0900000EEC10AB1E79FED211A9FED210A10F0D1
:10C0A000020F00EE810A9FED1F1A00EE801AB7EE14
:10C0B000000A00EE810A18BFB1EE400A08BD00F088
:10C0C00067FA9AE710EE100A4000B0F17F4F3CBFCC
:10C0D000B7EE000A08BD07D14FF0010000F012FBD7
:10C0E000BDE8084000F03CBABDE8084000F032BAB4
:10C0F000B61F927E336D4CB9DA82083CA0AA2ABEE4
:10C10000490E494683F9223F0000004B0000C93F19
:10C1100000A0FD390020A2331A61342CB93AB2BA1A
:10C12000CA9F2A3DDDFFFFBE10B510EE104A4FF04A
:10C1300019406949002200EB44002DED028B884232
:10C1400057D8DFED660A14F0004F60EE200A14BFE6
:10C15000BEEE001AB6EE001A71EE200AFDEEE00AFD
:10C1600010EE900A00EE900AF8EEE00A9FED5C1ADD
:10C1700000EEC10A9FED5B1A00EEC10ADFED5A0A1C
:10C180009FED5A1A00EE201ADFED590A40EE010A1F
:10C190009FED581A584B00F0030100EE201A21EED3
:10C1A000000A7B4403EB8103D3ED000A534B7B442D
:10C1B00003EB810393ED001A514B41EE000A7B44DF
:10C1C00003EB8101801091ED000A70EE800AEABB5A
:10C1D00000EE100AB8EEC01ADFED4A1A9FED4A0AC7
:10C1E000BDEC028B01EE210ABCEEC00A20EE200A53
:10C1F00010BD4FF0FF40A0431DD04FF0CE40B0EB3C
:10C20000440F81BFF7EE000A30EE200ABDEC028B2E
:10C2100010BD3E48B0EB440F28BF012291D202204E
:10C2200000F070FA14F0004F15D0BDEC028BBDE8A1
:10C23000104000F0A5B914F5000F02BF9FED340ABD
:10C24000BDEC028B10BDBDEC028B00E009E0BDE847
:10C25000104000F07FB9BDEC028BBDE8104000F04B
:10C2600087B900EBD07359104FF07E5202EBC151E9
:10C2700000EE101AA0EB630002EBC05060EE200A43
:10C2800000EE100A20EE208A18EE100A88B118EE8F
:10C29000100AB0F1FF4F15D018EE100AFFF733FD6A
:10C2A000042808BF00F06CF9B0EE480ABDEC028B20
:10C2B00010BD022000F026FABDEC028BBDE8104054
:10C2C00000F05EB9022000F01DFABDEC028BBDE863
:10C2D000104000F04DB900000000501E3BAAB840CD
:10C2E0000070313EF4FD053712BB2A3D12BB2A3ED9
:10C2F000FFFFFF3EFFFF7F3F7A0500007E05000045
:10C300004E0500000000004B00007E4E0000A0859E
:10C310000000000010B52DED028BF0EE408A18EE03
:10C32000900AB0EE608A20F00040C0F1FF40C00FDC
:10C3300007D118EE100A20F00040C0F1FF40C00FF6
:10C340002BD018EE101A18EE900AF4F7A2F800EEAF
:10C35000100A10EE100A6FEAD05010F0FF0F04BF61
:10C36000BDEC028B10BD18EE900A00F0004110EEFB
:10C37000100A00F00040814204BFBDEC028B10BDEA
:10C3800018EE101A10EE100ABDEC028B61F31E00BD
:10C3900000EE900A30EE600A10BD18EE900A4FF0E1
:10C3A0007F41B1EB400F1CBF18EE100A5FEA40005E
:10C3B000C7D1012000F0A6F9BDEC028BBDE810400A
:10C3C00000F0CEB800B510EE101A2DED028B81B042
:10C3D000524A6846B2EB410F2ED94FF0E640B0EB1F
:10C3E000410F94BF00204FF0FF3000900098B0EE56
:10C3F000408A00286ADB10F0010F4BD068EE080A73
:10C400009FED471A9FED470A00EE810A9FED461AFD
:10C4100010F0020F00EE801AB7EE000A00EE810A5B
:10C4200002BF01B0BDEC028B00BD00BF01B0B1EE98
:10C43000400ABDEC028B00BD3C4B21F00042934210
:10C4400041D911F0004FDFED3A0A20EE201ADFED5E
:10C45000390A19BF31EE601A71EE200A31EE201A46
:10C4600071EE600ABDEEE01A11EE100A9FED321A6D
:10C4700000F0030000EEC10A9FED301A009000EEBC
:10C48000C10A9FED2F1A00EEC10A9FED2E1A00EE91
:10C49000C10AABE728EE080A9FED2B1ADFED2B0A45
:10C4A00010F0020F40EE010A9FED291A00EE201A4B
:10C4B00061EE000AB0EE480A08EE200AB6D101B0DB
:10C4C000BDEC028B00BD00F063F88FE718EE100A98
:10C4D0004000B0F17F4F0DD218EE100AFFF713FCA9
:10C4E000042808BF00F04CF8B0EE480A01B0BDECDB
:10C4F000028B00BD09D1012000F004F901B0BDECB0
:10C50000028B5DF804EB00F02BB801B0B0EE480AE6
:10C51000BDEC028B5DF804EB00F01CB8B61F927EF8
:10C52000B93AB2BACA9F2A3DDDFFFFBE490E49465D
:10C5300083F9223F0000004B0000C93F00A0FD39F5
:10C540000020A2331A61342C336D4CB9DA82083CD6
:10C55000A0AA2ABE30EE000A704730EE200A7047CB
:10C56000DFED020A80EEA00A704700000000000024
:10C570009FED020A20EE000A7047000000000070E4
:10C580009FED020A20EE000A704700000000001034
:10C590002DE9F0014FF07F42B2EB410F9FBF4FF00A
:10C5A000FF310160BDE8F00170474FF0004242EA00
:10C5B0000123C1F3C752783A551112F01F0C434CB6
:10C5C000CCF120067C44C1F3C752A2F178024FEAB5
:10C5D000621204EB820254F8254008BFD2E90156EA
:10C5E00012D0556804FA0CF425FA06F73C43976814
:10C5F00005FA0CF527FA06F8D26807FA0CFCF240A7
:10C6000045EA08054CEA0206A4FB034CA5FB0352CD
:10C61000A6FB03631D449D4234BF01260026131967
:10C62000334416B1934202D903E0934201D201226E
:10C6300000E00022624402F1200C9206DC0C42EA87
:10C64000443200EE102A5B03DFED210AF8EEC01A37
:10C6500000EE103A4FEA9C1C11F0004FB8EE400A71
:10C66000C0F800C020EE201A00EE105ADFED190AC3
:10C67000B8EE400A20EE200A71EE810A70EE800AC0
:10C6800010EE902A02F500626FF30B0200EE902A82
:10C6900070EEE11A31EEC11ADFED101A30EE411AD8
:10C6A0009FED0D0A20EE800A01EE210A9FED0C1A83
:10C6B00000EE810A04BFBDE8F0017047CCF1805163
:10C6C0000160BDE8F001B1EE400A7047780100005A
:10C6D000000000360000802C22AAFD29DB0FC92FA4
:10C6E0000000C92F02E008C8121F08C1002AFAD1B1
:10C6F00070477047002001E001C1121F002AFBD1E2
:10C7000070470000014908607047000000000020E9
:10C710000000803F0030983F0000B53F0040D73F09
:10C7200000000000320A7E397F661E395B991F398E
:10C730000000803FF037983FF304B53FFD44D73FFA
:10C74000000000006E83F9A22915444ED15727FC42
:10C75000C0DD34F5999562DB4190433CAB6351FEFB
:10C76000060405020103000408102040010408101B
:10C770002040000000000102030401020304060738
:10C780000809010002000400060008000A000C006D
:10C7900010002000400080000001000002000000A6
:10C7A000040000000800000010000000FDFFFFFF73
:10C7B000FBFFFFFFF7FFFFFFEFFFFFFF010101039B
:10C7C0000701000008040204080101010000000044
:10C7D00000000000920A863F920A0640DB0F4940A3
:10C7E000920A8640368DA74000000000920E493C18
:10C7F000B10AC93C2BC3163D2EFB483D752B7B3D32
:10C8000004A9963D80B6AF3D36BDC83D2FBCE13D85
:10C8100073B2FA3D87CF093E8340163EB5AB223E48
:10C82000A2102F3ECF6E3B3EC2C5473E0115543E7F
:10C83000135C603E7F9A6C3ECCCF783EC07D823EDA
:10C84000938E883E229A8E3E32A0943E86A09A3ED7
:10C85000E59AA03E128FA63ED47CAC3EEF63B23E7A
:10C860002A44B83E491DBE3E15EFC33E53B9C93EEA
:10C87000CA7BCF3E4136D53E80E8DA3E4F92E03E5D
:10C880007533E63EBBCBEB3EEA5AF13ECBE0F63EDB
:10C89000275DFC3EE4E7003F3D9C033F824B063FA3
:10C8A0009BF5083F6B9A0B3FDA390E3FCDD3103F13
:10C8B0002A68133FD9F6153FC07F183FC6021B3FB9
:10C8C000D17F1D3FCBF61F3F9967223F25D2243FE2
:10C8D0005636273F1594293F4AEB2B3FDE3B2E3F30
:10C8E000BB85303FC9C8323FF304353F233A373F59
:10C8F0004268393F3B8F3B3FF9AE3D3F67C73F3F03
:10C9000070D8413F01E2433F03E4453F65DE473FC6
:10C9100012D1493FF8BB4B3F029F4D3F207A4F3F1A
:10C920003D4D513F4918533F31DB543FE595563F4C
:10C930005348583F6AF2593F1A945B3F532D5D3F6D
:10C9400005BE5E3F2146603F97C5613F5A3C633F4D
:10C9500059AA643F880F663FD86B673F3CBF683F6A
:10C96000A7096A3F0C4B6B3F5E836C3F93B26D3FF0
:10C970009ED86E3F73F56F3F0809713F5213723FA7
:10C980004714733FDD0B743F0BFA743FC6DE753FEF
:10C9900007BA763FC58B773FF853783F9812793FB7
:10C9A0009DC7793F02737A3FBE147B3FCDAC7B3F7E
:10C9B000283B7C3FC9BF7C3FAC3A7D3FCCAB7D3F41
:10C9C00023137E3FB0707E3F6DC47E3F580E7F3F85
:10C9D0006D4E7F3FAB847F3F0FB17F3F97D37F3F4B
:10C9E00043EC7F3F11FB7F3F0000803F11FB7F3F07
:10C9F00043EC7F3F97D37F3F0FB17F3FAB847F3FB7
:10CA00006D4E7F3F580E7F3F6DC47E3FB0707E3FBE
:10CA100023137E3FCCAB7D3FAC3A7D3FC9BF7C3F0B
:10CA2000283B7C3FCDAC7B3FBE147B3F02737A3FFB
:10CA30009DC7793F9812793FF853783FC58B773F70
:10CA400007BA763FC6DE753F0BFA743FDD0B743FC5
:10CA50004714733F5213723F0809713F73F56F3FDC
:10CA60009ED86E3F93B26D3F5E836C3F0C4B6B3F25
:10CA7000A7096A3F3CBF683FD86B673F880F663F96
:10CA800059AA643F5A3C633F97C5613F2146603FC6
:10CA900005BE5E3F532D5D3F1A945B3F6AF2593FDE
:10CAA0005348583FE595563F31DB543F4918533FB3
:10CAB0003D4D513F207A4F3F029F4D3FF8BB4B3FCA
:10CAC00012D1493F65DE473F03E4453F01E2433F62
:10CAD00070D8413F67C73F3FF9AE3D3F3B8F3B3F7B
:10CAE0004268393F233A373FF304353FC9C8323FE4
:10CAF000BB85303FDE3B2E3F4AEB2B3F1594293F51
:10CB00005636273F25D2243F9967223FCBF61F3F59
:10CB1000D17F1D3FC6021B3FC07F183FD9F6153F8E
:10CB20002A68133FCDD3103FDA390E3F6B9A0B3F83
:10CB30009BF5083F824B063F3D9C033FE4E7003FE7
:10CB4000275DFC3ECBE0F63EEA5AF13EBBCBEB3E26
:10CB50007533E63E4F92E03E80E8DA3E4136D53E00
:10CB6000CA7BCF3E53B9C93E15EFC33E491DBE3EF9
:10CB70002A44B83EEF63B23ED47CAC3E128FA63E50
:10CB8000E59AA03E86A09A3E32A0943E229A8E3E1E
:10CB9000938E883EC07D823ECCCF783E7F9A6C3E9D
:10CBA000135C603E0115543EC2C5473ECF6E3B3E0E
:10CBB000A2102F3EB5AB223E8340163E87CF093EE2
:10CBC00073B2FA3D2FBCE13D36BDC83D80B6AF3DE6
:10CBD00004A9963D752B7B3D2EFB483D2BC3163D8E
:10CBE000B10AC93C920E493C00000000920E49BCBB
:10CBF000B10AC9BC2BC316BD2EFB48BD752B7BBD2E
:10CC000004A996BD80B6AFBD36BDC8BD2FBCE1BD81
:10CC100073B2FABD87CF09BE834016BEB5AB22BE44
:10CC2000A2102FBECF6E3BBEC2C547BE011554BE7B
:10CC3000135C60BE7F9A6CBECCCF78BEC07D82BED6
:10CC4000938E88BE229A8EBE32A094BE86A09ABED3
:10CC5000E59AA0BE128FA6BED47CACBEEF63B2BE76
:10CC60002A44B8BE491DBEBE15EFC3BE53B9C9BEE6
:10CC7000CA7BCFBE4136D5BE80E8DABE4F92E0BE59
:10CC80007533E6BEBBCBEBBEEA5AF1BECBE0F6BED7
:10CC9000275DFCBEE4E700BF3D9C03BF824B06BF9F
:10CCA0009BF508BF6B9A0BBFDA390EBFCDD310BF0F
:10CCB0002A6813BFD9F615BFC07F18BFC6021BBFB5
:10CCC000D17F1DBFCBF61FBF996722BF25D224BFDE
:10CCD000563627BF159429BF4AEB2BBFDE3B2EBF2C
:10CCE000BB8530BFC9C832BFF30435BF233A37BF55
:10CCF000426839BF3B8F3BBFF9AE3DBF67C73FBFFF
:10CD000070D841BF01E243BF03E445BF65DE47BFC2
:10CD100012D149BFF8BB4BBF029F4DBF207A4FBF16
:10CD20003D4D51BF491853BF31DB54BFE59556BF48
:10CD3000534858BF6AF259BF1A945BBF532D5DBF69
:10CD400005BE5EBF214660BF97C561BF5A3C63BF49
:10CD500059AA64BF880F66BFD86B67BF3CBF68BF66
:10CD6000A7096ABF0C4B6BBF5E836CBF93B26DBFEC
:10CD70009ED86EBF73F56FBF080971BF521372BFA3
:10CD8000471473BFDD0B74BF0BFA74BFC6DE75BFEB
:10CD900007BA76BFC58B77BFF85378BF981279BFB3
:10CDA0009DC779BF02737ABFBE147BBFCDAC7BBF7A
:10CDB000283B7CBFC9BF7CBFAC3A7DBFCCAB7DBF3D
:10CDC00023137EBFB0707EBF6DC47EBF580E7FBF81
:10CDD0006D4E7FBFAB847FBF0FB17FBF97D37FBF47
:10CDE00043EC7FBF11FB7FBF000080BF11FB7FBF03
:10CDF00043EC7FBF97D37FBF0FB17FBFAB847FBFB3
:10CE00006D4E7FBF580E7FBF6DC47EBFB0707EBFBA
:10CE100023137EBFCCAB7DBFAC3A7DBFC9BF7CBF07
:10CE2000283B7CBFCDAC7BBFBE147BBF02737ABFF7
:10CE30009DC779BF981279BFF85378BFC58B77BF6C
:10CE400007BA76BFC6DE75BF0BFA74BFDD0B74BFC1
:10CE5000471473BF521372BF080971BF73F56FBFD8
:10CE60009ED86EBF93B26DBF5E836CBF0C4B6BBF21
:10CE7000A7096ABF3CBF68BFD86B67BF880F66BF92
:10CE800059AA64BF5A3C63BF97C561BF214660BFC2
:10CE900005BE5EBF532D5DBF1A945BBF6AF259BFDA
:10CEA000534858BFE59556BF31DB54BF491853BFAF
:10CEB0003D4D51BF207A4FBF029F4DBFF8BB4BBFC6
:10CEC00012D149BF65DE47BF03E445BF01E243BF5E
:10CED00070D841BF67C73FBFF9AE3DBF3B8F3BBF77
:10CEE000426839BF233A37BFF30435BFC9C832BFE0
:10CEF000BB8530BFDE3B2EBF4AEB2BBF159429BF4D
:10CF0000563627BF25D224BF996722BFCBF61FBF55
:10CF1000D17F1DBFC6021BBFC07F18BFD9F615BF8A
:10CF20002A6813BFCDD310BFDA390EBF6B9A0BBF7F
:10CF30009BF508BF824B06BF3D9C03BFE4E700BFE3
:10CF4000275DFCBECBE0F6BEEA5AF1BEBBCBEBBE22
:10CF50007533E6BE4F92E0BE80E8DABE4136D5BEFC
:10CF6000CA7BCFBE53B9C9BE15EFC3BE491DBEBEF5
:10CF70002A44B8BEEF63B2BED47CACBE128FA6BE4C
:10CF8000E59AA0BE86A09ABE32A094BE229A8EBE1A
:10CF9000938E88BEC07D82BECCCF78BE7F9A6CBE99
:10CFA000135C60BE011554BEC2C547BECF6E3BBE0A
:10CFB000A2102FBEB5AB22BE834016BE87CF09BEDE
:10CFC00073B2FABD2FBCE1BD36BDC8BD80B6AFBDE2
:10CFD00004A996BD752B7BBD2EFB48BD2BC316BD8A
:10CFE000B10AC9BC920E49BC0000008030D00008D4
:10CFF0000000002008000000E4C6000838D0000847
:10D000000000002418000000E4C6000838D0000822
:10D0100008000020E0050000F4C6000850D0000819
:10D0200018000024CC050000F4C600080000000031
:10D03000000000000000C8420100000010000000D5
:10D040000090D0030090D00300809B4303000000B9
:04000005080002CD20
:00000001FF
